filename,0,1,2,3,4,5,6,7,8,9,10,11,12,13,14,15,16,17
Antarctica/1.antarctica-stabbing-1_600.jpg,0.14638622,0.010185161,0.030206377,0.029765802,0.19136256,0.048455276,0.05044623,0.054772854,0.021864159,0.015602522,0.030188689,0.058007117,0.054295078,0.044607084,0.060356073,0.056011017,0.021843726,0.07564407
Antarctica/10.Surprising-Science-Antarctica-Ice-Sheets.jpg,0.63885623,0.007535061,0.0021632847,0.009175342,0.021765955,0.0034972795,0.005412833,0.0010982682,0.009245401,0.0017040975,0.014904175,0.09687168,0.047716334,0.002484606,0.1215874,0.0064579686,0.0010176208,0.008506539
Antarctica/10.jpg,0.56867594,0.004949809,0.0011379794,0.008262303,0.065390244,0.0014822367,0.0031457855,0.00035243662,0.01663752,0.0019274382,0.027356265,0.083474316,0.01697069,0.001197289,0.18746658,0.005451778,0.00033462513,0.005786835
Antarctica/102.jpg,0.08174463,0.1019015,0.034539744,0.035475668,0.04066581,0.05355959,0.07326566,0.039294466,0.04779696,0.05892054,0.04328259,0.08956347,0.05394608,0.06597839,0.054102823,0.042467095,0.040917512,0.042577412
Antarctica/103.jpg,0.36518326,0.008502691,0.003752113,0.037218045,0.08958349,0.04350716,0.038055226,0.018342461,0.018148724,0.024234278,0.022386907,0.09540514,0.018692914,0.010012106,0.027892277,0.09622251,0.012508907,0.07035179
Antarctica/104.jpg,0.12481601,0.053589918,0.024068138,0.031140108,0.13115211,0.045050394,0.045214858,0.021082098,0.036264166,0.01904919,0.035100058,0.14331359,0.033609424,0.029379195,0.0834031,0.060689993,0.012289906,0.07078774
Antarctica/105.jpg,0.48368824,0.006753447,0.106689975,0.0033956745,0.059779577,0.011042554,0.008093431,0.016124044,0.08078379,0.041362498,0.023925312,0.009956856,0.07108645,0.013760889,0.007655741,0.040409744,0.0091093965,0.006382371
Antarctica/108.jpg,0.5085449,0.013895091,0.012761321,0.010200656,0.02736487,0.005775856,0.009502283,0.004341974,0.019755384,0.004407238,0.015174754,0.14893754,0.09083846,0.008219518,0.07792425,0.014410987,0.005319547,0.022625374
Antarctica/109.jpg,0.3804935,0.035016816,0.009745998,0.019272681,0.050459996,0.02102388,0.017258028,0.0031840543,0.017940966,0.008931204,0.022114377,0.12866616,0.06739799,0.01233648,0.10901663,0.061838385,0.008999924,0.026302919
Antarctica/11.AntarcticIceLossFasterOfCourse_600.jpg,0.102433264,0.0480484,0.06612137,0.018734315,0.024223745,0.03036629,0.15065345,0.050645586,0.008580201,0.08497465,0.014867692,0.039407417,0.071551375,0.0932249,0.016838385,0.0206068,0.13204634,0.026675848
Antarctica/11.jpg,0.45200163,0.0137429675,0.009387427,0.019786745,0.035614282,0.014911317,0.013136609,0.006944466,0.012384916,0.004527553,0.025850559,0.16548629,0.070173234,0.010790469,0.087730154,0.018623734,0.0071280226,0.031779617
Antarctica/110.jpeg,0.7473143,0.0104644885,0.004089802,0.0070997924,0.032089688,0.0070349714,0.007857491,0.0007696168,0.0034099794,0.003499521,0.00759082,0.034993485,0.0330882,0.0059604417,0.071206234,0.017188737,0.0016549582,0.004687602
Antarctica/111.jpg,0.9277647,6.414075e-05,0.0005148051,3.3973747e-06,0.03534858,3.6201047e-05,7.789531e-06,0.0009198058,0.013439333,0.008193603,0.00045036845,0.0024350325,0.0011588065,2.0416926e-06,5.340844e-05,0.009586416,4.5277015e-06,1.7068036e-05
Antarctica/112.jpg,0.16963825,0.016092904,0.002498541,0.028084332,0.006524053,0.013281878,0.05116881,0.0045908554,0.004159663,0.012988157,0.0062094606,0.022822045,0.4910865,0.010255087,0.08714825,0.010479151,0.04294344,0.020028653
Antarctica/113.jpg,0.58903974,0.012181453,0.01316719,0.020325184,0.077828325,0.036074627,0.015617815,0.0030753748,0.011390353,0.043546572,0.024051053,0.037358537,0.015535398,0.02359322,0.0136262225,0.049786262,0.005264157,0.008538412
Antarctica/114.jpg,0.5938632,0.018285653,0.010448493,0.0030793587,0.083433494,0.005959501,0.003281044,0.005149986,0.10259606,0.02588108,0.0028070386,0.009481091,0.02576228,0.0014659107,0.022296965,0.081295,0.001829769,0.0030840682
Antarctica/115.jpg,0.3598681,0.03288911,0.009292692,0.026289709,0.029343441,0.025957156,0.049160805,0.0057823434,0.012553774,0.020152854,0.010257067,0.050293952,0.146964,0.017101998,0.08950764,0.062108062,0.025046334,0.02743079
Antarctica/116.jpg,0.81759244,0.00093948236,0.006357835,0.000114942086,0.04766687,0.0008453305,0.00042180976,0.0014265736,0.026781593,0.008358336,0.0008954832,0.002711992,0.008045415,0.0001820108,0.0013526591,0.07574702,0.00024310946,0.0003172132
Antarctica/117.jpg,0.3954236,0.013429101,0.0058083134,0.024728267,0.030912178,0.016668662,0.040865403,0.00655836,0.0060220594,0.011851614,0.009529588,0.061908975,0.17076522,0.01117297,0.08843864,0.042856447,0.019321783,0.0437388
Antarctica/118.jpg,0.043552738,0.036909178,0.033949547,0.048057437,0.09950748,0.08861941,0.043920033,0.1522915,0.05637293,0.03921276,0.04715272,0.069371454,0.022220619,0.044365585,0.028871734,0.030701103,0.047753084,0.06717064
Antarctica/119.jpeg,0.56094444,0.010381175,0.02762571,0.014231779,0.05094633,0.039121833,0.021383392,0.005643353,0.008578788,0.03408652,0.04380707,0.03175991,0.031148955,0.050903928,0.023403909,0.027267411,0.010270342,0.0084950775
Antarctica/12.antarctica-fun-facts.jpg,0.09020157,0.044198535,0.03125416,0.048004437,0.060583804,0.06683056,0.07785542,0.04577802,0.030703774,0.070633896,0.040326804,0.061554693,0.041160956,0.061486546,0.02337246,0.06635684,0.077218935,0.062478818
Antarctica/12.jpg,0.35832423,0.0145315295,0.011183161,0.004269119,0.11984111,0.008843652,0.004502851,0.025035702,0.06035935,0.03973494,0.0062284577,0.020449562,0.02165406,0.0013988947,0.018859558,0.2748566,0.0038771788,0.0060500903
Antarctica/120.jpg,0.071722165,0.075248264,0.027476396,0.056753695,0.06955076,0.07710158,0.06573252,0.032486506,0.04938523,0.055015918,0.062250197,0.08565823,0.02732628,0.059073005,0.032868113,0.06865621,0.035552748,0.048142206
Antarctica/122.jpg,0.48836997,0.002610217,0.0026176532,0.031918418,0.069800116,0.011942782,0.0063367602,0.0025897287,0.017098447,0.0020274145,0.11550472,0.11422377,0.038622,0.0046517085,0.071087964,0.008362091,0.0031947244,0.009041539
Antarctica/124.jpg,0.569359,0.0021134338,0.002259345,0.023179235,0.028687848,0.0060860827,0.0044281585,0.0034038643,0.007951978,0.00092175836,0.040328592,0.18954995,0.04477815,0.0035441979,0.050232243,0.004187326,0.0019347961,0.017053954
Antarctica/125.jpg,0.25719678,0.019040873,0.15212943,0.008093978,0.031280935,0.016824186,0.01964551,0.014155475,0.10882585,0.034740254,0.06848409,0.0206204,0.16625968,0.03127188,0.010695612,0.007803134,0.02071517,0.012216758
Antarctica/126.jpg,0.20095137,0.03226308,0.02319929,0.05106742,0.097150534,0.029533198,0.05823009,0.022643408,0.023528952,0.04063261,0.03484665,0.054282174,0.05408414,0.02623517,0.07327161,0.10180798,0.031002572,0.045269832
Antarctica/127.jpg,0.32052347,0.058489908,0.004257811,0.005911811,0.005444634,0.015037976,0.048894655,0.007066418,0.0050826967,0.03402963,0.0012421444,0.0060486826,0.2787497,0.010138219,0.12830429,0.03026468,0.035493787,0.005019516
Antarctica/13.jpg,0.1588231,0.05667556,0.013148489,0.06776602,0.061608523,0.05288006,0.14243823,0.021736901,0.0148811415,0.043269802,0.022549968,0.058075063,0.040610246,0.04969126,0.041737914,0.057928678,0.055548396,0.04063067
Antarctica/13.things-to-do-in-antarctica-header.jpg,0.15939112,0.03487379,0.055611633,0.027157119,0.034072816,0.05388107,0.09569642,0.021883849,0.027409526,0.03793914,0.050902776,0.03732212,0.15612029,0.06161584,0.04258958,0.024253597,0.041648306,0.037631027
Antarctica/130.jpg,0.16930489,0.11297056,0.082809135,0.027408637,0.03369168,0.03217682,0.08216696,0.030108055,0.008485828,0.078352496,0.010311397,0.06103451,0.04227325,0.053396042,0.053097047,0.035631496,0.05437134,0.03240991
Antarctica/131.jpg,0.6079943,0.012232161,0.0030496349,0.008647471,0.043763414,0.0025903943,0.006753495,0.0016449986,0.0107195955,0.0015676714,0.009278801,0.111235976,0.027959423,0.0019899425,0.13043416,0.009336797,0.00084525754,0.009956695
Antarctica/133.jpg,0.3920238,0.007882576,0.0031512436,0.055976007,0.03340832,0.044399563,0.023799596,0.013177155,0.019840878,0.019854607,0.020540165,0.0671154,0.13183562,0.014114311,0.03698068,0.048793014,0.03404634,0.033060815
Antarctica/135.jpg,0.29249164,0.02347209,0.011301438,0.03287802,0.053065047,0.045022614,0.07919026,0.014059517,0.014628327,0.031045495,0.017224263,0.05832625,0.07296174,0.029823108,0.050510142,0.0963215,0.032484986,0.04519352
Antarctica/137.jpg,0.056848556,0.06156668,0.05962572,0.04908148,0.05755175,0.071237795,0.083981566,0.044681672,0.0497073,0.04803629,0.048384737,0.06117011,0.032610737,0.048352506,0.043761753,0.056338362,0.06309529,0.06396765
Antarctica/138.jpg,0.6797744,0.023593448,0.008162109,0.010929038,0.0485931,0.0093188435,0.0071592745,0.0009285049,0.0081264125,0.031275153,0.008008241,0.030156069,0.027142223,0.0094255945,0.060011536,0.02985943,0.0033746236,0.004162056
Antarctica/14.antarctica_x400_31.jpg,0.32552478,0.02239704,0.004871583,0.004488991,0.2673616,0.0018029705,0.0013922759,0.002255558,0.13555214,0.07667177,0.012294667,0.022950634,0.012500112,0.0013023275,0.080162704,0.026646376,0.0005561764,0.0012683426
Antarctica/14.jpg,0.14306663,0.015922757,0.014039653,0.06995968,0.0627203,0.05187778,0.02563844,0.024310363,0.033199266,0.01668508,0.14141059,0.11860816,0.069792435,0.03121936,0.09374483,0.023690246,0.029491859,0.034622688
Antarctica/140.jpg,0.5699567,0.0039840494,0.0010229812,0.007972463,0.013652069,0.0018961475,0.003315985,0.0006801412,0.0075693405,0.00073645025,0.011558621,0.12686011,0.110006034,0.0023102164,0.12935898,0.0019460756,0.0010697921,0.006103856
Antarctica/141.jpg,0.035302434,0.007468677,0.007505513,0.050879743,0.32161677,0.03549433,0.014686608,0.04547203,0.030753693,0.024136618,0.019650029,0.029354624,0.008562284,0.0032607669,0.04091687,0.10908984,0.002684336,0.21316484
Antarctica/142.jpg,0.18305743,0.0022181645,0.001167714,0.0050563416,0.0020518268,0.00608516,0.009966223,0.0033094555,0.0029764057,0.0027837423,0.0070337765,0.048779987,0.6604072,0.0117038805,0.027700491,0.0009875903,0.014207136,0.010507442
Antarctica/143.jpg,0.6809856,0.010922961,0.0044852924,0.009282325,0.05611169,0.01542724,0.01140774,0.0012930571,0.008106888,0.008526477,0.0042687147,0.016339073,0.03292414,0.0051380796,0.03627693,0.0884371,0.0030839609,0.0069827945
Antarctica/144.jpg,0.24247627,0.021517899,0.009121199,0.01815829,0.015391905,0.025371986,0.018959017,0.011267952,0.014130839,0.0079559935,0.02537948,0.14873266,0.24873622,0.026172513,0.10148462,0.01071826,0.015202993,0.039221935
Antarctica/145.jpg,0.47987416,0.0046680323,0.00019233444,0.00026810303,0.2635393,0.0001169584,5.421463e-05,0.0011128467,0.049861304,0.009401821,0.00014505502,0.005854552,0.0017872276,4.076021e-06,0.011877545,0.17109585,2.9409635e-05,0.00011718091
Antarctica/147.jpg,0.60531265,0.0003166679,0.00018489402,4.8564093e-06,0.31000388,2.6173977e-05,4.1512576e-06,0.00039768685,0.0027090004,0.0032809353,0.00013789882,0.002863663,0.00087049004,9.955012e-07,0.0005640458,0.07331268,4.3631535e-06,5.0089297e-06
Antarctica/148.jpg,0.46644357,0.008326598,0.002048131,0.009616299,0.009383599,0.005657202,0.010457674,0.0015886615,0.0063190027,0.0031433308,0.012225799,0.097391225,0.22220889,0.0071199615,0.11553905,0.004543063,0.0045382287,0.013449707
Antarctica/149.jpg,0.4262913,0.036780298,0.016097033,0.016881153,0.073952034,0.017586235,0.020738192,0.005332586,0.023084143,0.015195028,0.01729387,0.084973544,0.03780471,0.00788695,0.10028678,0.062006544,0.0040724585,0.033737164
Antarctica/15.db-316-antarctica-085-229.2e16d0ba.fill-1200x600-c100.jpg,0.20986618,0.025184637,0.010591521,0.014414855,0.04123843,0.030680621,0.082767196,0.038128626,0.021115705,0.04614139,0.011208137,0.07850095,0.02561925,0.013081832,0.050900348,0.07955555,0.010880756,0.21012402
Antarctica/150.jpg,0.41446373,0.035502028,0.027219664,0.02299561,0.027166177,0.038384832,0.04996477,0.007936865,0.007933553,0.054511648,0.01991981,0.04289258,0.0666603,0.048494082,0.052168723,0.04336941,0.028073937,0.012342287
Antarctica/152.jpg,0.44046223,0.053489804,0.12236785,0.006257586,0.01635183,0.015981639,0.012227596,0.0054657976,0.006182348,0.15109532,0.0044074818,0.024835018,0.022425342,0.040581133,0.01649896,0.036225267,0.020524567,0.0046204594
Antarctica/153.jpg,0.04382127,0.018875532,0.011525055,0.030651163,0.44760096,0.01718525,0.020218106,0.048823114,0.021220159,0.02342873,0.014009999,0.0318253,0.009818914,0.003952065,0.0759263,0.10594134,0.005215888,0.06996083
Antarctica/154.jpg,0.9216139,0.00033432624,0.0043941895,0.00017370356,0.024687527,0.0008566014,0.00082455226,0.0014326405,0.020801386,0.0032133465,0.002936284,0.0015751248,0.0059981304,0.00030432272,0.0014834505,0.008672127,9.0075584e-05,0.0006085874
Antarctica/155.jpeg,0.6629458,0.008572666,0.049776327,0.0011305866,0.0131528815,0.0057890913,0.015754169,0.0052731647,0.017580306,0.015958652,0.0071211522,0.0029740084,0.15047571,0.01544156,0.009673386,0.0071317307,0.009463271,0.0017854492
Antarctica/156.jpg,0.12267604,0.003603305,0.0015338755,0.010749832,0.24173309,0.013251863,0.031765208,0.02904843,0.024627116,0.015871765,0.009821803,0.041642454,0.008267728,0.0018658453,0.112154506,0.17199902,0.0012319924,0.15815616
Antarctica/157.jpg,0.097360015,0.053774927,0.03610144,0.04917368,0.04346267,0.06251047,0.053964615,0.028117642,0.055951066,0.08698775,0.058439363,0.05108871,0.04677627,0.05133388,0.040715616,0.09622447,0.054333743,0.03368378
Antarctica/158.jpg,0.5965615,0.008493682,0.005761428,0.015403484,0.037552368,0.012975692,0.010018915,0.0016023987,0.008496944,0.009342762,0.024007495,0.08030139,0.056834612,0.011972559,0.08541701,0.019772042,0.0044652317,0.011020349
Antarctica/159.jpg,0.346905,0.01356423,0.004437913,0.017495275,0.0098182,0.016871952,0.018607644,0.0056447866,0.0073670214,0.007695223,0.014190545,0.089204974,0.28593922,0.01565383,0.092712834,0.012680132,0.015366764,0.025844425
Antarctica/16.GettyImages-606351845-7730733.jpg,0.64743906,0.009743289,0.0051630894,0.014422036,0.038641598,0.009055051,0.0071036844,0.0025446515,0.0154074505,0.0033929057,0.026998624,0.07158816,0.03627886,0.0038623754,0.08269949,0.013573231,0.0018726168,0.010213621
Antarctica/16.jpg,0.14133157,0.00654907,0.01621944,0.0033975802,0.51421696,0.0063230824,0.0035318143,0.020265961,0.03372962,0.010690943,0.0029461205,0.011367319,0.007768233,0.0009807751,0.018459203,0.18986991,0.0014527481,0.010899612
Antarctica/160.jpg,0.05187467,0.090954326,0.03809972,0.0419079,0.07833938,0.07660183,0.069982454,0.03901558,0.04997193,0.04004011,0.04554218,0.074324526,0.03654067,0.07069162,0.03992347,0.056665305,0.054321278,0.04520309
Antarctica/162.jpg,0.3185691,0.019853648,0.23238608,0.0030666785,0.058163907,0.009259835,0.0072694984,0.024011068,0.09600232,0.0531219,0.025708918,0.021613333,0.08305599,0.009823995,0.005314254,0.013427589,0.011680963,0.0076710265
Antarctica/163.jpg,0.057716697,0.042300623,0.044789456,0.06389465,0.09980079,0.047262505,0.038951688,0.044150878,0.07049055,0.031121306,0.05909796,0.06479629,0.04294839,0.027396863,0.0829763,0.05723657,0.058823578,0.06624495
Antarctica/164.jpg,0.49735567,0.010184997,0.002919643,0.043274745,0.026986612,0.029080642,0.029054169,0.0064333607,0.015437054,0.014496955,0.015446354,0.05370584,0.07321578,0.0069707376,0.05329057,0.07836281,0.015952343,0.027831653
Antarctica/166.jpg,0.61218685,0.014763223,0.003349675,0.01171125,0.01998016,0.008406266,0.011158791,0.0005322656,0.0067902254,0.029055892,0.015009846,0.023626214,0.10944081,0.013765738,0.10175045,0.009536118,0.006000358,0.0029358552
Antarctica/168.jpg,0.21146452,0.0412949,0.02584976,0.037333425,0.057182167,0.052634005,0.03945761,0.03690539,0.03474782,0.029700637,0.03274821,0.11417503,0.04025366,0.037568692,0.045808814,0.06874616,0.041162536,0.052966718
Antarctica/17.jpg,0.20959124,0.053001042,0.039128195,0.02487341,0.021414014,0.034669805,0.03235172,0.015554316,0.0518453,0.08595313,0.038864285,0.065587126,0.08356363,0.0374496,0.047872193,0.085526526,0.042034496,0.030719956
Antarctica/17.large_4iuCynIQpFSDYSowt5OAmCvhpmVCExhyBOOi-ob_FSo.jpg,0.3846118,0.0063221552,0.0039422926,0.016707163,0.08435616,0.0067990217,0.008316844,0.004278686,0.018575734,0.0030112555,0.042339753,0.18521534,0.0558914,0.006760087,0.13371746,0.0073897424,0.002632835,0.029132245
Antarctica/170.jpg,0.24922548,0.07992597,0.037465375,0.025607975,0.020405667,0.014151413,0.028168866,0.008870558,0.033324644,0.042557526,0.023256492,0.0969554,0.1093344,0.026768466,0.093685485,0.04623813,0.024738647,0.03931954
Antarctica/171.jpg,0.19615534,0.023441281,0.014127622,0.019436026,0.019624954,0.039051395,0.07816895,0.03376519,0.023351913,0.13300274,0.012607121,0.03445504,0.075956136,0.038522262,0.020398824,0.084538236,0.07751259,0.07588439
Antarctica/172.jpg,0.3322851,0.0029191568,0.0040137605,0.0107017,0.0047105844,0.014096725,0.021597572,0.013728736,0.0063988375,0.0065810974,0.016449923,0.0895031,0.36203948,0.01927495,0.02836254,0.0032269594,0.026081052,0.038028624
Antarctica/173.jpg,0.10306165,0.03732483,0.3631022,0.019256797,0.11603655,0.012353197,0.018795736,0.01765115,0.031330045,0.054812267,0.025451252,0.045193303,0.027840335,0.014686991,0.043360997,0.027019238,0.019815344,0.02290815
Antarctica/175.jpg,0.33823714,0.06984115,0.0038454738,0.010462102,0.07921178,0.0045568245,0.0064921305,0.006994077,0.035214,0.0056557013,0.008544057,0.16725746,0.029597748,0.00152107,0.20092416,0.01978653,0.0011530449,0.01070562
Antarctica/176.jpg,0.5571851,0.006906561,0.002711187,0.006005428,0.01162622,0.0059652226,0.01377293,0.0018795136,0.0042938814,0.0032058712,0.006153001,0.07170844,0.18207185,0.0070981877,0.09249367,0.008420391,0.0050072395,0.01349522
Antarctica/177.jpeg,0.40644515,0.015330696,0.004387994,0.009164336,0.013025627,0.008547345,0.011900228,0.0032840602,0.007546579,0.004112285,0.015067124,0.19198877,0.11947606,0.009750354,0.13484052,0.0073233633,0.004833715,0.032975867
Antarctica/178.jpg,0.13917851,0.016849205,0.0025448836,0.045881454,0.008417111,0.07812741,0.102410614,0.012686813,0.015261262,0.07134422,0.0087749185,0.010595629,0.12561518,0.019290563,0.022007521,0.08690701,0.21644801,0.017659772
Antarctica/179.jpg,0.044473983,0.00060820347,9.40172e-05,0.0057372036,0.00035399187,0.0020574483,0.006320493,0.0003126754,0.0014523192,0.002562248,0.004394127,0.0042431513,0.886918,0.0038151923,0.015071379,0.00031726967,0.02039208,0.00087625196
Antarctica/18.0.84880400_1551251156_67.jpg,0.30500472,0.005237581,0.002769695,0.018269086,0.015647158,0.05654445,0.1728846,0.033076182,0.0031257016,0.030093906,0.0072141206,0.012844494,0.08135423,0.05397091,0.010081587,0.04881709,0.0997306,0.043333985
Antarctica/18.jpg,0.7406892,0.0033820416,0.019058703,0.0010933243,0.039299514,0.003456717,0.0026459247,0.00903221,0.071040876,0.02127311,0.009967495,0.008947979,0.03240604,0.0013299711,0.003924485,0.028616697,0.0015976983,0.002237859
Antarctica/180.jpg,0.10269667,0.027226709,0.021479128,0.045377444,0.034275416,0.07918851,0.07991332,0.046153396,0.022988902,0.07161627,0.033731986,0.039293274,0.079802565,0.043082025,0.024687603,0.060843285,0.1268292,0.0608142
Antarctica/182.jpg,0.3193096,0.00457196,0.0028946977,0.038941737,0.0901425,0.05282161,0.058131825,0.040280912,0.012930255,0.018260038,0.019977076,0.082972504,0.018735845,0.012884453,0.021334097,0.07783102,0.013774505,0.11420528
Antarctica/184.jpg,0.29057947,0.0015860024,0.0021120033,0.09552177,0.03195893,0.047467235,0.014657972,0.026205236,0.012317567,0.00572913,0.09397645,0.15997858,0.09514756,0.01883117,0.023505026,0.009334285,0.02553752,0.04555414
Antarctica/185.jpg,0.3881978,0.034338795,0.006682167,0.010121101,0.028888421,0.0071598855,0.036894813,0.0018158929,0.0021415513,0.0071131545,0.0070873476,0.08402964,0.0650594,0.011660576,0.2800639,0.00616428,0.0039695306,0.018611725
Antarctica/188.jpg,0.8300835,0.008279164,0.0044472073,0.0013565546,0.0038073095,0.00082818686,0.0030498065,0.0004912335,0.006458586,0.0024168119,0.002955658,0.051641043,0.042763337,0.001417788,0.028707497,0.0059272377,0.0008333041,0.004535818
Antarctica/189.jpg,0.72213686,0.0058189044,0.0009873438,0.0019510351,0.040607765,0.00079393096,0.0023239541,0.0011013303,0.01421947,0.0009944388,0.0029872966,0.078001566,0.016682262,0.00040740057,0.10022173,0.0061869505,0.0002421074,0.004335547
Antarctica/19.antarctica-eight-incredible-whales.jpg,0.30761313,0.004454874,0.006268563,0.038640827,0.023476688,0.034774385,0.014781223,0.019631967,0.011660527,0.006013171,0.0833336,0.19413689,0.10761874,0.018895017,0.053168982,0.0071231397,0.011289314,0.057118874
Antarctica/190.jpg,0.07599016,0.039502654,0.020554198,0.043935027,0.08678086,0.08139919,0.091850586,0.06824362,0.02989521,0.047449082,0.048143014,0.07336477,0.026979024,0.07508522,0.030526945,0.056656606,0.04218845,0.061455335
Antarctica/194.jpg,0.28658858,0.044777423,0.0010892353,0.0075622723,0.15402651,0.00391852,0.0032017156,0.0028282877,0.07108817,0.028488884,0.0038274776,0.024686886,0.024317307,0.0006595319,0.2587708,0.08048214,0.001074541,0.002611689
Antarctica/195.jpg,0.45322236,0.008733927,0.012027602,0.010382504,0.31337157,0.017351935,0.0071136365,0.0025918796,0.012366446,0.011543476,0.0058659273,0.021893328,0.005587688,0.0061534215,0.012161273,0.08710234,0.0012688292,0.011261855
Antarctica/196.jpg,0.21966533,0.024367383,0.06756298,0.025627483,0.058269423,0.061033845,0.08226398,0.012186382,0.008321844,0.078673944,0.06397665,0.028827235,0.057678666,0.08885236,0.04893715,0.023951124,0.037041683,0.012762455
Antarctica/198.jpg,0.3624478,0.006575715,0.0062408634,0.045938537,0.029669357,0.018709332,0.009568174,0.009779891,0.016135566,0.003594348,0.06963224,0.20178372,0.0926125,0.012927137,0.06945942,0.008165184,0.009188584,0.027571416
Antarctica/2.GettyImages-1007206866-ef4f1ee.jpg,0.21883422,0.029235978,0.010791548,0.028347556,0.036678586,0.032675482,0.030587649,0.036045253,0.05352137,0.024446243,0.011176276,0.033894114,0.1938678,0.0198292,0.11323641,0.05102798,0.053549632,0.022254623
Antarctica/2.jpg,0.0314772,0.06362188,0.047054514,0.038494542,0.058375444,0.074990764,0.04862506,0.09923524,0.13197483,0.068774104,0.019548401,0.036767043,0.022782557,0.013251673,0.026049325,0.07556593,0.024713524,0.11869798
Antarctica/20.antarctica.jpg,0.37476885,0.008545335,0.23223402,0.002775999,0.09137651,0.0039580516,0.007906636,0.030478539,0.064499035,0.042974774,0.017380504,0.004495039,0.07979679,0.0054879594,0.0025717905,0.017292336,0.011808561,0.0016492911
Antarctica/20.jpg,0.07969098,0.04094679,0.040204257,0.046151534,0.04821155,0.06510583,0.080558605,0.05571064,0.036841094,0.07239886,0.03318654,0.04618394,0.05293493,0.04778949,0.028628794,0.06631106,0.09498016,0.064164996
Antarctica/200.jpg,0.09367152,0.037966847,0.062476747,0.018133871,0.027968366,0.040317718,0.06431595,0.03177905,0.04041556,0.023263441,0.04028664,0.020612715,0.30115125,0.064928845,0.029904569,0.013402896,0.07138443,0.018019622
Antarctica/203.jpg,0.43525586,0.008156828,0.0009905167,0.010294385,0.14856951,0.00074913516,0.0029391735,0.00024122983,0.015627224,0.0011691838,0.010929678,0.07679578,0.00926286,0.0006221358,0.26204035,0.010852715,0.00020899651,0.0052944547
Antarctica/204.jpg,0.36432448,0.013180762,0.00073500694,0.015007127,0.017305853,0.0076354034,0.009828715,0.00055203727,0.009185787,0.00679514,0.005164712,0.025297452,0.21472158,0.0027980544,0.25567675,0.040958203,0.0039810264,0.0068520308
Antarctica/206.jpg,0.48749918,0.025195573,0.01359574,0.0029448578,0.047819685,0.024475407,0.023022087,0.013525488,0.044504736,0.02746261,0.008595312,0.0092807235,0.135134,0.010156359,0.045114387,0.06186765,0.008914726,0.01089145
Antarctica/207.jpg,0.7056397,0.0054278774,0.0014785157,0.0013327452,0.0046223123,0.00074421556,0.0022546328,0.00034727404,0.0039493474,0.0010615387,0.0035299282,0.11556839,0.060538724,0.0014928202,0.08403809,0.0021584614,0.0005743036,0.0052410243
Antarctica/209.jpg,0.28320524,0.004256002,0.0073328395,0.024630891,0.019720117,0.032888163,0.03097139,0.0331488,0.015497904,0.014228766,0.024477817,0.10719201,0.20215283,0.035710026,0.024000121,0.013265709,0.07360331,0.05371799
Antarctica/21.826-antarctica-ice-sea-level_600.jpg,0.12645921,0.007729178,0.0046161497,0.006491749,0.57345736,0.0102225635,0.013025603,0.0036057467,0.0030552964,0.0018078664,0.0017526174,0.010936591,0.004974682,0.0029231193,0.101853594,0.10705117,0.0007847473,0.019252764
Antarctica/21.jpg,0.17175804,0.0027062648,0.0010989081,0.0009574674,0.6204528,0.0011090098,0.0004804825,0.002919154,0.01690843,0.00436633,0.001158339,0.006514315,0.0014214005,7.632587e-05,0.01552438,0.15081432,8.300374e-05,0.0016510611
Antarctica/211.jpg,0.6659469,0.009610041,0.006061185,0.011231859,0.11891824,0.011755484,0.0077203317,0.0012869661,0.006121268,0.0046903295,0.0072763846,0.033379726,0.014549828,0.0060312506,0.040509813,0.04583583,0.001631356,0.0074432124
Antarctica/212.jpg,0.53604347,0.0007586865,0.0005422178,0.00012188958,0.13417865,0.0004663426,7.859913e-05,0.0025548118,0.020581398,0.012097391,0.00034288887,0.003778229,0.001180397,1.1783006e-05,0.0015252561,0.2854508,3.0028617e-05,0.00025713976
Antarctica/213.jpg,0.18209141,0.027736451,0.005758708,0.03990619,0.026091207,0.014926891,0.014742895,0.0050619873,0.0510604,0.012972858,0.022758594,0.07305388,0.2227742,0.0097103715,0.23669238,0.01908238,0.016589988,0.018989235
Antarctica/214.jpg,0.4143547,0.018006554,0.006939492,0.014600713,0.041074425,0.015135311,0.08853068,0.03348074,0.039856825,0.044151153,0.011399589,0.019637711,0.010949675,0.00465078,0.044445768,0.15234874,0.0067124916,0.033724718
Antarctica/219.jpg,0.3171611,0.0018441466,0.0062631476,0.01665861,0.022807997,0.041276418,0.021059873,0.03065399,0.011246412,0.008911772,0.040556848,0.14273316,0.17879371,0.030748306,0.031189995,0.008711834,0.026254052,0.06312851
Antarctica/22.CROP-Antarctica-waterfall.jpg,0.42903772,0.02161187,0.003046447,0.01785248,0.019772135,0.010512998,0.023974167,0.002070854,0.012244912,0.011141102,0.01728228,0.05140774,0.13786314,0.008036145,0.19967051,0.017476773,0.0063987426,0.010599971
Antarctica/22.jpg,0.21526244,0.009683492,0.0090924585,0.08741329,0.040661767,0.029921854,0.014195153,0.021523088,0.033425488,0.007443351,0.090503454,0.1736968,0.107916534,0.019296654,0.069910586,0.01394823,0.02125926,0.034846112
Antarctica/220.jpg,0.16718929,0.01878728,0.0019756118,0.011460234,0.23506053,0.029280026,0.07118953,0.006598497,0.018583609,0.01924614,0.008614485,0.04875936,0.013518048,0.009608558,0.1544741,0.120246366,0.004456918,0.060951363
Antarctica/222.jpg,0.64425755,0.010317646,0.0045589316,0.0043606865,0.023662262,0.0019173841,0.0056284503,0.0009482656,0.009487572,0.0015885185,0.008333635,0.13718843,0.03567397,0.0026017972,0.08992084,0.0069081997,0.0010864823,0.011559349
Antarctica/227.jpg,0.3925236,0.05706064,0.0010153182,0.009558963,0.020757066,0.0043817637,0.009296283,0.00073353376,0.011626789,0.008365279,0.0031545542,0.023599146,0.049860366,0.0012376711,0.38322598,0.019690892,0.0014891509,0.0024230322
Antarctica/23.0416_Antarctic_ice_980-980x365.jpg,0.31756824,0.051036157,0.0076029627,0.014690219,0.036863957,0.006571907,0.014644692,0.0027240524,0.015606336,0.008518536,0.01943885,0.14932926,0.046826147,0.008763483,0.26615065,0.012159925,0.0028791544,0.018625448
Antarctica/23.jpg,0.46003067,0.0010024222,0.001568952,0.00038328153,0.21056597,0.0012915008,0.00018247686,0.0051252465,0.030068891,0.015334019,0.001153198,0.0063660014,0.001771382,3.5341774e-05,0.0019511869,0.26205495,6.4857704e-05,0.0010497423
Antarctica/230.jpg,0.09406947,0.012023468,0.024180137,0.06946848,0.054293588,0.09125725,0.06257936,0.06956742,0.03144127,0.024145328,0.07266093,0.059433654,0.10232566,0.035346344,0.04122097,0.032457456,0.09314998,0.030379087
Antarctica/233.jpg,0.46072003,0.019944882,0.0034678243,0.009253099,0.012411442,0.0065430487,0.013352618,0.0014687612,0.005250165,0.004456932,0.010236788,0.11124719,0.11858635,0.007266436,0.18338807,0.0113094505,0.003305709,0.01779116
Antarctica/24.17cli-antarctica3-facebookJumbo.jpg,0.63589555,0.0056841495,0.007281174,0.0073274416,0.023176443,0.0086683845,0.0105445795,0.004178902,0.0058116186,0.002550314,0.013544834,0.1110096,0.06964517,0.007997922,0.050266817,0.00979569,0.003773941,0.022847474
Antarctica/24.jpg,0.52778965,0.029848125,0.021051679,0.0028710533,0.019910011,0.012216744,0.0177854,0.009139015,0.028166952,0.031651903,0.007644797,0.010326381,0.17785569,0.011660398,0.03509273,0.037923872,0.016195646,0.0028699364
Antarctica/25.Header-wild-antarctica-greg-mortimer-ship.jpg,0.22661826,0.03312447,0.006414835,0.025291836,0.17388257,0.004152031,0.015484705,0.0031855379,0.017379563,0.005643254,0.014867768,0.07285166,0.018641474,0.004520368,0.3406903,0.018360198,0.001884588,0.017006496
Antarctica/25.jpg,0.42657936,0.016514393,0.002057822,0.025438545,0.091212936,0.004230833,0.010530261,0.0016204889,0.017049747,0.003735909,0.019768866,0.07212364,0.024275124,0.002325972,0.25054806,0.021030484,0.0012307154,0.009726835
Antarctica/26.Top-Antarctica-Tips.jpg,0.06889098,0.023476047,0.016106106,0.07624406,0.06900107,0.11780374,0.055134512,0.040504042,0.03436572,0.037638232,0.14996801,0.064250715,0.028728236,0.041601807,0.060450695,0.032472916,0.034556743,0.048806317
Antarctica/26.jpg,0.119934775,0.008927391,0.0034476141,0.020027872,0.16602008,0.033802602,0.049891397,0.027757509,0.02709107,0.029029677,0.010134466,0.06797583,0.013261991,0.006211808,0.055427283,0.14597094,0.0059581515,0.2091296
Antarctica/27.Dream-Journeys-Antarctica-header.jpg,0.75613827,0.01368148,0.007040097,0.0022784595,0.005091565,0.0015091876,0.00494397,0.0009477515,0.008507047,0.003955578,0.0040559173,0.068590865,0.06129803,0.0025820483,0.040033743,0.009469241,0.001693779,0.008183057
Antarctica/27.jpg,0.7202778,0.01779592,0.002930066,0.0020847223,0.03825679,0.0026618093,0.0036122582,0.00085180707,0.040201273,0.019270835,0.0019719375,0.007795824,0.023471024,0.001307977,0.07996273,0.035631403,0.000776157,0.0011396895
Antarctica/28.1294209-575619-34.jpg,0.11093216,0.08065302,0.080395795,0.056717418,0.033873808,0.024565414,0.043545853,0.038314503,0.025860809,0.03723111,0.04221481,0.09729173,0.08055031,0.04096492,0.076770104,0.026806545,0.05386787,0.049443927
Antarctica/28.jpg,0.08520404,0.011979881,0.007481307,0.05055317,0.031329293,0.07067101,0.03276691,0.04454672,0.042359643,0.01759759,0.06353258,0.13987298,0.17774773,0.04042416,0.044687513,0.018310903,0.060332138,0.060602423
Antarctica/29.jpg,0.39880052,0.016222218,0.0007957377,0.003150433,0.0053524226,0.0032308893,0.009899201,0.0012705887,0.015736347,0.009661467,0.0031905484,0.045508336,0.23636568,0.0034101603,0.23286241,0.004268139,0.0052396148,0.005035324
Antarctica/29.large_ZHb8WQ_B7uOlh05ciZdcBMXsuZJG7flGkp04cx2Qi2s.jpg,0.37076795,0.021222485,0.07403341,0.011612212,0.05576299,0.031742524,0.05220383,0.027343966,0.03047163,0.03381638,0.029531175,0.017485237,0.08463844,0.043412194,0.046155788,0.03286471,0.018597879,0.01833735
Antarctica/3.jpg,0.11722052,0.11241069,0.03703423,0.062253162,0.06381341,0.01772448,0.02736551,0.0138160745,0.021289757,0.34459564,0.011101294,0.037301686,0.008627792,0.02803703,0.021567926,0.02920696,0.028380523,0.018253332
Antarctica/3.lemaire-channel-antarctica-genna-roland2.jpg,0.35578427,0.019747214,0.008039536,0.020007432,0.15367946,0.017610498,0.015526218,0.005257406,0.033102255,0.012391962,0.017715987,0.03999797,0.028088288,0.0060395827,0.112957366,0.13075715,0.0031122435,0.020185113
Antarctica/30.https_3A_2F_2Fblogs-images.forbes.com_2Ftrevornace_2Ffiles_2F2018_2F10_2FDpuMLroXUAAtKPc.jpg,0.055600505,0.07665415,0.041405436,0.057005793,0.08233697,0.07145621,0.063992485,0.047118608,0.039805006,0.052367046,0.070308514,0.06694342,0.030455703,0.05818343,0.03719049,0.051101767,0.048691686,0.049382906
Antarctica/30.jpg,0.15516812,0.024475083,0.008785569,0.052951813,0.013664071,0.067123055,0.09919491,0.023794794,0.011770493,0.052837953,0.017223435,0.02201247,0.17165117,0.026716398,0.03901206,0.05160414,0.13182841,0.030186053
Antarctica/31.560x250.jpg,0.22650936,0.016437681,0.12035566,0.0154899,0.07658334,0.05125033,0.048576716,0.020882338,0.0128154885,0.13337424,0.0140671255,0.01809154,0.021884315,0.08008928,0.009526176,0.05940328,0.049974203,0.024689183
Antarctica/32.antarctica-photography-drybag.jpg,0.13866194,0.012755634,0.011345616,0.071162455,0.09682999,0.056377977,0.023340391,0.016724149,0.03227477,0.015320124,0.16512163,0.094365485,0.056362372,0.021084825,0.10045157,0.0334411,0.020224899,0.03415512
Antarctica/33.jpg,0.21700197,0.02110536,0.02226446,0.020653568,0.009629184,0.03383691,0.09000224,0.025753453,0.0073788236,0.112224355,0.012510165,0.03469422,0.109974205,0.07102788,0.019811284,0.023242129,0.14234336,0.026546389
Antarctica/33.southern-ocean-approaching-antarctica_oliver-dodd-cc-by-20.jpg,0.4187845,0.030328657,0.017368702,0.026731247,0.07862177,0.022443963,0.024835538,0.013066501,0.07546675,0.03241946,0.032507632,0.041121215,0.04785995,0.014736843,0.056428783,0.042665906,0.008175844,0.016436636
Antarctica/34.antarctica21-header-1-nvqbi0qpawafl1qtdkt9ljtugfg787s86vd6hojku0.jpg,0.5801946,0.019106798,0.009566644,0.0076311557,0.014375129,0.0029171372,0.0066089216,0.001365383,0.008927555,0.0028327194,0.01072298,0.13766663,0.074560754,0.0051738317,0.09311544,0.007799133,0.002523279,0.014911924
Antarctica/34.jpg,0.2874868,0.012676715,0.012737412,0.031141436,0.01720887,0.02617713,0.013134615,0.015052513,0.026089279,0.013485945,0.047668666,0.14171693,0.20040193,0.025523145,0.058486152,0.014231574,0.02578217,0.030998792
Antarctica/35.acacia-johnson-women-antarctica-01.jpg,0.09362374,0.032557707,0.021633945,0.08326433,0.054090995,0.06522225,0.057979174,0.043190736,0.030952957,0.079160884,0.09295004,0.059112653,0.030696554,0.059818383,0.033457223,0.03925696,0.09047157,0.03255982
Antarctica/35.jpeg,0.20474744,0.051411215,0.10028928,0.02299974,0.07254048,0.045919735,0.062320847,0.025034623,0.010336949,0.07730152,0.022840638,0.08619251,0.02194985,0.07828088,0.029737184,0.028069885,0.022588158,0.037439153
Antarctica/36.jpg,0.4411492,0.00976101,0.0064870277,0.022150064,0.059276838,0.019059606,0.0212143,0.0053487644,0.006309451,0.0045375503,0.02390143,0.1669955,0.051103376,0.01547206,0.07808838,0.022325998,0.006302929,0.04051659
Antarctica/36.quark-passengers-kayaking-antarctica-ocean-diamond.jpg,0.28494543,0.015524376,0.006129595,0.024643177,0.006426565,0.01963167,0.041511536,0.014716899,0.007205359,0.026620815,0.00896926,0.04830789,0.30292577,0.01390517,0.044416357,0.02185454,0.049179416,0.0630862
Antarctica/37.5ae87c4e19ee861f008b470a-750-375.jpg,0.15757625,0.0341509,0.030399004,0.020154072,0.025907297,0.025318215,0.028778516,0.010205632,0.05006093,0.20231536,0.07235549,0.050835624,0.06887372,0.055727802,0.0850324,0.028969374,0.03474717,0.018592298
Antarctica/37.jpg,0.05977008,0.0916007,0.049568515,0.05842529,0.0770293,0.05761861,0.0731871,0.03550879,0.03634551,0.052359655,0.060527682,0.07060926,0.029071143,0.06430716,0.043882165,0.048744608,0.048523325,0.042921048
Antarctica/38.jpg,0.6311427,0.014857817,0.020799616,0.0072599263,0.07242791,0.026660915,0.028230049,0.0034066234,0.0021779572,0.030885411,0.0038824987,0.013157586,0.019457513,0.041695848,0.01479978,0.051898506,0.011311028,0.005948315
Antarctica/39.ant_icesculpture_ist_179295937.jpg,0.47164664,0.012567298,0.00070776383,0.002288235,0.0024883773,0.0016842535,0.0058959657,0.0004423277,0.003971453,0.006586781,0.0016987344,0.02479916,0.28742403,0.0023031223,0.1665774,0.0022801121,0.0034181804,0.0032200702
Antarctica/39.jpg,0.06304998,0.043862887,0.028606096,0.042621695,0.06711546,0.051921647,0.034732014,0.020543419,0.080904104,0.03642198,0.06965126,0.07980855,0.10340705,0.038070597,0.09620525,0.031013628,0.036523126,0.075541236
Antarctica/4.jpg,0.27332592,0.016087703,0.0067187804,0.020711396,0.07895466,0.017525682,0.1306204,0.02038104,0.04234382,0.066596285,0.030462405,0.023604939,0.008971183,0.009554256,0.10268721,0.116632335,0.00804965,0.026772304
Antarctica/4.zodiac-105-1.jpg,0.07833926,0.019631566,0.012775475,0.053759366,0.020130593,0.060741823,0.07483612,0.035272453,0.024031589,0.055727825,0.03202313,0.039836712,0.16978654,0.05539564,0.029484907,0.03100664,0.17218506,0.03503517
Antarctica/40.istock1046422582_antarctica_cruising_800x2400.jpg,0.33731827,0.03254303,0.0026220265,0.005838682,0.0040943134,0.005795126,0.007947425,0.0006663794,0.0046090465,0.008333317,0.0074016107,0.049585514,0.2650687,0.007247081,0.24660692,0.00415469,0.003377665,0.006790209
Antarctica/40.jpg,0.05360333,0.1019979,0.038158037,0.023115339,0.05178961,0.06782935,0.1043352,0.08924417,0.038804274,0.06913223,0.026733117,0.08676432,0.030181317,0.09744923,0.013352272,0.028993377,0.051405154,0.027111929
Antarctica/41.header-antarctica-2018-19-header.jpg,0.55065787,0.030179027,0.0011468736,0.0055698124,0.011300643,0.0047830846,0.007003924,0.00047741598,0.006741941,0.0041798176,0.002930295,0.02982208,0.076405786,0.001534319,0.24565227,0.01659129,0.0011708192,0.0038528435
Antarctica/41.jpg,0.6349138,0.009491274,0.013052416,0.0076436843,0.017076937,0.008612223,0.009499229,0.0013468526,0.0033556472,0.0047711446,0.031028295,0.10282186,0.05107997,0.013769197,0.07315558,0.005255652,0.0022716208,0.010854654
Antarctica/42.jpg,0.8694063,0.00049799186,0.0004020404,7.541094e-05,0.02327882,0.0010813561,0.003441616,0.00042141267,0.018777106,0.0040914915,0.0016073505,0.0016334031,0.03234167,0.0002813595,0.002987333,0.03868819,0.0004921965,0.0004950287
Antarctica/42.silversea-luxury-cruises-East-Antarctica-Ross-Sea1.jpg,0.2607526,0.004909838,0.022766303,0.0022369407,0.53518295,0.0022939509,0.0011640893,0.008819809,0.06483862,0.015563317,0.006761808,0.009879994,0.0065409,0.0007146836,0.009300494,0.044764463,0.00044610782,0.0030631565
Antarctica/43.antarctica-22439085-1366368486-WideInspirationalPhoto1170.jpg,0.057033263,0.07674102,0.027854403,0.05096253,0.06500556,0.096819855,0.05880533,0.040994316,0.07224269,0.05825247,0.08050901,0.06733729,0.024937183,0.048015464,0.03355473,0.06344195,0.03570814,0.041784823
Antarctica/43.jpg,0.12797426,0.07816516,0.00052063924,0.0064914036,0.074880406,0.0015551349,0.002439739,0.0017138162,0.023384424,0.0076378346,0.0032731628,0.10409894,0.024189577,0.0004720946,0.5261902,0.012404873,0.0008095881,0.00379877
Antarctica/44.1-1.jpg,0.19193497,0.0053037247,0.007255984,0.022787128,0.027897079,0.033846397,0.008828959,0.02505348,0.038099967,0.004377417,0.13764721,0.26708668,0.12741987,0.029261878,0.035386056,0.0031616066,0.011033992,0.023617513
Antarctica/44.jpg,0.54279166,0.0036407593,0.00030004245,0.005647982,0.058177534,0.0006501212,0.0021259412,0.0002809594,0.011770496,0.00067453046,0.0058718543,0.06310275,0.031729233,0.00042269932,0.2653595,0.00481769,0.00029809726,0.0023383056
Antarctica/45.Getz-ice-shelf-antarctica-900_Pierre-Dutrieux.jpg,0.47651485,0.008225848,0.112923466,0.0057496754,0.0380581,0.0084199505,0.01908453,0.027798356,0.0654195,0.02095511,0.044973113,0.013305963,0.10442976,0.01386162,0.0072216946,0.011319302,0.013010886,0.0087283505
Antarctica/45.jpg,0.15087748,0.025589824,0.02579515,0.03124297,0.03012789,0.06093995,0.05553264,0.052138746,0.03599276,0.09971225,0.03087017,0.052632816,0.050556384,0.046144474,0.018160854,0.08554952,0.096387066,0.051749017
Antarctica/46.jpg,0.40494984,0.025225053,0.006097873,0.008897014,0.058511462,0.0025858448,0.011866855,0.004619352,0.023476118,0.0044799694,0.009748168,0.20612285,0.032976888,0.0033664722,0.15896052,0.015728373,0.0026204388,0.019767009
Antarctica/46.large_wjBlkqXZYKBDLm6sgbaz2i8uPlOtzGbtLOAd4Xxg33I.jpg,0.40990344,0.030626087,0.014947326,0.005441105,0.07038305,0.018808072,0.010546191,0.014512885,0.05525695,0.07030356,0.005268977,0.011463318,0.04168547,0.004575975,0.045207568,0.17738032,0.0066219307,0.007067817
Antarctica/47.Antarctica-Camp-View-001-David-Merron-601147.jpg,0.23077983,0.043839607,0.035501607,0.03226954,0.06582265,0.022002963,0.038624723,0.016262965,0.04384501,0.01613734,0.029589402,0.11796096,0.060790733,0.018159874,0.1056817,0.0544705,0.016513363,0.051747203
Antarctica/47.jpg,0.4373091,0.004193401,0.0050172172,0.024902094,0.030623835,0.046408482,0.037281226,0.02751135,0.0128964,0.016669312,0.026161686,0.0936614,0.08289815,0.027588183,0.020954188,0.025054274,0.033937402,0.04693229
Antarctica/48.classic-antarctica-mh.jpg,0.14856549,0.036507253,0.024727372,0.035249438,0.038289882,0.07321505,0.051321633,0.042657934,0.03753272,0.059500318,0.042172004,0.077987626,0.05468701,0.05127193,0.033543292,0.06147777,0.06947513,0.061818205
Antarctica/48.jpg,0.095735855,0.07750705,0.06045258,0.038937088,0.03143142,0.04586203,0.079105325,0.03390311,0.043170802,0.12107753,0.03584008,0.0537077,0.039381385,0.069839254,0.022201434,0.06047474,0.057202406,0.034170117
Antarctica/49.jpg,0.28750616,0.0033684466,0.0005441512,0.009385278,0.014711304,0.0022338862,0.002351928,0.000579777,0.011925183,0.00089744583,0.016591946,0.18462305,0.22601762,0.0035307852,0.22575927,0.0014705559,0.0018910785,0.0066121058
Antarctica/5.classic-antarctica-zodiac-guide-iceberg-mh.jpg,0.4402207,0.0045377007,0.008289535,0.015744505,0.016085159,0.0148956,0.007658962,0.010888244,0.014942339,0.003862103,0.03275682,0.11902623,0.20646851,0.017411543,0.051701106,0.003976456,0.011591133,0.019943504
Antarctica/5.jpg,0.21743046,0.11482643,0.004878266,0.02371436,0.09253302,0.007805679,0.013554545,0.002443441,0.009019905,0.0129241645,0.0051939813,0.03227955,0.026002385,0.0025587075,0.38065487,0.046548825,0.0030437508,0.004587683
Antarctica/50.james-rathmell-511812-unsplash-1-38ql3xq8vosihjgz4gd2ww.jpg,0.12384601,0.07701225,0.016955335,0.04250272,0.07640423,0.015173538,0.03809818,0.017517887,0.030363409,0.022916641,0.02328691,0.09610832,0.07179355,0.020656614,0.22073293,0.03835993,0.024235558,0.04403604
Antarctica/50.jpg,0.689413,0.011192887,0.009529263,0.009751875,0.030239146,0.023103721,0.024018245,0.0015310143,0.0031477262,0.041988093,0.011575473,0.01573276,0.02504253,0.037857395,0.019783968,0.030478733,0.012029762,0.003584606
Antarctica/51.antarctica-getty-2.jpg,0.0575656,0.034650348,0.03280395,0.05523888,0.092869766,0.057377946,0.06761244,0.094371274,0.03364447,0.051276207,0.05594263,0.05889494,0.034737214,0.060382005,0.046143226,0.037611794,0.061857626,0.06701971
Antarctica/51.jpg,0.10409142,0.010268212,0.017371811,0.039555427,0.15313269,0.044653106,0.04777002,0.08373498,0.024173008,0.014774546,0.019265696,0.103433974,0.05738136,0.035620097,0.049729593,0.044539887,0.039147325,0.11135669
Antarctica/52.shutterstock_1157599894.jpg,0.30643493,0.029374475,0.01819819,0.016349072,0.033531144,0.024071148,0.022523817,0.007138874,0.044567198,0.038734768,0.03044881,0.08816588,0.096702226,0.021082507,0.0753555,0.099570945,0.020247329,0.027503196
Antarctica/53.antarctica.jpg,0.37558666,0.012063355,0.014154304,0.032598235,0.19441581,0.01049091,0.009884481,0.004376604,0.060551062,0.018516144,0.07605414,0.047827676,0.019482698,0.00788023,0.076125495,0.026136702,0.0030511268,0.010804343
Antarctica/54.Whale-Watching-4-Humpback-Whales-Antarctica.jpg,0.13193206,0.027794333,0.010897866,0.026540061,0.16542652,0.01474354,0.026005162,0.011126349,0.020822922,0.0084774215,0.022142258,0.13924731,0.03648673,0.01587545,0.24512707,0.020406714,0.0038408004,0.07310729
Antarctica/54.jpg,0.39366388,0.015123887,0.008746388,0.019474732,0.03035976,0.015840132,0.01518148,0.004727297,0.011538458,0.006266695,0.032564383,0.15042795,0.10483452,0.016120696,0.124724954,0.015338609,0.007838451,0.027227761
Antarctica/55.2500x1250-iceberg-neko-harbour-antarktis-karsten-bidstrup.jpg,0.9216139,0.00033432624,0.0043941895,0.00017370356,0.024687527,0.0008566014,0.00082455226,0.0014326405,0.020801386,0.0032133465,0.002936284,0.0015751248,0.0059981304,0.00030432272,0.0014834505,0.008672127,9.0075584e-05,0.0006085874
Antarctica/55.jpg,0.6238457,0.0027577423,0.00084454665,0.008257723,0.009991859,0.002338431,0.0036167,0.0010874931,0.004275024,0.00085903343,0.01747967,0.15085438,0.072304726,0.002119421,0.0879362,0.0014635356,0.0013090202,0.008658745
Antarctica/56.5f32f9e53c7f38fc5fcf851f34899d9b-wpv_1200x600_center_center.jpg,0.61383927,0.0143462,0.008093125,0.009735294,0.14740041,0.009084297,0.010859822,0.0033547038,0.015347958,0.011136992,0.0063784216,0.024250483,0.009238894,0.005943185,0.034139838,0.067772955,0.0018581862,0.007220117
Antarctica/57.jpg,0.34712523,0.0038480363,0.00092436717,0.026287904,0.012052796,0.012267014,0.011774036,0.00523437,0.017947014,0.009217548,0.01931878,0.04709409,0.35506228,0.0060860226,0.082742445,0.0068334877,0.022983035,0.0132016465
Antarctica/57.tzoo.10109.0.884501.Antarctica-GettyImages--RF-641211734.jpg,0.24876176,0.02514758,0.0014496254,0.011484655,0.2976155,0.0040711774,0.0068506063,0.0018731988,0.028938305,0.006824178,0.0038779469,0.017264906,0.0077487724,0.0006915726,0.2541623,0.07702422,0.00053547724,0.005678339
Antarctica/58.antarctica-14.jpg,0.05814586,0.09280995,0.038851704,0.05480834,0.076617174,0.06844442,0.06945219,0.033486526,0.03630033,0.049806014,0.06400501,0.073394276,0.030640353,0.07197514,0.040902916,0.048385166,0.049478326,0.04249633
Antarctica/58.jpg,0.68505603,0.0053913253,0.0025786874,0.0060282424,0.08517122,0.001168943,0.0040945476,0.0014828194,0.010170919,0.0015028303,0.006108831,0.057308555,0.02116101,0.00145046,0.09024613,0.009024002,0.0006244311,0.011431082
Antarctica/59.antarctica-by-drone-touring-the.jpg,0.23169784,0.025964733,0.04938957,0.06490384,0.14823785,0.028118152,0.024300883,0.017874505,0.07521237,0.035422914,0.10660063,0.05901221,0.022307118,0.02744482,0.023507098,0.022901982,0.008723528,0.028379962
Antarctica/59.jpg,0.4602085,0.007172806,0.005197104,0.023349905,0.0476949,0.012235805,0.008324835,0.0035537796,0.013679649,0.0040338305,0.0584677,0.1451309,0.061367597,0.008447095,0.1051685,0.013457629,0.004782019,0.017727472
Antarctica/6.antarctica-kara-weller-eclipse-blog.jpg,0.27897218,0.0045001972,0.004750534,0.02306107,0.01243313,0.0252736,0.02178839,0.009006478,0.0100370115,0.0062471814,0.045265257,0.12467044,0.30237514,0.025940865,0.044332325,0.005248625,0.020281542,0.035816114
Antarctica/6.jpg,0.19579381,0.008945592,0.00442231,0.09376105,0.026921503,0.06894123,0.034345247,0.030649131,0.03546343,0.03670019,0.039988033,0.06740586,0.11760111,0.026103724,0.027687788,0.0431564,0.104807906,0.03730568
Antarctica/60.Antarctica-Iceberg-001-David-Merron-600159.jpg,0.44412526,0.006172146,0.010103697,0.012528726,0.015326125,0.03785134,0.12713175,0.014384361,0.0024571677,0.046105478,0.014745025,0.020401334,0.05418594,0.067011766,0.00979439,0.03018291,0.057134245,0.030358246
Antarctica/60.jpg,0.4735705,0.015186437,0.03530061,0.0113641815,0.22429298,0.017243871,0.0062011415,0.0030141885,0.026947448,0.027230106,0.0064919945,0.02217549,0.009743168,0.008675169,0.011329157,0.09034707,0.0035844862,0.007302
Antarctica/61.5a7c814281551b36008b45c0-750-375.jpg,0.12060195,0.00063006824,0.0014264443,0.04164217,0.018807594,0.029805407,0.004473142,0.00375179,0.013891007,0.0028503109,0.67468685,0.03946592,0.017539263,0.0063344226,0.014942206,0.0011860814,0.004219478,0.0037458658
Antarctica/61.jpg,0.6005963,0.00041106448,0.0006069559,6.16647e-05,0.16781718,0.00022791812,2.4646071e-05,0.0011093296,0.034627832,0.013970286,0.00024752927,0.0033882207,0.00074064784,4.810301e-06,0.0006127948,0.17540625,9.379999e-06,0.00013735256
Antarctica/62.Antarctica-Ice.jpg,0.6564317,0.015339038,0.0033797135,0.009701713,0.016772859,0.008200944,0.012735938,0.0009615139,0.004028843,0.0043856823,0.007728203,0.043925922,0.082027555,0.0050887275,0.10335805,0.016401565,0.0026019716,0.0069300937
Antarctica/62.jpg,0.05979704,0.07205378,0.051036976,0.06857495,0.07766691,0.059054937,0.06707194,0.036499903,0.03988162,0.048155747,0.069226466,0.06748732,0.03058136,0.051054996,0.04961087,0.056345403,0.046535116,0.049364652
Antarctica/63.antarctica21-header-5-nvqbkdc6dzi8lybxnldotyhbx3v8gz42ii2vol25a0.jpg,0.39380687,0.01636622,0.0009463883,0.009150708,0.0055764993,0.005809923,0.008032682,0.00048954535,0.0040719127,0.005981946,0.004021569,0.024662549,0.2910531,0.0035426563,0.20435415,0.012812426,0.004271595,0.005049236
Antarctica/63.jpg,0.20959124,0.053001042,0.039128195,0.02487341,0.021414014,0.034669805,0.03235172,0.015554316,0.0518453,0.08595313,0.038864285,0.065587126,0.08356363,0.0374496,0.047872193,0.085526526,0.042034496,0.030719956
Antarctica/64.7d1ddf4c-weddell-9-750x375.jpg,0.56543887,0.014442706,0.009609055,0.024099324,0.07961406,0.031139886,0.014336193,0.0034014757,0.01406545,0.013807655,0.032080144,0.049788065,0.024205796,0.014277366,0.043672174,0.051221624,0.0037005248,0.011099694
Antarctica/64.jpg,0.5374824,0.036682192,0.0028691832,0.006111501,0.02600386,0.00537095,0.011775514,0.0028268173,0.010393324,0.004363795,0.0037910924,0.044040114,0.06150928,0.00196492,0.22046325,0.016365046,0.0017875569,0.0061992174
Antarctica/65.aecc0185309f3da3fb2e009426704529.jpg,0.33393744,0.03641802,0.009589341,0.010107556,0.3198185,0.0057469932,0.0059626154,0.0051236926,0.009862261,0.011669049,0.0023286901,0.011425817,0.008437087,0.0015014429,0.09729921,0.12568109,0.0021261899,0.0029650577
Antarctica/65.jpg,0.4415529,0.0029775328,0.001309261,0.01085283,0.0061099613,0.003784902,0.0054927412,0.0014281116,0.0037333313,0.0016547847,0.008434694,0.08955073,0.32763192,0.00596422,0.06873429,0.0031531136,0.0068124537,0.010822159
Antarctica/66.Mount-Vinson-Antarctica-800x380.jpg,0.5494687,0.006276395,0.003801676,0.013458608,0.02629858,0.007290765,0.0068764267,0.0016624329,0.012293701,0.003031212,0.053813342,0.13051602,0.059516974,0.0061501116,0.098921664,0.0045652688,0.0018582675,0.014200029
Antarctica/66.jpg,0.2887916,0.024960667,0.011988094,0.010628277,0.053211022,0.033914894,0.015629515,0.03012397,0.0768166,0.0742775,0.014714899,0.026645001,0.055380683,0.006671441,0.03631851,0.20986433,0.011764972,0.018298026
Antarctica/68.1500x450.1561567601.jpg,0.36832663,0.0052595874,0.0013418592,0.015813079,0.008422758,0.0062948866,0.0060144044,0.0014812318,0.007264729,0.0031426023,0.012371052,0.075349115,0.34678975,0.007530182,0.113355406,0.0055891853,0.008335796,0.0073174248
Antarctica/68.jpg,0.5194875,0.034829177,0.039754506,0.00909294,0.016550573,0.013804575,0.026587017,0.0054854634,0.0036959953,0.024036463,0.008122831,0.05186025,0.10129937,0.0315774,0.06098419,0.016011903,0.020660888,0.016159201
Antarctica/69.Antarctica-1-e1529084177467.jpg,0.2334322,0.009478219,0.010605486,0.018652102,0.39664093,0.009283546,0.00887659,0.007951544,0.02697881,0.004700008,0.015394509,0.06365416,0.025656795,0.006375445,0.090515606,0.044887006,0.0022075307,0.024709536
Antarctica/69.jpg,0.16422881,0.00040060698,0.00012691041,0.0017081352,0.0010295524,0.00053974974,0.0006846587,9.105663e-05,0.0064947647,0.002290536,0.00547064,0.014733917,0.76532143,0.0020859665,0.029101714,0.00018271404,0.005036251,0.0004724868
Antarctica/7._r7d5249_2013-01-08-at-16-44-57_hdr.jpg,0.625365,0.024503991,0.0025220327,0.009681595,0.020210514,0.0058583845,0.007609853,0.0010169405,0.009072488,0.0032062028,0.005534689,0.04407823,0.054478385,0.0019882808,0.15725611,0.020227753,0.0013185772,0.0060709408
Antarctica/7.jpg,0.08758371,0.048459034,0.036408078,0.05550699,0.0454741,0.070898235,0.053634107,0.033473164,0.056823827,0.07153957,0.067856416,0.050075535,0.048218403,0.046277877,0.043846726,0.08979094,0.05847866,0.035654604
Antarctica/70.antarctica1_featured.jpg,0.5423353,0.019509528,0.0014796096,0.0069225766,0.015667584,0.0041002138,0.005796103,0.00069652,0.010575057,0.0032213517,0.005608255,0.049528845,0.075696155,0.0018291321,0.23842712,0.01156712,0.0010804253,0.0059592733
Antarctica/70.jpg,0.6456861,0.0041768714,0.0011047914,0.0035436328,0.012375528,0.0011543748,0.0030471978,0.00047938194,0.003840494,0.0006926879,0.0074324785,0.13912632,0.049889706,0.0015485465,0.114856906,0.0018740328,0.00045195277,0.008719016
Antarctica/71.jpg,0.47361344,0.0063162427,0.004601306,0.03330158,0.026432518,0.037538,0.027128898,0.01667151,0.010996646,0.013807627,0.026676476,0.11190945,0.06151061,0.019097244,0.02561771,0.034519307,0.02575496,0.044506386
Antarctica/71.silversea-antarctica-cruise-leopard-seal.jpg,0.29156312,0.0063116658,0.0065759527,0.042648863,0.017805567,0.037423693,0.021499962,0.012778208,0.020226855,0.009715512,0.08436373,0.091330476,0.22848682,0.024076978,0.04334777,0.0075382115,0.027722808,0.0265837
Antarctica/72.20160102-1u2a2735-samantha-crimmin.jpg,0.3953279,0.010012446,0.007905763,0.024159543,0.04683227,0.0093592,0.011500254,0.0066860626,0.016599191,0.0025342072,0.033757944,0.21508239,0.06566059,0.009183001,0.10012036,0.008869508,0.0054585454,0.03095097
Antarctica/72.jpg,0.38619977,0.0065749036,0.034151938,0.010764468,0.26482958,0.027023407,0.014663533,0.013965866,0.0302862,0.017404174,0.019690955,0.017907856,0.017045438,0.011377077,0.018074391,0.08523668,0.0045108907,0.020293001
Antarctica/73.example_trip__Iceberg_1-525x240-cc.jpg,0.7528147,0.00064051885,0.0031886306,0.00029602816,0.110894345,0.0010950741,0.00022206508,0.0015024687,0.056473598,0.009703929,0.0018881741,0.0045490577,0.003126323,0.000110477646,0.001612048,0.050843064,4.6411333e-05,0.0009931054
Antarctica/73.jpg,0.6914726,0.010751207,0.014101278,0.009054771,0.027749764,0.012254938,0.012892586,0.0020822685,0.0035451031,0.014802756,0.01295397,0.05542397,0.03800903,0.021090467,0.04009778,0.017110325,0.0060062055,0.010601006
Antarctica/74.IMG_0507.jpg,0.3779908,0.024873802,0.0049893074,0.0077596405,0.006324579,0.004512229,0.012107391,0.0036713278,0.008453245,0.0058508385,0.006112817,0.109071136,0.24676108,0.007335185,0.14346008,0.005369989,0.009056314,0.016300067
Antarctica/74.jpg,0.23009527,0.040968448,0.010942983,0.026770633,0.060874123,0.040115386,0.054770622,0.018944727,0.035208862,0.056899056,0.0067024305,0.03342189,0.036406178,0.008611855,0.049587708,0.1967954,0.017549144,0.0753352
Antarctica/75.1_image-1.jpg,0.32912344,0.008295156,0.0077931816,0.015785288,0.38920045,0.0032909627,0.0028919126,0.008702047,0.05985971,0.0033215426,0.0104945665,0.04617228,0.014605177,0.0010107836,0.046776406,0.04628754,0.002427144,0.0039623207
Antarctica/75.jpg,0.614827,0.0088130515,0.0018256878,0.008806469,0.04143397,0.0037194511,0.0049376567,0.0007120859,0.011323442,0.0017508786,0.008724551,0.0747272,0.04282799,0.0018269,0.14359918,0.021122614,0.00091451773,0.008107246
Antarctica/76.ant_travilers_p1140739-1.jpg,0.45468628,0.05422758,0.0077053453,0.018425254,0.083018124,0.016566258,0.02513214,0.003310739,0.014622004,0.018881585,0.008870603,0.039968174,0.018966349,0.008282162,0.14126988,0.07449631,0.0043077907,0.0072632614
Antarctica/76.jpg,0.029037358,0.004065516,0.0010629231,0.011219995,0.65781456,0.008936266,0.009993151,0.013136951,0.010914893,0.0052691572,0.004637845,0.016298862,0.001853815,0.00095535757,0.08295216,0.0853138,0.0007698626,0.05576756
Antarctica/77.5022713021974401238042802144382840526077952n-882434920_6.jpg,0.104342215,0.027722636,0.029620696,0.038667418,0.042530913,0.06563242,0.084036954,0.052026793,0.032945625,0.06800366,0.03343003,0.051667433,0.049928542,0.05403084,0.023645053,0.07161861,0.10170628,0.06844392
Antarctica/77.jpg,0.33934507,0.005532352,0.0029080538,0.054641154,0.08445241,0.03912242,0.029057791,0.024172766,0.016209058,0.012442194,0.028259741,0.13107872,0.031805336,0.010249282,0.03592332,0.052005515,0.016473921,0.08632089
Antarctica/78.jpg,0.18178529,0.039619304,0.0068384456,0.030524831,0.020331927,0.029516444,0.096253976,0.003425759,0.011808587,0.02141009,0.0063315406,0.01343481,0.23844928,0.008675894,0.14037488,0.093782336,0.046372846,0.011063811
Antarctica/79.jpg,0.057838798,0.034601342,0.024686078,0.021964446,0.010476197,0.035457052,0.18470025,0.016601942,0.0069584576,0.07290259,0.003684781,0.0048166616,0.10192935,0.022627503,0.024901388,0.06888913,0.2917338,0.015230164
Antarctica/79.mission-antarctica.jpg,0.45849925,0.07899513,0.010759975,0.02131758,0.048157543,0.008846135,0.010916959,0.0008987768,0.0068734037,0.018416464,0.014610382,0.065607995,0.02452806,0.010826549,0.1972521,0.014734025,0.0033607634,0.005398944
Antarctica/8.antarctica-hero-1400x500.jpg,0.6995265,0.010906705,0.0005522146,0.002015273,0.0144137405,0.00081048725,0.0029152147,0.00042049872,0.005289879,0.0006339485,0.0022277094,0.052295692,0.033218935,0.0003456074,0.16952193,0.0024697883,0.00019511304,0.0022409728
Antarctica/8.jpeg,0.46385676,0.040849585,0.002716948,0.0122844055,0.033755634,0.009324164,0.008923426,0.0011010577,0.01897929,0.013872334,0.0066968924,0.037889965,0.048491184,0.0030946734,0.24337377,0.04590496,0.0024000327,0.006484667
Antarctica/80.file-20180809-30446-cko92d.JPG,0.3523116,0.0065792874,0.0021109474,0.024495665,0.009038439,0.015170579,0.013118147,0.0057404377,0.008514979,0.0065645194,0.01681559,0.08645764,0.30840698,0.01249906,0.08181764,0.009647963,0.023438487,0.01727198
Antarctica/80.jpg,0.6457268,0.0069947634,0.006571652,0.008767595,0.13902378,0.017302731,0.0071264235,0.0023868037,0.0121918935,0.009601172,0.0076618576,0.020311363,0.008007472,0.005543021,0.015681434,0.07776623,0.0012029901,0.008132037
Antarctica/81.3-glaciers-camp.jpg,0.49295717,0.007407758,0.007411061,0.029307874,0.05321114,0.026611468,0.020477027,0.009785253,0.022019187,0.010010677,0.026027052,0.05926442,0.088720165,0.011362379,0.050975688,0.04251894,0.012238524,0.029694112
Antarctica/82.2_Antarctica-MS-fram-ship-paradise-bay.jpg,0.03863498,0.11485056,0.05586412,0.017280139,0.0831387,0.06420279,0.054811593,0.14252426,0.050687987,0.036250845,0.02332617,0.121839136,0.014934793,0.06130834,0.020278791,0.023586592,0.020322265,0.056158017
Antarctica/82.jpg,0.061663102,0.0047165565,0.0070540207,0.053691026,0.034263544,0.09030055,0.020655397,0.013031104,0.02351416,0.03369246,0.47043717,0.035502765,0.028970592,0.030574717,0.038558245,0.011309405,0.033264503,0.008800665
Antarctica/83.180619-antarctica-mn-0935_af98c167744a9e10be2dd75457464061.nbcnews-fp-1024-512.jpg,0.060414318,0.0848532,0.05083239,0.056135546,0.07852274,0.05937532,0.06746534,0.039364025,0.03246367,0.051645253,0.06140234,0.06871391,0.031793345,0.06670834,0.04159942,0.04897435,0.055711996,0.044024456
Antarctica/84.info-antarctic-hero-675-675x300.jpg,0.25186044,0.028067524,0.055389177,0.010911554,0.03217329,0.049912665,0.057754338,0.03550329,0.015144383,0.12937497,0.010975695,0.023601785,0.06296502,0.06278701,0.018286787,0.062473293,0.042246792,0.05057203
Antarctica/84.jpg,0.50030077,0.049998596,0.020721031,0.017989961,0.05641656,0.012585347,0.017994551,0.0038253062,0.006295314,0.0130310515,0.008569743,0.046122186,0.047509592,0.011704507,0.12995882,0.04027089,0.008475478,0.008230413
Antarctica/85.Antarctica_NekoHarbour_GentooPenguinZodiacs_18_AW_AE_SPE_2575.jpg,0.47780606,0.008418313,0.0043702647,0.011491025,0.011520142,0.008065342,0.00785742,0.00593732,0.009952186,0.003059665,0.013872554,0.14256139,0.16532376,0.007975009,0.08828161,0.0050254143,0.0065642404,0.021918166
Antarctica/85.jpg,0.74091816,0.00091718975,0.0015677924,8.63916e-05,0.17352547,0.000112254485,0.00010511936,0.0011654065,0.032243054,0.008717083,0.0005148929,0.002912982,0.0017976336,2.4168416e-05,0.0013606214,0.03393383,2.5413765e-05,7.2371746e-05
Antarctica/86.017-antarctica_600.jpg,0.12339348,0.03406458,0.017212678,0.04580804,0.051781625,0.034916807,0.09791584,0.031692903,0.026109906,0.16816092,0.027372694,0.041525885,0.030819483,0.05417947,0.01760749,0.07024551,0.072250724,0.054942004
Antarctica/86.jpg,0.479563,0.013055213,0.006324776,0.00282575,0.10649599,0.009639282,0.008238182,0.0069651874,0.08248953,0.035530712,0.0075104064,0.015413088,0.036397096,0.0017655609,0.030214349,0.14739591,0.0027100774,0.0074658133
Antarctica/87.jpg,0.38367963,0.016704502,0.00860922,0.041419376,0.039429173,0.026681416,0.03394121,0.0061308667,0.013968517,0.014220402,0.042904392,0.08684702,0.082660414,0.015381427,0.101774305,0.042014744,0.009585699,0.034047667
Antarctica/88.1-172753lcarousel-940x338.jpg,0.069291376,0.09097903,0.029529957,0.04639651,0.06916254,0.075826116,0.06640859,0.03329822,0.056997318,0.051885165,0.05524342,0.08083692,0.029664777,0.051788073,0.042320468,0.06770917,0.03757466,0.04508763
Antarctica/88.jpg,0.48294422,0.005957997,0.0033412008,0.013338008,0.04713059,0.0064013307,0.0055066138,0.0016965363,0.01356273,0.0018595575,0.03163099,0.1615721,0.07693721,0.005601535,0.11784676,0.0074411244,0.0025447188,0.014686725
Antarctica/9.jpg,0.25509793,0.006390693,0.005140297,0.036049638,0.011806834,0.048106927,0.03392649,0.031239662,0.018785348,0.04321369,0.032047547,0.03631787,0.22633879,0.03251471,0.023919085,0.016931295,0.10783208,0.034341134
Antarctica/9.wsfb_antarctica_20_event.jpg,0.23754908,0.09206986,0.018928124,0.029217971,0.08914532,0.017008217,0.047683123,0.010666785,0.009503804,0.012137097,0.009394017,0.048981685,0.03651102,0.010027449,0.25638244,0.049197495,0.010341902,0.015254576
Antarctica/90.jpg,0.44402355,0.021567626,0.037811745,0.008445075,0.10237505,0.024426147,0.025604656,0.012245533,0.035120454,0.032073334,0.007458545,0.0155027965,0.03383098,0.010733669,0.035732903,0.12935996,0.008323933,0.015364087
Antarctica/91.jpg,0.13480572,0.12977254,0.008835929,0.020410296,0.05568323,0.049858358,0.025308164,0.011401348,0.05455158,0.08910575,0.013034898,0.024338588,0.07113897,0.009639822,0.15338796,0.119059995,0.019137753,0.010528992
Antarctica/92.jpg,0.28998837,0.0074474094,0.31426942,0.0075745466,0.056842264,0.016461197,0.018723387,0.017047586,0.023363175,0.030935021,0.02937213,0.007653867,0.06652567,0.04360646,0.01028829,0.020836033,0.027063673,0.012001354
Antarctica/93.jpg,0.49647534,0.0035915212,0.0020293992,0.02317711,0.021366648,0.0056030015,0.004406095,0.0018524594,0.010275949,0.0015079525,0.04240678,0.16872701,0.099498875,0.005451274,0.096148066,0.0039024355,0.0028748657,0.010705208
Antarctica/94.jpg,0.15007535,0.014090311,0.0036384796,0.021891898,0.13072728,0.009355977,0.0023608624,0.046928752,0.09545837,0.008034131,0.025949113,0.18953246,0.15762137,0.004381365,0.09579328,0.015940804,0.022773907,0.005446307
Antarctica/95.jpg,0.8824451,0.004270134,0.0024477358,0.00052822125,0.0075064427,0.0007808607,0.0017509268,0.00011357106,0.00992171,0.00331046,0.0030852775,0.029215023,0.021183716,0.0009707034,0.01858937,0.012449051,0.00039895397,0.0010328002
Antarctica/96.jpg,0.12252518,0.05078348,0.040759116,0.031524528,0.04096944,0.050121333,0.061677475,0.034397144,0.051588118,0.07935656,0.03170903,0.06298031,0.04778343,0.05335091,0.034250814,0.108126454,0.053739496,0.044357125
Antarctica/98.jpg,0.26484293,0.010155969,0.010936779,0.010575705,0.53410745,0.009800387,0.0058755293,0.003212259,0.0073872786,0.009628991,0.0039708074,0.016403543,0.0038389864,0.006020528,0.01776224,0.074514486,0.0011608733,0.009805327
Burj Khalifa - UAE/10.burj-header-963x400.jpg,0.025014494,0.08229324,0.065301225,0.0049884715,0.013048505,0.041463643,0.054805826,0.021131484,0.019400885,0.031335555,0.021813095,0.020838847,0.36239386,0.088241145,0.019204862,0.00849297,0.11127706,0.00895477
Burj Khalifa - UAE/10.jpeg,0.020416355,0.6220537,0.016961265,0.0060634543,0.018589566,0.015936054,0.02327986,0.04856081,0.016694905,0.037201617,0.003253727,0.040525846,0.023144724,0.0055019367,0.06648639,0.018709978,0.012897044,0.003722633
Burj Khalifa - UAE/100.jpg,0.104187414,0.33552417,0.004915167,0.012278836,0.007229164,0.0052185217,0.027004164,0.00447581,0.0030758418,0.016471276,0.00085799576,0.010241974,0.09364386,0.0026973058,0.33177963,0.018240847,0.020293426,0.0018646303
Burj Khalifa - UAE/101.jpg,0.07465099,0.10155555,0.055662278,0.01969742,0.24239011,0.02655852,0.008352614,0.030922476,0.091043256,0.06743536,0.008498139,0.021884482,0.03185814,0.004672748,0.046047,0.13077644,0.012663905,0.02533053
Burj Khalifa - UAE/103.jpg,0.057669617,0.09032031,0.07847152,0.021772811,0.03920457,0.06666347,0.12661037,0.051296186,0.021379743,0.033973638,0.0459598,0.04751879,0.08508405,0.08353725,0.042956367,0.020417443,0.052790206,0.034373857
Burj Khalifa - UAE/106.jpg,0.04885596,0.12662408,0.030509463,0.033272956,0.05053915,0.06526492,0.13270868,0.05268587,0.017151674,0.04927945,0.027508965,0.058297742,0.054269034,0.09180037,0.060933206,0.019851396,0.054147344,0.026299821
Burj Khalifa - UAE/107.jpg,0.04075898,0.07532602,0.11476101,0.05481013,0.07082606,0.022960288,0.046782035,0.053810254,0.053266644,0.22543883,0.012372984,0.026903756,0.013749569,0.018881243,0.014861427,0.058683906,0.05312529,0.042681485
Burj Khalifa - UAE/108.jpg,0.008105905,0.7753645,0.019405415,0.00705176,0.017108442,0.0126258,0.017899413,0.02441492,0.012682901,0.04264505,0.0015969352,0.021537837,0.004156479,0.003961294,0.01289877,0.008708887,0.007990261,0.0018454822
Burj Khalifa - UAE/109.jpg,0.012435956,0.041727442,0.064107046,0.03680594,0.05208671,0.069612004,0.31562957,0.021195805,0.02049803,0.06589703,0.029730523,0.014789007,0.018176287,0.06378497,0.021667758,0.022307687,0.116232306,0.013315815
Burj Khalifa - UAE/11.jpg,0.033478845,0.113324426,0.0013197795,0.037118293,0.22787042,0.016414227,0.011709648,0.003988975,0.08939902,0.06285835,0.02203546,0.015221812,0.0048222686,0.0015324927,0.29330215,0.03769698,0.0016193435,0.026287511
Burj Khalifa - UAE/11.photo.jpg,0.0645953,0.42565894,0.017690584,0.021184117,0.035379548,0.016505267,0.022271167,0.02226587,0.027989896,0.06819193,0.0028491232,0.02488447,0.028185591,0.004334888,0.13677493,0.057997033,0.015465136,0.0077762185
Burj Khalifa - UAE/110.jpg,0.0430249,0.11306265,0.03626135,0.05381374,0.08073419,0.08407959,0.06743317,0.030912835,0.04807515,0.04620188,0.07445542,0.06731544,0.02445254,0.05941269,0.04300611,0.043020476,0.041555256,0.04318255
Burj Khalifa - UAE/111.jpeg,0.027384892,0.15913345,0.013600918,0.020017771,0.30428332,0.034918014,0.16715868,0.029006785,0.009675519,0.011526891,0.01586696,0.036813516,0.008106525,0.03546927,0.08794709,0.012364412,0.009330273,0.017395748
Burj Khalifa - UAE/112.jpg,0.0077922563,0.3887636,0.064807296,0.0089618955,0.028496685,0.022931421,0.01919392,0.21413434,0.01708235,0.05099401,0.0054981797,0.06160033,0.023599101,0.014790509,0.019554386,0.012202279,0.033092223,0.006505209
Burj Khalifa - UAE/113.jpg,0.1588231,0.05667556,0.013148489,0.06776602,0.061608523,0.05288006,0.14243823,0.021736901,0.0148811415,0.043269802,0.022549968,0.058075063,0.040610246,0.04969126,0.041737914,0.057928678,0.055548396,0.04063067
Burj Khalifa - UAE/115.jpg,0.014347051,0.23544528,0.067259826,0.020364046,0.15644027,0.04674646,0.17753047,0.1162042,0.0058144834,0.023759866,0.007979715,0.013927525,0.0033156874,0.06652034,0.009430798,0.004709067,0.013057018,0.017147927
Burj Khalifa - UAE/116.jpg,0.0074540754,0.5445395,0.18004991,0.006528317,0.019338792,0.0067460844,0.0193425,0.08175777,0.0033081912,0.046060707,0.0033170918,0.02275819,0.0071558338,0.009486201,0.011212422,0.005325095,0.023749743,0.0018695388
Burj Khalifa - UAE/117.jpg,0.077967815,0.105472885,0.041528203,0.028976416,0.060542766,0.061316177,0.06657271,0.047045596,0.038675915,0.12336988,0.03748676,0.082995884,0.014981673,0.09130278,0.018220572,0.04597275,0.032306302,0.025264865
Burj Khalifa - UAE/12.burj-khalifa-hero.jpg,0.021251634,0.08429213,0.0343971,0.02745842,0.2636508,0.029922912,0.2214254,0.021442886,0.005414677,0.017752271,0.011640564,0.008609218,0.02155235,0.03037511,0.1322396,0.019692611,0.02546678,0.023415541
Burj Khalifa - UAE/12.jpg,0.01789353,0.6487744,0.0037997868,0.0031025945,0.01692521,0.0062726927,0.016144581,0.012675693,0.012319345,0.01007496,0.002637986,0.0449971,0.028414045,0.003617065,0.16121227,0.0032468168,0.003553268,0.0043387767
Burj Khalifa - UAE/13.82782857-dubai-united-arab-emirates-02-02-2017-the-burj-khalifa-silhouette-and-dubai-mall-against-a-beautiful.jpg,0.053985495,0.071261816,0.0296933,0.04259141,0.063180774,0.11138638,0.053210855,0.04328046,0.06399116,0.04699369,0.068895854,0.07059765,0.03378218,0.061232515,0.031869598,0.056215897,0.05475065,0.043080274
Burj Khalifa - UAE/13.jpg,0.31994367,0.09933089,0.009555817,0.02472785,0.027905036,0.014676978,0.019697689,0.0048621898,0.0127239125,0.015838975,0.0063233604,0.044947438,0.09836098,0.006254361,0.22142589,0.051806122,0.0109892115,0.010629727
Burj Khalifa - UAE/14.dubai-skyline-jumeira-beach-rooftop-burj-khalifa-UAE-night-cityscape-skyline-skyscrapers-downtown-city-of-gold-image-copyright-paul-reiffer-no-reproduction-permitted.jpg,0.074917845,0.19998994,0.028746683,0.035871945,0.05110096,0.030935397,0.039830472,0.041253015,0.029617224,0.034555778,0.011966776,0.067082345,0.093541875,0.015008421,0.12939318,0.058437746,0.037968893,0.019781537
Burj Khalifa - UAE/14.jpg,0.023572916,0.33973968,0.049742285,0.008830395,0.04742319,0.030459331,0.034408543,0.16822992,0.050572,0.04163164,0.0071575716,0.07107275,0.0204594,0.014135527,0.02629333,0.019450804,0.012428909,0.034391716
Burj Khalifa - UAE/15.jpg,0.39366388,0.015123887,0.008746388,0.019474732,0.03035976,0.015840132,0.01518148,0.004727297,0.011538458,0.006266695,0.032564383,0.15042795,0.10483452,0.016120696,0.124724954,0.015338609,0.007838451,0.027227761
Burj Khalifa - UAE/16.Burj-Header_1_800.jpg,0.034350008,0.08402002,0.023199752,0.048185457,0.11508524,0.10108744,0.06239919,0.068508305,0.060098957,0.044115774,0.071524695,0.053029113,0.018016022,0.044819184,0.046521507,0.037011515,0.027040487,0.0609874
Burj Khalifa - UAE/16.jpg,0.16190721,0.0876314,0.037221134,0.04177522,0.05062999,0.03491432,0.053439938,0.013666583,0.04314365,0.045977402,0.036099095,0.07955925,0.041990012,0.031542864,0.08542469,0.09576682,0.027535055,0.031775516
Burj Khalifa - UAE/17.dubai-uae-december-burj-khalifa-surrounded-dubai-downtown-towers-night-71490783.jpg,0.067773744,0.10706588,0.053256888,0.04273653,0.056882244,0.06003447,0.07353037,0.04299573,0.05649948,0.08650696,0.04467969,0.07941995,0.02101634,0.056017447,0.027217284,0.052459422,0.037558954,0.0343488
Burj Khalifa - UAE/17.jpeg,0.07784383,0.10682993,0.046704225,0.049657945,0.053898904,0.05580704,0.063850015,0.036447644,0.03700127,0.05435449,0.048991594,0.08246909,0.031346668,0.050358664,0.058062274,0.048264265,0.04060332,0.057508707
Burj Khalifa - UAE/18.At-the-Top-Burj-Khalifa-1.jpg,0.026710598,0.098299384,0.018477848,0.014571126,0.024658708,0.051342994,0.018215045,0.045736115,0.03937451,0.022832531,0.020261487,0.10905806,0.2795412,0.042348087,0.059381124,0.01687906,0.08090678,0.031405255
Burj Khalifa - UAE/18.jpg,0.121381626,0.17515765,0.05539029,0.029408026,0.03761745,0.024070188,0.02412129,0.043627992,0.026187515,0.067562655,0.008910271,0.046817057,0.067363866,0.018934565,0.13334015,0.05820502,0.04119419,0.02071018
Burj Khalifa - UAE/19.burj-960x480.jpg,0.052920748,0.10865836,0.037166152,0.057633273,0.07946839,0.08086959,0.06007798,0.027653268,0.043272037,0.040471666,0.07506531,0.072544135,0.027066415,0.058186986,0.047368072,0.04767805,0.0487214,0.035178244
Burj Khalifa - UAE/2.burj-khalifa.jpg,0.028586064,0.46503422,0.00441415,0.013158276,0.030681767,0.0024077077,0.016307749,0.0030922524,0.00459113,0.019465985,0.0028802655,0.024256777,0.007001566,0.0022987747,0.36552474,0.0051111314,0.0033210907,0.0018664253
Burj Khalifa - UAE/2.jpg,0.015412115,0.07966513,0.025742937,0.0387816,0.07069433,0.05881982,0.026258007,0.16944191,0.050253745,0.03400922,0.10570605,0.14363007,0.015273146,0.09209903,0.016171683,0.008306582,0.044572424,0.0051622065
Burj Khalifa - UAE/21.8322388716_862984fea2_b.jpg,0.029330656,0.11476272,0.0927238,0.022883257,0.036698535,0.040771842,0.05274264,0.07618488,0.18129054,0.16272163,0.020055715,0.0479814,0.009866076,0.018565184,0.01020127,0.023754138,0.032922246,0.026543545
Burj Khalifa - UAE/21.jpg,0.008559985,0.30891126,0.06631865,0.0060048453,0.106648944,0.028321039,0.029615644,0.2775687,0.019515699,0.027634105,0.004788188,0.04188589,0.0051579685,0.016264467,0.0086445445,0.018219044,0.011993318,0.013947634
Burj Khalifa - UAE/22.dubai-skyline-early-morning-with-the-sun-on-burj-khalifa-skyscraper-united-arab-emirates-uae-nl-MGGBC2.jpg,0.051759586,0.13334158,0.079642154,0.019402985,0.0423138,0.046269573,0.102245845,0.08762877,0.03157791,0.049299743,0.01601375,0.054296046,0.042437594,0.04937103,0.03675605,0.023466105,0.041043624,0.093133844
Burj Khalifa - UAE/22.jpg,0.06681565,0.57851034,0.0048684007,0.006663181,0.01035,0.006416666,0.018479843,0.004601746,0.0069485493,0.016342139,0.0016571824,0.034307722,0.025994569,0.0023530219,0.19729976,0.011668237,0.0047302046,0.0019925514
Burj Khalifa - UAE/23.jpg,0.034485158,0.4883038,0.03197241,0.007751066,0.012107115,0.018192766,0.013815691,0.041621204,0.013389404,0.052950133,0.003733962,0.06423375,0.074239135,0.010535992,0.074459836,0.014157463,0.028550074,0.015501096
Burj Khalifa - UAE/24.67eba025c394151df7a6fb74b8cf29d3.jpg,0.14241716,0.052400257,0.0152476495,0.011458844,0.03003857,0.03768621,0.025525013,0.019055367,0.050395217,0.039398465,0.019510133,0.13141942,0.17589231,0.021438563,0.08089011,0.02590157,0.028408797,0.092916325
Burj Khalifa - UAE/24.jpg,0.009538543,0.26787248,0.2036941,0.013220869,0.07175355,0.028040804,0.06878868,0.1309016,0.013075013,0.04234255,0.012381175,0.041770376,0.006681844,0.040098723,0.0077286963,0.00626444,0.02692194,0.008924753
Burj Khalifa - UAE/25.Large_33712.jpg,0.002229517,0.4463989,0.073667645,0.0034786838,0.03046077,0.014377302,0.017748423,0.29350853,0.010510298,0.044506136,0.001604584,0.012714141,0.005232924,0.007806903,0.007199348,0.0069299033,0.018844241,0.0027818207
Burj Khalifa - UAE/26.burj-khalifa-dubai-fi-670x300.jpg,0.030468028,0.061464604,0.058923397,0.029996315,0.18309729,0.039432015,0.045886,0.23775594,0.058162406,0.04206581,0.014675291,0.025054809,0.017584536,0.013554236,0.019138878,0.030561768,0.021726705,0.070452
Burj Khalifa - UAE/27.jpg,0.0553908,0.067806356,0.055594422,0.07426402,0.05418256,0.07112705,0.08239068,0.031492807,0.034416836,0.121306546,0.063008346,0.040441014,0.017769236,0.060005534,0.032731045,0.04544872,0.06441057,0.028213434
Burj Khalifa - UAE/28.119522_shangrila-city-view_001.jpg,0.022356628,0.23025994,0.08899495,0.014862347,0.08213606,0.037119843,0.05411874,0.13949902,0.030046647,0.040083632,0.018520247,0.11485043,0.007451391,0.056070484,0.010513935,0.011986111,0.017001675,0.024127949
Burj Khalifa - UAE/29.burj-4.jpg,0.26122868,0.03185317,0.055155877,0.013473381,0.05374254,0.02600977,0.028651565,0.042522695,0.082904294,0.053871017,0.05458072,0.05123407,0.11359624,0.022069888,0.030924417,0.034972046,0.023297407,0.019912427
Burj Khalifa - UAE/29.jpg,0.057659205,0.116685055,0.017747944,0.05371969,0.05950647,0.0948301,0.07012961,0.018605616,0.04813308,0.057154566,0.048986625,0.06417358,0.04076161,0.05631398,0.049267594,0.05956627,0.043748125,0.04301102
Burj Khalifa - UAE/3.32395353754_ea0ff3d3ca_b.jpg,0.02637671,0.07357481,0.09963374,0.03473213,0.10248896,0.048490398,0.070402704,0.1187091,0.043497775,0.04976344,0.029297072,0.05180703,0.019311085,0.046734247,0.047848076,0.027116356,0.033868793,0.07634759
Burj Khalifa - UAE/3.jpg,0.059448697,0.071925275,0.03270039,0.06258759,0.0638648,0.08325878,0.04473688,0.04524169,0.042747114,0.055418245,0.07706629,0.064880915,0.03525704,0.05582816,0.048208494,0.04164452,0.06270536,0.052479733
Burj Khalifa - UAE/30.jpg,0.16130911,0.114793986,0.04653602,0.035184413,0.024571,0.030808005,0.06601541,0.01767463,0.031793714,0.058389682,0.035098348,0.08511554,0.053256832,0.047986016,0.06844171,0.047596015,0.03377503,0.041654486
Burj Khalifa - UAE/31.jpg,0.038279794,0.086113885,0.032881882,0.035935696,0.12904547,0.07629948,0.08164071,0.048428148,0.036188897,0.023523558,0.047572628,0.09539507,0.025143696,0.07949488,0.05366214,0.0331,0.03015948,0.047134627
Burj Khalifa - UAE/32.571702213_Burj_20Kkhalifa_20-_20UAE.jpg,0.04896461,0.35625926,0.0029292945,0.014472821,0.01866474,0.0029261226,0.019679232,0.002528575,0.0036184501,0.012073291,0.0020277437,0.02201484,0.014902248,0.0015563702,0.46295825,0.007767416,0.0041955207,0.002461055
Burj Khalifa - UAE/32.jpg,0.051196992,0.27066907,0.046861324,0.01183932,0.022214396,0.0338878,0.044195443,0.06204661,0.020178694,0.078964055,0.006270379,0.027787559,0.09215754,0.027679514,0.07964258,0.04503826,0.06766558,0.011704913
Burj Khalifa - UAE/33.Burj-Khalifa-Will-Light-up-with-the-Philippine-Flag-Today-770x337.jpg,0.104898684,0.039254967,0.0986708,0.021000266,0.12453769,0.048107877,0.01693892,0.030888317,0.08061455,0.065147616,0.06263789,0.03773715,0.085042484,0.026053946,0.03668995,0.06892424,0.026045421,0.026809182
Burj Khalifa - UAE/33.jpg,0.03408298,0.16741431,0.021729195,0.040888134,0.15168424,0.08415087,0.06764697,0.039262965,0.047992375,0.029336473,0.03857165,0.040068965,0.015244728,0.03770249,0.0667839,0.047738947,0.017099818,0.052601058
Burj Khalifa - UAE/34.jpg,0.034990136,0.13032192,0.029232118,0.023638725,0.022428496,0.05409195,0.043810327,0.04716922,0.03130976,0.032869894,0.02013339,0.06290728,0.19793916,0.044272695,0.079747766,0.020912303,0.08477373,0.03945108
Burj Khalifa - UAE/35.jpg,0.024648609,0.4187427,0.038420007,0.010264522,0.079393044,0.009930353,0.0127364,0.15788858,0.036538973,0.044859264,0.001579531,0.040117778,0.017063137,0.0031436458,0.041345548,0.038172707,0.017073628,0.008081366
Burj Khalifa - UAE/36.What-you-can-learn-from-the-Burj-Khalifa-630x315.jpg,0.048296593,0.1206937,0.04618307,0.035398956,0.054102648,0.061374832,0.08186727,0.07316112,0.066412255,0.122950524,0.044018693,0.06269035,0.011016028,0.033642314,0.028042093,0.040107176,0.03313741,0.03690494
Burj Khalifa - UAE/36.jpg,0.1573341,0.108437635,0.009005559,0.018092932,0.003884038,0.0144200185,0.043383043,0.0059393155,0.0052136807,0.056747027,0.0022547236,0.011147221,0.31920326,0.014007696,0.12566246,0.021378703,0.077654965,0.0062337075
Burj Khalifa - UAE/38.jpg,0.013323309,0.137964,0.058612745,0.026841458,0.23222601,0.009569304,0.012789947,0.28041226,0.042021554,0.019362018,0.012114952,0.069240764,0.01172629,0.005247358,0.01812552,0.021994723,0.01782681,0.010600945
Burj Khalifa - UAE/4.80923972-dubai-skyline-burj-khalifa-skyscraper-panorama-panoramic-aerial-view-photography-uae.jpg,0.043278717,0.027421972,0.01016506,0.022577487,0.12570141,0.030993916,0.03599478,0.0729294,0.033162728,0.052445922,0.0075914836,0.030760435,0.008171237,0.00388078,0.06170584,0.06165183,0.0039725164,0.3675945
Burj Khalifa - UAE/4.jpg,0.102659404,0.054676354,0.0414123,0.04436397,0.112683795,0.026749192,0.08714602,0.031789523,0.010147209,0.024703193,0.019054882,0.053684905,0.07691834,0.033104487,0.1424661,0.03836028,0.04932344,0.05075666
Burj Khalifa - UAE/40.burj-860x430.jpg,0.021468904,0.19707674,0.021219088,0.034501337,0.10367825,0.035836577,0.034580283,0.12068695,0.08248991,0.04791069,0.025622886,0.11428338,0.023894126,0.016378349,0.054936726,0.021438971,0.027096417,0.016900456
Burj Khalifa - UAE/40.jpg,0.10508634,0.0775134,0.03467312,0.051377144,0.072822504,0.0548843,0.050206766,0.02458901,0.037992444,0.032093823,0.041640706,0.09582049,0.0456134,0.04282952,0.071392074,0.065662585,0.03732109,0.058481302
Burj Khalifa - UAE/43.burj-khalifa-LEGO1016.jpg,0.022007555,0.48869556,0.012856125,0.027840858,0.03737403,0.027451212,0.05203305,0.015601671,0.028240634,0.08259917,0.0034486388,0.010896894,0.026455302,0.008770949,0.09273199,0.03197976,0.02563558,0.005381057
Burj Khalifa - UAE/44.canada-flag-burj-khalifa-july-1-timings-770x337.jpg,0.2068697,0.05839197,0.03376911,0.03677538,0.07603559,0.022709968,0.049313013,0.02188925,0.046995144,0.016769635,0.03288885,0.119537145,0.040205795,0.013264092,0.10463932,0.06255458,0.021505559,0.0358859
Burj Khalifa - UAE/46.8400306233_1baf058295_b.jpg,0.033499885,0.60278577,0.009138942,0.008105972,0.07585941,0.0045212726,0.004057756,0.026002295,0.019264795,0.061332535,0.0016831984,0.020581197,0.011470306,0.0017589642,0.09768608,0.017013473,0.003504101,0.0017341746
Burj Khalifa - UAE/46.jpg,0.032732606,0.27747646,0.19111972,0.013368495,0.022013461,0.020568945,0.06074067,0.096005395,0.034505937,0.06703614,0.009394952,0.03648403,0.03311874,0.013377245,0.016864747,0.006590736,0.02411064,0.044491176
Burj Khalifa - UAE/47.jpg,0.028390143,0.4014299,0.09580653,0.023660215,0.037144396,0.016313372,0.072577715,0.08743122,0.0367063,0.04169478,0.016551299,0.03313005,0.025887826,0.012608902,0.016223378,0.0027348862,0.017827371,0.03388157
Burj Khalifa - UAE/49.jpg,0.1875415,0.1253093,0.020987928,0.040408194,0.04017721,0.041865222,0.034790866,0.013793559,0.0362409,0.0363557,0.01820747,0.08187277,0.0656264,0.022804454,0.10245483,0.075512625,0.01967049,0.036380623
Burj Khalifa - UAE/5.burj-khalifa.jpg,0.036523897,0.12687469,0.019683708,0.050446194,0.051066846,0.07526608,0.08281301,0.03289002,0.079039246,0.09438196,0.005706278,0.013893207,0.040896438,0.0140673295,0.045310985,0.14013481,0.05733124,0.03367411
Burj Khalifa - UAE/5.jpg,0.013060698,0.58971375,0.020071577,0.00645631,0.025166512,0.014414003,0.0218307,0.094646014,0.017957067,0.04627756,0.0023676907,0.035451222,0.020061148,0.0054230206,0.048574615,0.018214894,0.017019194,0.0032941771
Burj Khalifa - UAE/50.8998ac8efd169f79c2e5e3edd7299b89.jpg,0.02174734,0.32095093,0.012121904,0.021860098,0.07978926,0.05616628,0.13507347,0.03534572,0.018512966,0.04903713,0.031475015,0.05597085,0.009119546,0.058125105,0.054324545,0.010606737,0.016685447,0.01308763
Burj Khalifa - UAE/50.jpg,0.067242496,0.10958533,0.024424527,0.06384883,0.30905646,0.0030800337,0.014539743,0.018707873,0.022607656,0.01321428,0.018059699,0.07104191,0.014596751,0.0025282407,0.20295547,0.028282491,0.009159247,0.007068943
Burj Khalifa - UAE/51.burj-khalifa_wallpaper_006-660x330.jpg,0.031271,0.29085544,0.0641169,0.013778346,0.019702582,0.06426115,0.028515138,0.028710734,0.030762702,0.10085103,0.012714282,0.03835454,0.086309336,0.043864463,0.04879694,0.024170665,0.05370464,0.019260127
Burj Khalifa - UAE/51.jpg,0.015332235,0.333369,0.08948018,0.0063047926,0.024363577,0.021556877,0.010661366,0.14928451,0.035336778,0.18318713,0.0046040206,0.043092854,0.011370556,0.006285761,0.012424334,0.011363307,0.012436125,0.029546537
Burj Khalifa - UAE/52.jpg,0.011605828,0.20685719,0.06797182,0.02641395,0.19027576,0.061965093,0.118576914,0.116966695,0.041510947,0.036616914,0.006335195,0.012773115,0.0031756342,0.013471113,0.010844523,0.015925335,0.010573744,0.048140295
Burj Khalifa - UAE/53.UAE-things-to-know-dubai-burj-khalifa.jpg,0.061041705,0.030953672,0.03299954,0.036913496,0.04925921,0.06327269,0.12764163,0.07391253,0.022148307,0.08740789,0.025127264,0.026687216,0.05590627,0.044411674,0.023961525,0.056703627,0.09920881,0.08244288
Burj Khalifa - UAE/53.jpg,0.07284974,0.08033218,0.03555405,0.055431955,0.058775783,0.0728396,0.06260386,0.035156988,0.041910406,0.057705954,0.053505596,0.071454175,0.03609057,0.059856795,0.04278063,0.059277955,0.05070969,0.053164057
Burj Khalifa - UAE/55.jpg,0.106902,0.12980786,0.07139361,0.008931775,0.046920378,0.045026876,0.021723358,0.04069089,0.10720362,0.08163365,0.0152761815,0.044188444,0.11395514,0.022195484,0.04309537,0.037508823,0.024041208,0.039505467
Burj Khalifa - UAE/56.image9.jpg,0.045810733,0.06341929,0.13583033,0.1229278,0.12149414,0.013271364,0.08266781,0.044525526,0.023357116,0.014475278,0.07629348,0.03619362,0.036232997,0.025732765,0.063255124,0.019706737,0.054947857,0.01985811
Burj Khalifa - UAE/56.jpeg,0.085507065,0.06823416,0.08488786,0.03798386,0.07460286,0.056015886,0.033633154,0.03229906,0.08322184,0.059837144,0.05278915,0.05765823,0.061925307,0.04050258,0.038482018,0.039536785,0.0297577,0.06312531
Burj Khalifa - UAE/57.1-burj-khalifa-in-dubai-uae-ivan-batinic.jpg,0.031129079,0.20884058,0.12530263,0.020442525,0.07750979,0.04037912,0.02997793,0.053451687,0.06797884,0.108746134,0.0015643808,0.009194291,0.010196134,0.0042855274,0.011794461,0.14167026,0.033846468,0.023690145
Burj Khalifa - UAE/57.jpg,0.075145245,0.05252243,0.026418822,0.043199103,0.049218595,0.04842199,0.08688822,0.06943365,0.04369006,0.11811539,0.019017544,0.03611661,0.042132705,0.04111404,0.029513491,0.05877325,0.0588751,0.10140374
Burj Khalifa - UAE/58.jpg,0.023200193,0.09405971,0.018954504,0.026761534,0.06765314,0.033294514,0.025120847,0.25209332,0.09880082,0.03501168,0.016806437,0.089165546,0.051265478,0.020520035,0.052805044,0.025042163,0.04298159,0.026463494
Burj Khalifa - UAE/59.burj-laser-featured-963x400.jpg,0.05356155,0.105993316,0.069305666,0.034188874,0.08982124,0.03672766,0.056364223,0.038464386,0.17444414,0.04656329,0.022091165,0.055458423,0.011116184,0.009957075,0.043187484,0.0747349,0.021937534,0.056082893
Burj Khalifa - UAE/6.dubai-skyline-burj-khalifa-skyscraper-panorama-panoramic-aerial-view-K10XM2.jpg,0.020399533,0.25762188,0.04683394,0.021065388,0.07709539,0.044850986,0.0765826,0.099164434,0.023646062,0.05518858,0.03092072,0.10663573,0.007481714,0.061581682,0.02422494,0.009669241,0.018596975,0.018440066
Burj Khalifa - UAE/6.jpg,0.036557384,0.15870175,0.07830584,0.037457373,0.050304085,0.04835041,0.19458887,0.06910056,0.012333428,0.043599848,0.0185054,0.027276954,0.032829504,0.06533615,0.0323883,0.010949307,0.037649773,0.04576512
Burj Khalifa - UAE/60.jpg,0.017728865,0.7418134,0.004446646,0.0039986474,0.015426588,0.0031863444,0.0069875317,0.013132915,0.0069200187,0.015721122,0.0011105833,0.04960643,0.009538522,0.0011762107,0.09985244,0.005029262,0.0030831257,0.0012412105
Burj Khalifa - UAE/61.jpg,0.026638934,0.11173818,0.08952324,0.03404068,0.15336017,0.012949702,0.025343813,0.15313384,0.05085108,0.03638656,0.045025233,0.116234496,0.03782493,0.020704078,0.033841804,0.008517394,0.024080964,0.019804746
Burj Khalifa - UAE/61.unnamed-file-660x330.jpg,0.01379515,0.7118067,0.014100169,0.006108933,0.0655829,0.0022740013,0.0046078335,0.032297675,0.00778086,0.021166911,0.0021961739,0.039147332,0.0068134023,0.0019954443,0.0611093,0.0049594515,0.0033149107,0.00094290014
Burj Khalifa - UAE/62.hnyMAIN.jpg,0.08835999,0.55053604,0.006552889,0.008933189,0.027140277,0.005985297,0.009933544,0.0035416828,0.013501553,0.040832635,0.004177044,0.040390454,0.01330933,0.0039537353,0.16933668,0.0081699025,0.0026861166,0.0026596868
Burj Khalifa - UAE/63.top.jpg,0.008030824,0.046503007,0.021656392,0.065447494,0.09748842,0.11428423,0.0790236,0.042651515,0.21273069,0.07336039,0.06337185,0.028524626,0.0075708604,0.018301295,0.014220389,0.040877484,0.05173959,0.014217295
Burj Khalifa - UAE/64.burj_khalifa_a_place_architects_must_visit.jpg,0.0641563,0.075620964,0.031107562,0.06503083,0.07030331,0.085390784,0.05680457,0.035473034,0.040823612,0.05085985,0.07447905,0.0750513,0.028888203,0.056887604,0.03833589,0.053685565,0.048253637,0.048847932
Burj Khalifa - UAE/64.jpg,0.12969524,0.0685052,0.036393892,0.038568422,0.053156536,0.05802482,0.05454967,0.040044762,0.039764985,0.046282,0.03842593,0.09843174,0.038620166,0.05155212,0.05060859,0.057869677,0.041590873,0.05791542
Burj Khalifa - UAE/65.burjkhalifa.jpg,0.005856834,0.7362711,0.021958532,0.005772192,0.016192319,0.013546676,0.0221337,0.037628166,0.022985209,0.04328429,0.0044705076,0.038473275,0.004186074,0.009675046,0.0070639052,0.0023092863,0.0067319106,0.001461015
Burj Khalifa - UAE/65.jpg,0.04843751,0.10079723,0.032815408,0.0370302,0.06914569,0.09776365,0.061684046,0.033201236,0.09491424,0.051782414,0.0531994,0.053462368,0.02629802,0.03424888,0.043446977,0.07674504,0.039220016,0.045807723
Burj Khalifa - UAE/66.jpg,0.16570807,0.093133755,0.26930135,0.012197289,0.06726824,0.023998573,0.018716367,0.03427042,0.03903937,0.09298732,0.013402132,0.031679038,0.0313686,0.02192178,0.021141607,0.021092512,0.01580088,0.026972834
Burj Khalifa - UAE/67.jpg,0.0045177024,0.73390347,0.0011912689,0.006106453,0.030876925,0.0054409816,0.006864409,0.014478174,0.024218265,0.06474858,0.004881429,0.032077234,0.0033244218,0.0025108592,0.059096813,0.0029155002,0.0017671417,0.0010803578
Burj Khalifa - UAE/68.feb4274796d93ff716e9650163a77fb8_XL.jpg,0.05456905,0.32663706,0.0013513755,0.017253324,0.02642463,0.002896493,0.022237886,0.0009000161,0.004842589,0.032544646,0.0024615363,0.012914613,0.025916424,0.004526992,0.4514537,0.0048443377,0.0068990313,0.0013261604
Burj Khalifa - UAE/68.jpg,0.05209003,0.09052096,0.043347377,0.06428277,0.06995618,0.06816203,0.061632782,0.036224358,0.041621484,0.057965647,0.07194553,0.05352878,0.03327827,0.053541347,0.058505524,0.043857995,0.0494638,0.050075088
Burj Khalifa - UAE/69.GettyImages-952843738_HR-resized.jpg,0.0063959807,0.8615032,0.023294928,0.003442099,0.0059580435,0.0030427908,0.01777113,0.012742991,0.0022292552,0.012292727,0.0009340979,0.011470315,0.005443162,0.0021146992,0.023504067,0.0015332446,0.0054818075,0.000845666
Burj Khalifa - UAE/69.jpg,0.050116736,0.10406483,0.03157485,0.059295677,0.07344337,0.081711955,0.06513794,0.032180864,0.054658238,0.053272944,0.0695702,0.06595753,0.024881747,0.04756313,0.050178967,0.047908906,0.035404783,0.053077213
Burj Khalifa - UAE/7.jpg,0.052849,0.48393893,0.01630535,0.0056803613,0.011391176,0.0028628632,0.024098968,0.0050313673,0.0017237758,0.02296657,0.0015059435,0.012192865,0.027759938,0.006397184,0.3032577,0.005009967,0.016125489,0.0009025873
Burj Khalifa - UAE/70.jpg,0.03199357,0.051947106,0.024549413,0.039007705,0.05494476,0.083783455,0.026065744,0.11216093,0.05647773,0.03298664,0.093230404,0.12055825,0.051100116,0.039120197,0.045149382,0.01889369,0.060486235,0.057544693
Burj Khalifa - UAE/71.f9d9b91d-874e-48bd-bb9f-dace6d28e9c9Burj-Khalifa.jpg,0.029286284,0.13663395,0.06803891,0.0406665,0.108846195,0.05896099,0.1299835,0.08561529,0.029678417,0.037065774,0.03440968,0.045325417,0.02378506,0.06293478,0.029999133,0.01545384,0.03016005,0.033156287
Burj Khalifa - UAE/73.jpg,0.07431492,0.0073777926,0.0056882426,0.031177638,0.024315026,0.01475429,0.053120736,0.007027268,0.018135712,0.44754207,0.04592482,0.02280592,0.028112134,0.077412814,0.022578498,0.012964114,0.09531843,0.011429591
Burj Khalifa - UAE/75.jpg,0.013472777,0.33925134,0.020236421,0.013167566,0.0601948,0.06622375,0.067668125,0.15453658,0.03259701,0.049931377,0.010718202,0.04950326,0.01345319,0.042093582,0.013877257,0.017967384,0.023223475,0.01188408
Burj Khalifa - UAE/76.jpg,0.04008681,0.17019482,0.030080868,0.039601564,0.078837134,0.08112797,0.074094765,0.026622783,0.053026836,0.040154703,0.05259577,0.05520568,0.028782906,0.055034988,0.0642467,0.041539,0.029806294,0.0389604
Burj Khalifa - UAE/77.jpg,0.019108195,0.10982113,0.057215154,0.02309744,0.14319518,0.044874582,0.04104789,0.15737581,0.10392169,0.044972554,0.006144776,0.02068739,0.0059077633,0.0065990184,0.013897289,0.049077194,0.008952345,0.14410463
Burj Khalifa - UAE/78.jpg,0.034612376,0.1742243,0.041342963,0.019192945,0.07015025,0.063853525,0.09948633,0.07395368,0.02665914,0.061167642,0.03269181,0.10083322,0.014294739,0.09428618,0.023199819,0.020861808,0.027351798,0.02183751
Burj Khalifa - UAE/8.761271196_Burj_20Kkhalifa_202_20-_20UAE.jpg,0.16277686,0.05792441,0.0056067295,0.015273431,0.14115767,0.026279844,0.012805911,0.016296938,0.04709702,0.04027574,0.0064359135,0.020625673,0.029726947,0.0033397502,0.110259496,0.28447676,0.0058406587,0.013800239
Burj Khalifa - UAE/8.jpg,0.23096314,0.14263101,0.009187959,0.022950368,0.10351781,0.008984575,0.013953365,0.012086292,0.060990453,0.041004542,0.0069444305,0.053652827,0.02753654,0.0029372913,0.19401143,0.05229335,0.0048826374,0.011472116
Burj Khalifa - UAE/80.jpg,0.14745596,0.025441587,0.024733707,0.055439923,0.16302182,0.0669601,0.04708828,0.006019094,0.041496225,0.036482703,0.064754225,0.041435707,0.03346321,0.022206992,0.09976712,0.08960444,0.012359657,0.022269255
Burj Khalifa - UAE/81.jpg,0.035652053,0.32112932,0.10955245,0.016477268,0.026000196,0.018536026,0.06198393,0.10595709,0.03893175,0.07768123,0.0067456574,0.030839007,0.020499075,0.006901119,0.01576939,0.0067193285,0.018474441,0.08215055
Burj Khalifa - UAE/83.jpg,0.030999154,0.50228715,0.005311479,0.017048141,0.038828958,0.0036029487,0.008876174,0.007192159,0.014146078,0.03108167,0.004797714,0.041171018,0.014021507,0.0031629312,0.26168057,0.0071826936,0.003618294,0.0049914597
Burj Khalifa - UAE/84.794-4323.jpg,0.030650193,0.085250005,0.031381987,0.032457866,0.14931403,0.016300948,0.18285725,0.017053878,0.007168651,0.010322997,0.022791786,0.02390219,0.027165314,0.023219457,0.2958392,0.0076934663,0.018033637,0.018597187
Burj Khalifa - UAE/84.jpg,0.0041892426,0.5873741,0.045999236,0.007865453,0.035188943,0.028043596,0.057442512,0.11155001,0.009397398,0.04744048,0.0041728923,0.019689312,0.001604406,0.018882725,0.0027456228,0.0031420623,0.012009214,0.0032628656
Burj Khalifa - UAE/86.Burj-Khalifa.jpg,0.15832321,0.13855092,0.03197588,0.037421897,0.056672826,0.009481875,0.030577196,0.01647755,0.026838984,0.01596811,0.021294793,0.15089779,0.03796993,0.017328188,0.17417066,0.016010994,0.011983864,0.048055444
Burj Khalifa - UAE/86.jpg,0.024424173,0.43161294,0.025056511,0.009516925,0.042118497,0.014481512,0.01187065,0.10441339,0.02145858,0.032994088,0.0049929433,0.10504879,0.05158106,0.008772104,0.06731004,0.011736532,0.023990005,0.008621181
Burj Khalifa - UAE/87.jpg,0.013488265,0.2909929,0.12069283,0.021348903,0.091592215,0.016526816,0.011425768,0.15467551,0.043289248,0.09387075,0.0035280574,0.032293946,0.009382824,0.0038793795,0.016189216,0.041453555,0.021619016,0.013750923
Burj Khalifa - UAE/87.view-dubai-skyscraper-burj-khalifa-260nw-260050316.jpg,0.012384463,0.73075104,0.008686979,0.005126498,0.010934698,0.0063844975,0.0221521,0.022184113,0.0064257076,0.022123167,0.002098357,0.017760469,0.02182327,0.0032028148,0.09262973,0.004719676,0.00929421,0.0013183828
Burj Khalifa - UAE/88.Image-2-750x350.jpg,0.08041151,0.087910056,0.019045783,0.043342654,0.069789015,0.0740776,0.0745437,0.033318706,0.07023176,0.08828614,0.06704579,0.0716912,0.015040728,0.039862707,0.038116913,0.06927951,0.028213326,0.029792944
Burj Khalifa - UAE/9.jpg,0.007817798,0.01769239,0.8352197,0.007173036,0.011478188,0.003042154,0.013477178,0.014503011,0.002738691,0.017873524,0.007331122,0.003290793,0.0064349966,0.007525057,0.003503731,0.0014925817,0.03735282,0.002053495
Burj Khalifa - UAE/90.chinese-new-year-on-burj-khalifa.jpg,0.15546061,0.12150222,0.015683303,0.034974836,0.050289266,0.030739777,0.09307732,0.014897763,0.010460621,0.020678332,0.00579466,0.023602968,0.06692243,0.017943285,0.23302282,0.06132168,0.028360171,0.015267996
Burj Khalifa - UAE/90.jpg,0.19943155,0.09961968,0.040863577,0.025479501,0.033556465,0.020959903,0.033776216,0.014050663,0.037462153,0.037063267,0.02407659,0.1342044,0.062497202,0.027414907,0.097682886,0.042207945,0.020150661,0.049502388
Burj Khalifa - UAE/91.burj-khalifa-day-view.jpg,0.0847303,0.033134125,0.37831447,0.019740518,0.04509468,0.027267419,0.028623037,0.027241323,0.05828508,0.049127128,0.03944464,0.019545957,0.054350987,0.030177316,0.01932412,0.019003639,0.040805966,0.025789388
Burj Khalifa - UAE/91.jpg,0.054582775,0.033212442,0.03790734,0.071811944,0.058654305,0.095934026,0.050512247,0.042671062,0.070319265,0.046973765,0.085523985,0.04338002,0.044192854,0.028480463,0.045734987,0.074679375,0.05488927,0.06053976
Burj Khalifa - UAE/92.jpg,0.004619568,0.63259304,0.013133388,0.0028580718,0.027060274,0.0055251936,0.0064280643,0.15154263,0.011422691,0.024907572,0.0020631722,0.0791235,0.006683024,0.004437311,0.017732942,0.0029572241,0.005145955,0.0017663082
Burj Khalifa - UAE/93.jpg,0.082748376,0.3025238,0.011302606,0.011791567,0.006336265,0.0152944615,0.05126406,0.011378934,0.0055310437,0.037344117,0.0025398592,0.015986651,0.2064389,0.0138789965,0.15909632,0.015469517,0.047524434,0.0035501302
Burj Khalifa - UAE/94.jpg,0.03378733,0.13977027,0.05391067,0.013023363,0.030328708,0.06942991,0.05107194,0.040065557,0.037641663,0.06583191,0.015204538,0.039166003,0.14129348,0.062073085,0.042078946,0.0486401,0.08007501,0.0366076
Burj Khalifa - UAE/95.jpg,0.062168404,0.06834768,0.03624619,0.04550935,0.073151276,0.080788486,0.06495053,0.025976935,0.07389771,0.04067156,0.05549065,0.06303605,0.034899224,0.033166576,0.059101783,0.08644006,0.05122458,0.044932958
Burj Khalifa - UAE/96.jpeg,0.03411012,0.04829307,0.03263494,0.04262799,0.33850566,0.031094436,0.054265328,0.047398042,0.020281836,0.014495125,0.024261406,0.032740507,0.015317143,0.021102076,0.121747054,0.047609065,0.016999396,0.056516916
Burj Khalifa - UAE/97.jpg,0.006072702,0.8611999,0.024390308,0.0034147808,0.0062868646,0.0030511983,0.018132593,0.013490409,0.0022408052,0.012008102,0.00094115554,0.011204481,0.005128308,0.0020872853,0.022710176,0.0014827,0.005280786,0.0008776074
Burj Khalifa - UAE/98.jpg,0.01998947,0.16081777,0.07449179,0.018807763,0.049502674,0.04430168,0.036324702,0.16547786,0.083657786,0.08319398,0.0086584855,0.045239277,0.023410624,0.012148546,0.024866348,0.049039338,0.034235924,0.065836005
Chich-n Itz - Mexico/1.castillo-view.jpg,0.02738359,0.18579197,0.30555072,0.013613002,0.057021055,0.014510406,0.065264046,0.102712564,0.004154402,0.03900222,0.010211823,0.034022342,0.014094464,0.04412254,0.014037925,0.010445003,0.047827106,0.010234827
Chich-n Itz - Mexico/10.chichen_20itza_201_3337.jpg,0.0042071254,0.13117883,0.6786257,0.009999092,0.043223087,0.0037495715,0.03011939,0.04810697,0.00725672,0.011374887,0.0015468083,0.005514108,0.0012346663,0.0020829772,0.0027051566,0.0026127906,0.011593005,0.0048692026
Chich-n Itz - Mexico/100.jpg,0.014402212,0.036538195,0.3322833,0.016190156,0.04407384,0.0108147,0.02549534,0.009154299,0.3279286,0.10177563,0.007295889,0.008980958,0.0039934292,0.0025185845,0.0065739746,0.02150562,0.016438574,0.014036643
Chich-n Itz - Mexico/101.jpg,0.0010651841,0.004826608,0.9287557,0.0011334787,0.0020647508,0.0009181257,0.0071619414,0.0015689719,0.00067882595,0.023639666,0.00022376019,0.00016543757,0.0006092703,0.0008406835,0.00026222286,0.0011947645,0.024553834,0.00033677166
Chich-n Itz - Mexico/103.jpg,0.06649646,0.18383813,0.16834414,0.022761453,0.06123295,0.017854884,0.035555154,0.029132687,0.10628951,0.07986075,0.00983567,0.08923002,0.010319541,0.015926547,0.011913932,0.04335464,0.016267091,0.03178665
Chich-n Itz - Mexico/11.jpg,0.07643835,0.032420702,0.08124654,0.022634992,0.07731496,0.060339402,0.06318098,0.10676302,0.024286842,0.065185174,0.018503385,0.04319836,0.03914643,0.06953834,0.043505996,0.04139889,0.04938995,0.0855076
Chich-n Itz - Mexico/12.jpg,0.005209526,0.08640499,0.6213718,0.010317042,0.017141925,0.010057164,0.025443273,0.057050224,0.016937472,0.08208236,0.0030212293,0.012431963,0.0016985026,0.0055301827,0.0014670214,0.006677223,0.026480036,0.010678178
Chich-n Itz - Mexico/12.kukulkan-pyramid-archeological-site-chichen-260nw-480948610.jpg,0.021487605,0.002662737,0.8669782,0.0041651027,0.049229704,0.00047737127,0.0008241698,0.0060105417,0.012198715,0.008211822,0.015128603,0.0014338938,0.005091559,0.0016776513,0.00051397725,0.0002989935,0.0031206612,0.00048880244
Chich-n Itz - Mexico/13.chichen-itza-pyramid-and-elegant-young-woman-walking-in-the-sunset-with-dramatic-clouded-sky-in-background-RDX6GP.jpg,0.05626655,0.04353069,0.23803996,0.04391402,0.049821407,0.030002711,0.06311126,0.03565468,0.063613415,0.03765718,0.027807929,0.03216749,0.0332137,0.018601755,0.024903301,0.08764745,0.08082292,0.03322369
Chich-n Itz - Mexico/13.jpg,0.03274475,0.20539598,0.20142041,0.025284227,0.08323808,0.019166367,0.03351393,0.07067841,0.048536543,0.057966795,0.020564314,0.10527867,0.0067746486,0.025080077,0.012777382,0.012123857,0.016481727,0.022973744
Chich-n Itz - Mexico/14.10-facts-about-Chichen-Itza-1.jpg,0.00964643,0.035663508,0.73255724,0.017121501,0.019612964,0.0055388683,0.02243116,0.017363314,0.037077434,0.045058254,0.0028844576,0.00650679,0.0015269077,0.0022340144,0.0016599515,0.011075724,0.021582711,0.01045868
Chich-n Itz - Mexico/14.jpg,0.06745599,0.08127751,0.036171615,0.0625808,0.06618455,0.07636272,0.06482447,0.041526336,0.042776864,0.06285203,0.06700941,0.06800914,0.025354568,0.0569838,0.03819501,0.050584447,0.04676084,0.04508988
Chich-n Itz - Mexico/15.ancient-cancun-maya-mayan-wallpaper-thumb.jpg,0.001661463,0.0010392276,0.97794145,0.00045297024,0.0054591796,0.00025272617,0.00058663415,0.0013292304,0.00056846254,0.004270318,0.00039711958,0.00016758604,0.00024758992,0.00061189313,0.00012480703,0.0005013866,0.004270291,0.00011748733
Chich-n Itz - Mexico/15.jpg,0.022367679,0.08598378,0.53260607,0.011451016,0.061847493,0.013249755,0.032386992,0.06452357,0.007471716,0.03879891,0.007129341,0.013764481,0.01170649,0.018192338,0.013836974,0.014007088,0.036590382,0.014086032
Chich-n Itz - Mexico/16.chichen-itza-5643584.jpg,0.0069345916,0.010518337,0.8801333,0.005672564,0.0063488,0.0021770236,0.011893278,0.0071379063,0.0028353,0.016245874,0.0049450756,0.0018239437,0.0047186324,0.0051490893,0.001975487,0.0010655368,0.02908396,0.0013414446
Chich-n Itz - Mexico/16.jpg,0.026270308,0.032647137,0.564273,0.007161875,0.02019709,0.011286585,0.027152423,0.037950393,0.0031742535,0.100359075,0.005329821,0.0066433027,0.016780194,0.030288102,0.009749995,0.011872419,0.08151072,0.0073534036
Chich-n Itz - Mexico/17.jpg,0.022584382,0.014552879,0.5259523,0.013155831,0.17711115,0.004554345,0.0061278716,0.008343825,0.072808556,0.075357445,0.003533987,0.004018107,0.002922825,0.0018443163,0.006378782,0.03894701,0.010044779,0.011761581
Chich-n Itz - Mexico/18.a29a86be1590c11ded93d884e0b91d62.jpg,0.0045333104,0.028902005,0.6808133,0.00731894,0.028772496,0.0139311915,0.026115669,0.035100352,0.011070058,0.08272489,0.0043398757,0.0024831956,0.0030518146,0.00991473,0.001580598,0.008869801,0.04709849,0.003379048
Chich-n Itz - Mexico/19.jpg,0.008037256,0.008250995,0.5387274,0.0149392225,0.061812658,0.012601152,0.01725078,0.0097309165,0.18744761,0.05663122,0.0062864013,0.0025457512,0.0043400954,0.0025266795,0.002499138,0.027526341,0.022195617,0.016650897
Chich-n Itz - Mexico/2.AtractivoGrande_2352019081130.jpg,0.007817798,0.01769239,0.8352197,0.007173036,0.011478188,0.003042154,0.013477178,0.014503011,0.002738691,0.017873524,0.007331122,0.003290793,0.0064349966,0.007525057,0.003503731,0.0014925817,0.03735282,0.002053495
Chich-n Itz - Mexico/2.jpg,0.006727453,0.010184565,0.9085263,0.0035753825,0.007727748,0.0014874572,0.006739705,0.014179583,0.0034572592,0.010498992,0.0018485013,0.0020013233,0.0021871137,0.0027803485,0.0010290729,0.0010315953,0.012376902,0.003640517
Chich-n Itz - Mexico/20.Chichen-Itza-770x305.jpg,0.0021678994,0.00039635788,0.9660945,0.00091350387,0.010904481,0.00066127186,0.00066066167,0.0006361264,0.0051234174,0.0041789105,0.001490116,0.0001474061,0.00037465998,0.00031723361,0.00014696296,0.0014988921,0.0040821745,0.00020518838
Chich-n Itz - Mexico/20.jpg,0.0008713805,0.002432695,0.9715086,0.00063011143,0.0027506682,0.00031080592,0.0009284121,0.0024242473,0.0016238138,0.010082225,0.00010365451,0.00013397755,0.00017722891,0.00013869023,7.796931e-05,0.00066067325,0.004735195,0.00040964337
Chich-n Itz - Mexico/21.jpg,0.03485476,0.0034359752,0.7874641,0.0023331454,0.008494986,0.0015246161,0.007849773,0.003291714,0.0036728517,0.004003753,0.023566205,0.0005804909,0.07082179,0.017997371,0.0005889571,0.00016023443,0.02883997,0.0005193621
Chich-n Itz - Mexico/21.mexico-yucatan-state-maya-site-of-chichen-itza-A82EPC.jpg,0.0054686875,0.0053180484,0.8317118,0.005055353,0.020229215,0.0059885187,0.007797953,0.0031616637,0.015824085,0.03206466,0.002954325,0.0013928929,0.002189705,0.001882758,0.0011717003,0.0203009,0.03608124,0.0014064012
Chich-n Itz - Mexico/22.jpg,0.04959247,0.028566716,0.54778755,0.018872213,0.036392912,0.013093292,0.03165612,0.039630316,0.01597812,0.051180914,0.020830143,0.015368686,0.01874371,0.029884256,0.0076200687,0.009768115,0.04905917,0.015975142
Chich-n Itz - Mexico/23.el-castillo-kukulkan-pyramid-chichen-itza-mayan-ruins-yucatan-mexico-A9AHNJ.jpg,0.018808436,0.0068655526,0.6397413,0.015122301,0.08741692,0.015589477,0.0058425134,0.010961808,0.057739586,0.034684673,0.029331572,0.0046186424,0.0063976115,0.0027298643,0.004265828,0.028998643,0.026748499,0.00413675
Chich-n Itz - Mexico/23.jpg,0.017441487,0.012155384,0.6172228,0.0154759055,0.07644361,0.010690202,0.010106469,0.006158865,0.082839966,0.061052777,0.0041764257,0.0035864303,0.0039290576,0.0026988701,0.0023498568,0.043820124,0.022385903,0.0074659856
Chich-n Itz - Mexico/24.jpg,0.051545724,0.07718268,0.037912294,0.0613702,0.05783336,0.07733945,0.073795065,0.035374053,0.040859457,0.05367643,0.056045406,0.05514877,0.044341233,0.05628506,0.06121606,0.051330008,0.05641419,0.052330557
Chich-n Itz - Mexico/25.jpg,0.010873196,0.08823977,0.5651793,0.016091194,0.017862692,0.011504797,0.048664402,0.02979789,0.0620929,0.07075234,0.0035916022,0.011049754,0.0017384532,0.0029917306,0.0034528521,0.01480291,0.028750882,0.012563232
Chich-n Itz - Mexico/26.jpg,0.0035235689,0.014960545,0.808286,0.0082017295,0.025864085,0.0018474316,0.004195764,0.028877115,0.009374194,0.06730716,0.0027221036,0.0026842803,0.0011061543,0.0014805553,0.00076155417,0.002214808,0.012690253,0.0039025724
Chich-n Itz - Mexico/27.istock_481900347_mexico_maya_ruins_uxmal_letterbox.jpg,0.015491546,0.09914014,0.42556974,0.015184553,0.03669599,0.018525,0.0594813,0.07434199,0.006215307,0.06935588,0.013295336,0.015986457,0.012312651,0.05059648,0.0070446255,0.006348776,0.06877064,0.0056434907
Chich-n Itz - Mexico/27.png,0.009015733,0.0032775656,0.6361008,0.012055446,0.06822579,0.010167519,0.00826202,0.0055611003,0.13772728,0.04900163,0.0116947815,0.001295756,0.0026848735,0.0016387249,0.0014928567,0.0173559,0.018405925,0.0060362327
Chich-n Itz - Mexico/28.1800px-Chich_C3_A9n_Itz_C3_A1-banner.jpg,0.124373175,0.021464217,0.08661844,0.031486157,0.14640702,0.06313998,0.06268459,0.05561379,0.03305535,0.037005752,0.023883037,0.031918533,0.03336609,0.0461472,0.023002643,0.07503443,0.027092658,0.07770691
Chich-n Itz - Mexico/28.jpg,0.13316196,0.03845743,0.046427697,0.046660457,0.039541118,0.064603835,0.10507939,0.034762837,0.027585398,0.0349619,0.06964785,0.042089164,0.09970355,0.056576304,0.047916904,0.028133314,0.047293317,0.03739761
Chich-n Itz - Mexico/29.best-ruins-chichen-itza-770.jpg,0.008461641,0.008127632,0.7155256,0.011391943,0.12180547,0.004572571,0.0066101155,0.009749809,0.019250473,0.045928914,0.0026686848,0.0019058912,0.0013289179,0.0026263725,0.0025562365,0.016565096,0.014527149,0.006397277
Chich-n Itz - Mexico/29.jpg,0.005806706,0.022603698,0.74357706,0.010451727,0.017455352,0.0064499974,0.04009022,0.012203003,0.0025539384,0.028126888,0.0020687198,0.0022671071,0.0036200571,0.0067132907,0.004853922,0.0088429805,0.07823288,0.004082693
Chich-n Itz - Mexico/3.IMG_7397-940x400.jpg,0.029778006,0.038135163,0.19333528,0.052762274,0.1286762,0.026654463,0.04983986,0.063922405,0.030759066,0.08252157,0.04122205,0.03640618,0.01932621,0.031122668,0.047844183,0.028107181,0.06399458,0.035592634
Chich-n Itz - Mexico/3.jpg,0.87400556,0.0048092245,0.002735044,0.00060948625,0.007739092,0.00092370313,0.0020717245,0.00013021711,0.009969607,0.0039266483,0.0034118074,0.03036474,0.022590045,0.001164799,0.019995054,0.013889813,0.00047777797,0.001185612
Chich-n Itz - Mexico/30.Mexico.jpg,0.022682577,0.04283279,0.3251872,0.047959045,0.07919521,0.030376643,0.06330824,0.053689554,0.030436987,0.059406783,0.017800156,0.020030258,0.01443337,0.018203717,0.02094271,0.04199607,0.07438544,0.03713324
Chich-n Itz - Mexico/31.jpg,0.009303708,0.021693967,0.42246136,0.038121793,0.10335744,0.011620372,0.03516204,0.005616299,0.12175981,0.08537888,0.05497621,0.0100000985,0.0056355447,0.01058877,0.016850624,0.010162644,0.030308045,0.0070024272
Chich-n Itz - Mexico/32.jpg,0.10689648,0.010767424,0.34106922,0.01133254,0.3159534,0.008428854,0.004158175,0.007992026,0.064660825,0.019042885,0.009997372,0.007544074,0.007144384,0.0018584843,0.008268439,0.062160138,0.005445194,0.0072801374
Chich-n Itz - Mexico/33.jpg,0.015794791,0.0971812,0.20915139,0.027005667,0.04129435,0.043111287,0.0770597,0.15425143,0.010176475,0.051210936,0.024153681,0.03892415,0.0057403147,0.13206495,0.0065120608,0.004526705,0.050539948,0.011300834
Chich-n Itz - Mexico/33.pyramid-kukulkan-amnd-square-with-dry-grass-in-chichen-itza-mexico-KY78N8.jpg,0.0008218962,0.033117946,0.91389847,0.0015723172,0.0048914636,0.00086784334,0.0059069027,0.009954476,0.00089968595,0.016014403,0.0006545845,0.0008996281,0.00033334477,0.0012909049,0.00029863356,0.00028332628,0.007956938,0.00033741008
Chich-n Itz - Mexico/34.9414281850_51483a3a9a_b.jpg,0.022939892,0.008956169,0.025334328,0.06730753,0.089876465,0.044760074,0.056817643,0.013169614,0.21040708,0.0663862,0.11928425,0.01954591,0.042337887,0.016897963,0.05626205,0.038045913,0.056820825,0.044850163
Chich-n Itz - Mexico/34.jpg,0.44046223,0.053489804,0.12236785,0.006257586,0.01635183,0.015981639,0.012227596,0.0054657976,0.006182348,0.15109532,0.0044074818,0.024835018,0.022425342,0.040581133,0.01649896,0.036225267,0.020524567,0.0046204594
Chich-n Itz - Mexico/35.25973413291_9d2e1a20b6_z.jpg,0.0023935265,0.006493667,0.9282498,0.0018633372,0.0021007052,0.001112782,0.0056278487,0.0028891023,0.0019169167,0.026081076,0.00089992903,0.00061537966,0.0011415657,0.001810164,0.00028340338,0.00069047645,0.015282482,0.0005480176
Chich-n Itz - Mexico/35.jpg,0.0512918,0.04330516,0.2630122,0.034795318,0.04197626,0.046022125,0.05290733,0.036246583,0.01852989,0.13314843,0.031386152,0.030184671,0.017489074,0.041994166,0.030409243,0.028901612,0.07219094,0.026208926
Chich-n Itz - Mexico/36.jpg,0.0037448753,0.005782483,0.7035816,0.0077313334,0.16259797,0.0061482843,0.0042493697,0.011475302,0.011100246,0.026298111,0.0058612423,0.0015865535,0.0018008156,0.0014372328,0.0031168584,0.022755662,0.018353703,0.002378359
Chich-n Itz - Mexico/37.jpg,0.010072106,0.008557061,0.8563217,0.009934589,0.037622392,0.0021244774,0.0044560507,0.0127311265,0.013984281,0.012655282,0.0067544123,0.0036310984,0.002083934,0.0017571223,0.0016979846,0.0025996931,0.008947575,0.0040690466
Chich-n Itz - Mexico/38.jpg,0.13729787,0.011285076,0.22060868,0.0005016979,0.0030124502,0.004591411,0.0061367806,0.0011589755,0.008820723,0.021938283,0.0075712954,0.0013328434,0.49270347,0.034850016,0.0013072721,0.0009995291,0.04521312,0.00067040254
Chich-n Itz - Mexico/39.jpg,0.05883773,0.17907162,0.16045082,0.016329544,0.011639811,0.025861977,0.07842712,0.06548956,0.019899085,0.12616357,0.013872469,0.05430547,0.032271877,0.06784594,0.010148315,0.010716983,0.045192864,0.0234752
Chich-n Itz - Mexico/4.8190846ec24de54e5cb2d76.jpg,0.0011463257,0.06907252,0.57799774,0.02235973,0.03789907,0.014455529,0.10045739,0.02448976,0.011053909,0.049890995,0.006514675,0.0020198503,0.0017335599,0.0072967433,0.00349254,0.004586794,0.0632315,0.0023012834
Chich-n Itz - Mexico/40.chichen-itza-20328170.jpg,0.108377025,0.0063285674,0.011155896,0.05892757,0.16323735,0.020534659,0.01605143,0.005785962,0.08425185,0.012946324,0.20904782,0.06959831,0.04559365,0.012069326,0.12293164,0.015793934,0.009902414,0.027466299
Chich-n Itz - Mexico/40.jpg,0.030568572,0.01814343,0.2691385,0.017527219,0.06731375,0.031947248,0.010864633,0.017879564,0.33807877,0.052346073,0.013429202,0.009564639,0.012459459,0.002472621,0.0057484074,0.0399094,0.009720186,0.052888248
Chich-n Itz - Mexico/41.jpg,0.0010767508,0.06804045,0.80325884,0.0028441383,0.022860344,0.0024257828,0.006358643,0.044590574,0.002387995,0.024742737,0.0013917127,0.0024961994,0.00076113374,0.0016717938,0.0007786984,0.0011543679,0.012425582,0.00073422043
Chich-n Itz - Mexico/42.mexico-chichenitza.jpg,0.0021678994,0.00039635788,0.9660945,0.00091350387,0.010904481,0.00066127186,0.00066066167,0.0006361264,0.0051234174,0.0041789105,0.001490116,0.0001474061,0.00037465998,0.00031723361,0.00014696296,0.0014988921,0.0040821745,0.00020518838
Chich-n Itz - Mexico/43.jpg,0.1499189,0.021741437,0.26060572,0.011442293,0.04587052,0.0307882,0.019020692,0.020689104,0.057579108,0.06748296,0.030139199,0.013578481,0.114737384,0.04660254,0.011101545,0.027599115,0.048874445,0.022228312
Chich-n Itz - Mexico/44.chichen-itza-pyramid-and-elegant-young-woman-walking-in-the-sunset-with-dramatic-clouded-sky-in-background-RDX6YT.jpg,0.015169863,0.12831695,0.348241,0.02104906,0.06187116,0.016534623,0.039402895,0.10766811,0.008767924,0.08102353,0.013284222,0.026031071,0.012606176,0.032931864,0.012087825,0.010967589,0.054588,0.009458086
Chich-n Itz - Mexico/45.jpg,0.09823793,0.027390936,0.045614637,0.024566257,0.17352939,0.05915148,0.030454868,0.056235783,0.055172563,0.040369384,0.024784401,0.041927345,0.045926366,0.032906868,0.039778505,0.121475525,0.024670009,0.05780776
Chich-n Itz - Mexico/46.WEB_PHOTO_MAYAN_PYRAMID_040218.jpg,0.0023785755,0.0033858076,0.9434843,0.0023034054,0.010726894,0.0013815854,0.0030610226,0.0015638827,0.002746133,0.008499602,0.0010704574,0.00056499755,0.0007534285,0.0008833642,0.0007124487,0.0028052486,0.0131300995,0.0005484885
Chich-n Itz - Mexico/46.jpg,0.0028831668,0.005835449,0.75380045,0.010496157,0.06804957,0.009108273,0.012539992,0.00764469,0.034633294,0.032726754,0.004194519,0.0011781901,0.0015400429,0.0016969278,0.001922552,0.019902622,0.025803719,0.0060437284
Chich-n Itz - Mexico/47.jpg,0.012315139,0.045861322,0.6052245,0.013030161,0.022124413,0.008998725,0.027382145,0.04033539,0.006316226,0.09328818,0.0071716313,0.009341585,0.009204993,0.018649459,0.0036831524,0.007619015,0.064930394,0.0045236195
Chich-n Itz - Mexico/48.jpg,0.0031435506,0.029166399,0.5978282,0.018597148,0.13401732,0.0092190765,0.046947975,0.04266459,0.0051608947,0.027070524,0.0010051253,0.00086100475,0.0015732704,0.0019013765,0.006321723,0.019127816,0.03904355,0.016350461
Chich-n Itz - Mexico/49.jpg,0.008120362,0.012424952,0.84981483,0.0033200642,0.014716267,0.003194152,0.004848408,0.017904568,0.005133734,0.04191863,0.0015051143,0.0024966595,0.0017818327,0.003364232,0.001303679,0.005066072,0.019035248,0.0040508904
Chich-n Itz - Mexico/49.waystoplay-ruins-Chichen-Itza.jpg,0.043581855,0.12168194,0.28179064,0.034767456,0.025330557,0.018750368,0.1113752,0.06524185,0.009259352,0.053921748,0.015425855,0.01786113,0.03523166,0.048489403,0.017404493,0.006951577,0.07194956,0.020985188
Chich-n Itz - Mexico/5.jpg,0.00115739,0.00020600963,0.9843418,0.00015556652,0.0006129063,8.959362e-05,0.00034622021,0.00034979076,0.0003289473,0.007287114,0.00011148661,3.4531702e-05,0.00014798493,0.00029815768,1.2583997e-05,0.00018842769,0.00429391,3.752018e-05
Chich-n Itz - Mexico/5.site_0483_0001-750-0-20080528123637.jpg,0.034799006,0.040134892,0.08937582,0.06566777,0.08522,0.049304027,0.03849278,0.08221645,0.15164168,0.049735747,0.030076975,0.04348272,0.018325858,0.009897275,0.025018636,0.0530037,0.051725883,0.08188093
Chich-n Itz - Mexico/50.most-instagrammable-places-in-mexico-41.jpg,0.05555492,0.025574358,0.5933014,0.012118887,0.0969566,0.007296486,0.01242976,0.013773099,0.0132856015,0.046070155,0.011759931,0.022070084,0.011661286,0.011335359,0.017952492,0.019789886,0.019537836,0.0095318435
Chich-n Itz - Mexico/51.jpg,0.032997817,0.004685424,0.5573986,0.014374971,0.037011616,0.036470026,0.009634906,0.011748053,0.09379757,0.059528027,0.035421085,0.0033340196,0.010124593,0.0059959977,0.0024435292,0.027260112,0.05152041,0.0062532965
Chich-n Itz - Mexico/52.El-Castillo-The-Pyramid-of-Kukulcan-at-Chichen-Itza-Mexico-_C2_A9-Tose-Dreamstime-22323747-e1426796268103-1000x399.jpg,0.05012519,0.07624585,0.1941969,0.06546811,0.038215533,0.024503965,0.048272233,0.074565835,0.018208798,0.05428951,0.04341857,0.06958322,0.039926015,0.052951105,0.031032125,0.011158289,0.08001653,0.027822144
Chich-n Itz - Mexico/52.jpg,0.015027739,0.024902038,0.0748711,0.04242382,0.0520819,0.061433837,0.061860766,0.024319075,0.23464252,0.19198075,0.03807549,0.009276302,0.0068333857,0.0075857276,0.012300804,0.0629034,0.049442004,0.030039303
Chich-n Itz - Mexico/53.000_I58YE.jpg,0.01616925,0.027811272,0.07067492,0.21879233,0.07494705,0.008494542,0.065940015,0.095538884,0.031901497,0.017248198,0.1955449,0.034028802,0.023430359,0.027306627,0.022800812,0.00320664,0.054643203,0.011520767
Chich-n Itz - Mexico/53.jpg,0.062465034,0.010701114,0.6186341,0.008149212,0.026002415,0.008099768,0.013116767,0.018203348,0.0057606148,0.10145016,0.009272329,0.005488713,0.010159104,0.029592792,0.003255904,0.009630024,0.054751676,0.0052668606
Chich-n Itz - Mexico/54.el-castillo-chichen-itza-souvenir-srinivasan-venkatarajan.jpg,0.0024150116,0.0067493524,0.83614576,0.0020976353,0.0026336184,0.0026123512,0.027064288,0.003186931,0.0009200612,0.038476452,0.00077783904,0.0002598583,0.002582234,0.0039926707,0.000441075,0.0015762204,0.067560725,0.0005080961
Chich-n Itz - Mexico/55.jpg,0.042768043,0.014320724,0.011408214,0.070116416,0.034591448,0.11383381,0.04026553,0.022891201,0.047583543,0.052065436,0.32247463,0.030955628,0.02992536,0.032893892,0.03603028,0.028714836,0.051545255,0.017615804
Chich-n Itz - Mexico/55.yucatan-mexico-july-2015-kukulkan-260nw-1058873978.jpg,0.010126349,0.017830392,0.087662295,0.017245622,0.44496095,0.013183663,0.01276351,0.14089993,0.039872445,0.038412575,0.0030706169,0.004617787,0.0046811113,0.0028265761,0.013618177,0.05622728,0.009600672,0.082399964
Chich-n Itz - Mexico/56.ek-balam132557.jpg,0.06975923,0.010902634,0.42697704,0.013361579,0.18830287,0.031037156,0.016435403,0.0067665675,0.042589344,0.04838196,0.00609764,0.007085428,0.007330253,0.009453825,0.005314874,0.07676082,0.019034276,0.014409025
Chich-n Itz - Mexico/56.jpg,0.0010575226,0.0003280071,0.9907361,0.0004060683,0.0006459853,4.2818658e-05,0.0004003634,0.00045805707,0.0003799399,0.000796771,0.0012095786,6.1249375e-05,0.0009827453,0.00032112125,1.0639659e-05,4.6144496e-06,0.0021336298,2.4726085e-05
Chich-n Itz - Mexico/57.002310.jpg,0.013007576,0.022549525,0.6713971,0.014132509,0.07129661,0.0037676727,0.005374007,0.019000351,0.063778,0.066295244,0.0022111395,0.003662073,0.0019670408,0.0010863368,0.002765206,0.0143376645,0.010390583,0.012981335
Chich-n Itz - Mexico/57.jpg,0.015343504,0.011467002,0.45556054,0.012862279,0.034389447,0.007069819,0.018811673,0.013993941,0.028430315,0.30449417,0.0040243044,0.004858508,0.0041409847,0.0074058324,0.0019059542,0.01924468,0.045085013,0.010911795
Chich-n Itz - Mexico/58.chichen-itza-20741999.jpg,0.007989589,0.011619996,0.83353096,0.0035098384,0.003470023,0.0014193667,0.007094732,0.0030122215,0.0034937265,0.09073554,0.0019691582,0.0010137295,0.0021441742,0.003714404,0.0014103155,0.0009172771,0.022021718,0.0009333688
Chich-n Itz - Mexico/58.jpg,0.02304418,0.16400996,0.25327832,0.03266594,0.10468474,0.011079883,0.032722615,0.059274156,0.0660946,0.085615315,0.009507137,0.040183924,0.0043173507,0.0058756326,0.02519005,0.02214896,0.016019547,0.0442875
Chich-n Itz - Mexico/59.178-180642_1.jpg,0.051065776,0.032995857,0.08879516,0.032923847,0.03793196,0.06915276,0.09818698,0.036194194,0.0325346,0.08512189,0.043437883,0.030993069,0.072769925,0.06442022,0.03893692,0.046541877,0.0924393,0.045557898
Chich-n Itz - Mexico/59.jpg,0.031951636,0.07764411,0.042197056,0.03379313,0.076622404,0.070964724,0.04575249,0.070523985,0.06274702,0.041101903,0.044604998,0.07665755,0.05888111,0.050591487,0.056974076,0.044819083,0.049826723,0.0643466
Chich-n Itz - Mexico/6.horizontal-banner-ancient-mayan-pyramid-kukulcan-temple-chichen-itza-yucatan-mexico-unesco-world-heritage-site-127568324.jpg,0.009827124,0.005006158,0.80318326,0.0064259525,0.018083373,0.005162901,0.0066930056,0.0034157524,0.014873913,0.069196954,0.0045623207,0.0014637959,0.0030352676,0.0045862915,0.0016880329,0.008629933,0.032523833,0.0016422184
Chich-n Itz - Mexico/6.jpg,0.005233391,0.00081169786,0.9704936,0.0010935538,0.0048640906,0.00033479967,0.00088486256,0.0021744692,0.003360038,0.0024559177,0.0015856044,0.0003525325,0.0010500153,0.0009148564,9.9419616e-05,0.00018765968,0.0036057485,0.0004978138
Chich-n Itz - Mexico/61.jpg,0.0045162723,0.0045759426,0.8554366,0.0044713123,0.039426986,0.0035598031,0.0025282146,0.0041763196,0.022724062,0.024639599,0.0007235262,0.0005618976,0.0007367797,0.0004657088,0.00077440246,0.017124174,0.010131315,0.0034271395
Chich-n Itz - Mexico/62.el-castillo-pyramid-chichen-itza-panoramic-images-canvas-print.jpg,0.15697527,0.008662815,0.4883369,0.011182337,0.03188802,0.013296304,0.02451252,0.016643194,0.0554091,0.020546172,0.030458342,0.0056413845,0.055264115,0.023794832,0.007183384,0.008326596,0.030023202,0.01185549
Chich-n Itz - Mexico/62.jpg,0.026085382,0.05091777,0.106717296,0.034037825,0.2333002,0.018797496,0.03314907,0.15327418,0.010808784,0.018690903,0.01553642,0.04183577,0.03232183,0.025107704,0.08316501,0.02747171,0.067051366,0.021731408
Chich-n Itz - Mexico/63.png,0.055921905,0.075081035,0.24656613,0.023604445,0.023703944,0.032425206,0.06917959,0.03448369,0.060394317,0.11076741,0.014277591,0.033961464,0.021926427,0.027543886,0.012652186,0.063156605,0.061926976,0.03242707
Chich-n Itz - Mexico/64.jpg,0.0028864052,0.006157139,0.86835337,0.0057674428,0.03810654,0.002776713,0.009014862,0.0043642754,0.0017456568,0.0096507305,0.0026529843,0.0010558838,0.0012583145,0.0023167331,0.0028553242,0.00771623,0.03247067,0.000850699
Chich-n Itz - Mexico/65.jpg,0.006514296,0.095564686,0.33052823,0.028545622,0.049885813,0.018293602,0.030063089,0.13282742,0.08337729,0.11908405,0.003911165,0.010515273,0.0023619442,0.0029700256,0.0034247811,0.019415587,0.02631485,0.036402237
Chich-n Itz - Mexico/66.jpg,0.043683432,0.06482689,0.19414751,0.061091535,0.061739057,0.040677406,0.044520114,0.051976833,0.056970526,0.058413394,0.029606506,0.046738643,0.020130258,0.019173142,0.0342289,0.0564992,0.07504558,0.040531144
Chich-n Itz - Mexico/67.jpg,0.013368026,0.08382124,0.4350749,0.027052563,0.051761396,0.02244301,0.043453053,0.03862883,0.08299439,0.04736595,0.008625418,0.027291048,0.0057788203,0.007609965,0.008041566,0.036843274,0.03540051,0.024446022
Chich-n Itz - Mexico/68.jpg,0.6629458,0.008572666,0.049776327,0.0011305866,0.0131528815,0.0057890913,0.015754169,0.0052731647,0.017580306,0.015958652,0.0071211522,0.0029740084,0.15047571,0.01544156,0.009673386,0.0071317307,0.009463271,0.0017854492
Chich-n Itz - Mexico/7.jpg,0.004817547,0.06703219,0.6755672,0.020884998,0.03203488,0.0071812933,0.023500936,0.046878032,0.013269785,0.042989276,0.004028771,0.008399138,0.0019842696,0.0031060192,0.0027210135,0.0065921787,0.031427596,0.0075847814
Chich-n Itz - Mexico/7.waystoplay-ruins-chichenitza2.jpg,0.05954641,0.13827005,0.30747542,0.018901262,0.083150595,0.015939806,0.012345551,0.059911516,0.03233609,0.13527235,0.006209945,0.022136461,0.014021659,0.009015484,0.013501069,0.034022816,0.025411215,0.012532291
Chich-n Itz - Mexico/71.ei-castillo-castel-of-chich.jpg,0.05828586,0.08035081,0.04518134,0.05557435,0.082088955,0.067819364,0.063463904,0.043749142,0.036794446,0.05044116,0.06396247,0.069941,0.03034718,0.067471854,0.03765759,0.046815354,0.05802296,0.04203235
Chich-n Itz - Mexico/71.jpg,0.03334505,0.020403216,0.8111558,0.0062818923,0.0083119795,0.0026481638,0.016775202,0.0073372796,0.008160946,0.011666032,0.015248715,0.003661286,0.018504798,0.011070301,0.0033579268,0.0003703944,0.01880888,0.0028922
Chich-n Itz - Mexico/72.jpg,0.0076355417,0.0018602371,0.9581281,0.0011513836,0.00802734,0.0005918596,0.0010204975,0.00216025,0.004080952,0.0042022285,0.002274534,0.0004924723,0.0023366336,0.0010488401,0.00025027693,0.0002829984,0.0039476524,0.00050801114
Chich-n Itz - Mexico/73.jpg,0.017337363,0.05373235,0.10186003,0.061667383,0.05865962,0.07086562,0.15119177,0.025168959,0.067631505,0.035735857,0.044006426,0.020816648,0.022395674,0.02473169,0.05019252,0.075004786,0.09661342,0.022388339
Chich-n Itz - Mexico/74.jpg,0.03197359,0.06239432,0.34086677,0.018260524,0.07755339,0.025122568,0.037069786,0.11290809,0.026786508,0.07791253,0.00606843,0.008817694,0.015705485,0.012763625,0.012123516,0.032416306,0.040889785,0.060367115
Chich-n Itz - Mexico/75.jpg,0.03583742,0.023016753,0.5740285,0.012399109,0.07457489,0.0140479375,0.008383439,0.034288824,0.065057114,0.06601459,0.00652334,0.0052611954,0.007181504,0.0040674135,0.0047171395,0.017850244,0.0127522135,0.033998534
Chich-n Itz - Mexico/77.jpg,0.005819551,0.025271516,0.83181036,0.004982791,0.008133109,0.003725024,0.013039732,0.014225353,0.0034248037,0.042683896,0.002229356,0.0020045615,0.0036419663,0.00435526,0.001927791,0.0019127514,0.028042533,0.0027696472
Chich-n Itz - Mexico/78.esy-009420032.jpg,0.006418248,0.0032347022,0.8542062,0.0051754643,0.046044935,0.004458492,0.003319089,0.0031154763,0.026747929,0.017336598,0.0043402533,0.00093525235,0.0014109721,0.0010314429,0.0014514609,0.008691647,0.009703565,0.0023782377
Chich-n Itz - Mexico/78.jpg,0.046799954,0.006121367,0.39929143,0.043815814,0.0744347,0.043079276,0.020399917,0.028160298,0.019970525,0.056597833,0.12794127,0.007811868,0.008202403,0.018303864,0.008028745,0.011783198,0.07326189,0.0059956433
Chich-n Itz - Mexico/79.jpg,0.009426738,0.26284,0.18492891,0.008287087,0.06950273,0.0126448795,0.028914101,0.22170477,0.005978515,0.023267156,0.015768968,0.053886127,0.0097276615,0.051715232,0.010535093,0.003094498,0.023924392,0.003853103
Chich-n Itz - Mexico/8.jpg,0.051875606,0.071442,0.050067957,0.047078773,0.08914822,0.06506063,0.06791849,0.056343738,0.039107744,0.048488304,0.058926143,0.06514337,0.03371445,0.06786817,0.034647956,0.04747084,0.059503917,0.046193648
Chich-n Itz - Mexico/8.mexico-chiche-itza-260nw-787007947.jpg,0.20628187,0.015717007,0.077300735,0.026345665,0.0836508,0.037993025,0.027264938,0.047450796,0.09126564,0.041732684,0.054382496,0.035747964,0.065722,0.023744322,0.02621712,0.07446464,0.019436408,0.045281913
Chich-n Itz - Mexico/80.jpg,0.000170249,0.00011602214,0.99433124,0.00018650824,0.00026782064,2.2237768e-05,0.00031569388,0.00012918457,0.000112280635,0.0014277182,7.0577116e-05,1.2862417e-05,4.3588712e-05,5.2227395e-05,4.4843046e-06,2.0393605e-05,0.0027068406,1.0129204e-05
Chich-n Itz - Mexico/81.jpg,0.0515941,0.0035134645,0.6772106,0.010377723,0.09270594,0.006939184,0.0044999546,0.008804453,0.062456947,0.017425558,0.022966836,0.002850085,0.0047667213,0.0024480391,0.0023610343,0.012818122,0.012850279,0.003411097
Chich-n Itz - Mexico/82.jpg,0.0007958052,0.0046810955,0.9323971,0.0021669425,0.0058321324,0.0011109986,0.009348768,0.0017575953,0.0008956493,0.01017175,0.00032935574,0.0001690378,0.00039630293,0.00060985546,0.0005193517,0.002262115,0.026105497,0.00045062264
Chich-n Itz - Mexico/83.jpg,0.09517616,0.02771866,0.3631219,0.0156048285,0.07841931,0.026066292,0.014135865,0.02626623,0.034760978,0.10877985,0.022718143,0.014639095,0.028513338,0.02991536,0.01562569,0.04676291,0.03551093,0.016264591
Chich-n Itz - Mexico/84.jpg,0.058361914,0.010266614,0.592497,0.0137344645,0.17294277,0.007286621,0.0062970934,0.0100252405,0.018951003,0.02266535,0.011850186,0.005919604,0.006253818,0.005333309,0.0074566226,0.031188551,0.013730298,0.0052396944
Chich-n Itz - Mexico/85.jpg,0.016012339,0.019527286,0.76667446,0.01321593,0.05744682,0.005197021,0.010957446,0.017452529,0.010425285,0.017287876,0.008731007,0.00411259,0.008614808,0.0048322664,0.004379199,0.005688509,0.02503438,0.0044103265
Chich-n Itz - Mexico/86.el-castillo-1-[550x250].jpg,0.00026712933,0.00018774798,0.9929468,8.155304e-05,0.00030808744,4.0560506e-05,0.00027782383,0.00018310624,8.32019e-05,0.0018400453,8.063297e-05,1.4362001e-05,9.197165e-05,0.00013626688,1.4673422e-05,4.3584434e-05,0.0033917269,1.0828463e-05
Chich-n Itz - Mexico/86.jpg,0.058013085,0.031645596,0.13923684,0.045475937,0.05253523,0.073073655,0.060165614,0.044497322,0.026300183,0.10293322,0.06502826,0.036980454,0.03553245,0.061114036,0.035139587,0.034269787,0.069428265,0.028630562
Chich-n Itz - Mexico/87.jpg,0.051974185,0.07778574,0.048597038,0.06628712,0.07539888,0.07347173,0.05828527,0.040034834,0.038144495,0.05353307,0.07971991,0.051236063,0.03026456,0.051128082,0.04954696,0.04609713,0.06291138,0.045583572
Chich-n Itz - Mexico/88.jpg,0.016397452,0.093210325,0.19439754,0.031114856,0.06071676,0.06898796,0.10564566,0.049581874,0.064649284,0.09586493,0.021365395,0.028321082,0.0060684555,0.029854087,0.010200911,0.045452572,0.056419432,0.021751385
Chich-n Itz - Mexico/9.el-castillo-or-temple-of-kukulkan-pyramid-chichen-itza-yucatan-mexico-T1EYWC.jpg,0.044395745,0.023091223,0.08140104,0.0406026,0.048633333,0.055239122,0.11312861,0.05837284,0.046142563,0.081802025,0.019836362,0.020012317,0.030938394,0.02125949,0.018405328,0.08019136,0.117468104,0.09907951
Chich-n Itz - Mexico/9.jpg,0.02949699,0.043312307,0.58441764,0.021081865,0.024176449,0.008594697,0.06476274,0.073568836,0.01032327,0.02834556,0.0033609637,0.0038899651,0.011306234,0.011588827,0.0042360653,0.0047242735,0.041300584,0.03151266
Chich-n Itz - Mexico/90.jpg,0.0037692562,0.057132795,0.62001365,0.015438528,0.02594956,0.017151752,0.041308824,0.044355605,0.027353702,0.08493029,0.0053735264,0.0049586543,0.0011440369,0.007254759,0.0012546185,0.0061483434,0.029471353,0.0069907336
Chich-n Itz - Mexico/91.jpg,0.003942687,0.008799079,0.8643706,0.007563468,0.024685299,0.0032955268,0.014750157,0.0042106532,0.002580515,0.009535282,0.003196305,0.0015253846,0.0022153507,0.0031367047,0.004408624,0.005111979,0.035351,0.0013211883
Chich-n Itz - Mexico/92.jpg,0.006039897,0.005135043,0.7000659,0.009200051,0.02899767,0.007836722,0.007448105,0.010620181,0.094238,0.07884168,0.005342554,0.0015280122,0.0015842529,0.0011588398,0.0008702151,0.0120049035,0.02068528,0.008402762
Chich-n Itz - Mexico/93.jpg,0.065152995,0.020133229,0.52467376,0.008675879,0.043509968,0.018110964,0.016133806,0.017762573,0.01343008,0.12919262,0.0072859926,0.008750778,0.009958214,0.027567737,0.004594589,0.025737753,0.048279457,0.011049768
Chich-n Itz - Mexico/94.jpg,0.0006207227,0.0019703682,0.9669019,0.00081872055,0.0027546727,0.0004478545,0.003091033,0.00072535244,0.0004600887,0.00430414,0.000287888,0.00017808739,0.00028107455,0.000393354,0.00024118052,0.0009506903,0.015421082,0.00015162198
Chich-n Itz - Mexico/97.jpg,0.0012787723,0.0029286689,0.9173487,0.0023803597,0.019244013,0.001290339,0.0021719367,0.0043886215,0.0098642465,0.024728337,0.00043841367,0.00034195502,0.00021555381,0.00033756898,0.00017641242,0.0039410093,0.007366588,0.0015585797
Chich-n Itz - Mexico/99.jpg,0.0022435617,0.02959456,0.6580167,0.008204361,0.047549114,0.015296491,0.0140566,0.059456863,0.06398527,0.046417795,0.0056082383,0.0067162993,0.0013131384,0.0026091065,0.0010442818,0.010169266,0.020023044,0.007695232
Christ the Reedemer Statue/10.cristo-redentor.jpg,0.024595926,0.034417816,0.005732314,0.07683017,0.26696053,0.0142592415,0.013824799,0.021962412,0.20418428,0.02989131,0.042864054,0.059248038,0.019493911,0.0077060065,0.11353986,0.019632606,0.008647455,0.036209345
Christ the Reedemer Statue/10.jpg,0.017961213,0.035419382,0.025541943,0.030892506,0.05040078,0.06746846,0.46183425,0.016425941,0.007195661,0.022805752,0.017761761,0.007824481,0.03444955,0.04597506,0.03857973,0.019926067,0.07051394,0.029023364
Christ the Reedemer Statue/100.jpg,0.013360172,0.010213994,0.019755933,0.11558146,0.046393607,0.120086804,0.08578578,0.025403645,0.08297795,0.023072092,0.20170727,0.022204386,0.02716219,0.019391496,0.032456968,0.03316081,0.09384698,0.027438518
Christ the Reedemer Statue/101.jpg,0.120364785,0.0008889795,0.0014819428,0.079359226,0.024262551,0.03198859,0.0048414017,0.005380607,0.036823906,0.0032821884,0.50731117,0.07075159,0.059668787,0.0105136465,0.02537174,0.0020784158,0.010541617,0.005088775
Christ the Reedemer Statue/11.christ-the-redeemer-statue-corcovado-rio-de-janeiro-brazil_a-G-2606516-4990603.jpg,0.031813543,0.011873022,0.01347797,0.107015885,0.07791969,0.081230395,0.041670214,0.028913446,0.07143077,0.034568246,0.25573802,0.031854097,0.025976233,0.019495036,0.051534485,0.03425695,0.051091503,0.030140445
Christ the Reedemer Statue/11.jpg,0.06483764,0.06283888,0.025314217,0.041334637,0.07380088,0.09019699,0.07069196,0.047731053,0.041759882,0.046445265,0.05278809,0.08685586,0.032107305,0.075958185,0.024683336,0.0547191,0.05315467,0.054782126
Christ the Reedemer Statue/12.Christ-the-Redeemer-brazil.jpg,0.020101916,0.059520435,0.08454294,0.14012842,0.2552587,0.008459451,0.02263806,0.105541795,0.034399565,0.028440986,0.07273911,0.050128233,0.014829187,0.009629242,0.031671762,0.01650469,0.03077357,0.014691954
Christ the Reedemer Statue/12.jpg,0.04655882,0.03437316,0.113843575,0.06886553,0.23318727,0.030958993,0.06273692,0.039891366,0.018813545,0.03943319,0.10646277,0.03924181,0.015375734,0.056266334,0.027477924,0.016901005,0.03170988,0.01790223
Christ the Reedemer Statue/13.00446-mn-11acvx2sjy1279.jpg,0.07759688,0.037384357,0.025894616,0.041181255,0.22786915,0.027033247,0.011631828,0.06888278,0.060184553,0.07895942,0.05362071,0.0767175,0.02704026,0.008467416,0.046190336,0.09516136,0.011196934,0.024987346
Christ the Reedemer Statue/13.jpg,0.08323649,0.03185773,0.029591287,0.08793711,0.07282991,0.104133114,0.08663246,0.045841824,0.007891726,0.07400501,0.090820715,0.057612367,0.011810563,0.07306049,0.033924334,0.021854987,0.05493615,0.03202357
Christ the Reedemer Statue/14.14566658969_61e5b6515d_k1.jpg,0.068817414,0.03596581,0.0700875,0.05002194,0.041396584,0.051620495,0.08856695,0.043153334,0.04247298,0.045604505,0.08122211,0.037424795,0.09136074,0.059329305,0.03299855,0.03563682,0.089729495,0.034590542
Christ the Reedemer Statue/14.jpg,0.08024451,0.052089706,0.025350392,0.0571987,0.06277937,0.0878458,0.06361238,0.053376496,0.044815455,0.062473666,0.059425835,0.07736658,0.028929217,0.055892285,0.02208249,0.063445605,0.05031619,0.0527553
Christ the Reedemer Statue/15.banners_site_novo_RM_12.jpg,0.05042453,0.05114736,0.009109649,0.053881496,0.12206288,0.09886202,0.22411829,0.044035796,0.011288957,0.02534319,0.042151608,0.05385319,0.012969036,0.07223646,0.030607339,0.032709654,0.019993683,0.04520497
Christ the Reedemer Statue/15.jpg,0.096195504,0.016223263,0.012117297,0.070848435,0.05973279,0.072903946,0.036282867,0.030711174,0.15253599,0.056334473,0.0455086,0.05665355,0.053953078,0.019443613,0.032570645,0.099779956,0.042626966,0.04557783
Christ the Reedemer Statue/16.Christ-The-Redeemer-7-Wonders-Of-The-World.jpg,0.007690273,0.041508436,0.06663961,0.10757308,0.1511304,0.041272953,0.039466266,0.112402394,0.07125219,0.067709036,0.11226919,0.031210586,0.00851455,0.017473713,0.023013704,0.021786282,0.063417226,0.015670177
Christ the Reedemer Statue/16.jpg,0.034717508,0.029187668,0.012394564,0.10236104,0.064614266,0.07313101,0.04974349,0.027054943,0.051517207,0.05500141,0.23169714,0.04597446,0.02346164,0.046485815,0.0512983,0.024614492,0.05452877,0.022216195
Christ the Reedemer Statue/17.c2e188f942b2f5265fe3fbb5b035b8aa-1024x512.jpg,0.27578786,0.12727112,0.016356837,0.030105865,0.14516027,0.0043593175,0.012355111,0.0057585896,0.019971976,0.028525341,0.014073217,0.053846188,0.012265441,0.0038363643,0.22053899,0.02207655,0.003373022,0.004337898
Christ the Reedemer Statue/17.jpg,0.054614883,0.045418363,0.035626404,0.044988234,0.05182945,0.054578803,0.016779803,0.16556501,0.050799426,0.027524237,0.06408835,0.18100233,0.040586557,0.038774084,0.036454927,0.010161963,0.042146742,0.03906047
Christ the Reedemer Statue/18.c2bb90c0de476c4d35c5adbdd8b17817.jpg,0.035660736,0.004805891,0.0058273477,0.08105244,0.13296907,0.059157502,0.036399562,0.06157629,0.044651452,0.019310072,0.09444955,0.07307429,0.05417884,0.021565903,0.09631118,0.016083678,0.027829682,0.13509649
Christ the Reedemer Statue/18.jpg,0.02424386,0.0035643417,0.005175686,0.12187183,0.09598253,0.117797084,0.039560314,0.017707812,0.09753781,0.015425492,0.28412992,0.028598476,0.018531777,0.010492184,0.039661262,0.024200622,0.020697644,0.03482142
Christ the Reedemer Statue/19.jpg,0.02512795,0.029307866,0.03391723,0.11072984,0.078259446,0.079260185,0.04418646,0.07912852,0.10358683,0.09139767,0.09380571,0.020749047,0.015743017,0.015725123,0.022154542,0.049934413,0.05437916,0.052606825
Christ the Reedemer Statue/2.jpg,0.114169195,0.022632223,0.037470434,0.16008644,0.092040546,0.019856812,0.028718509,0.05215734,0.042145483,0.015189338,0.11423785,0.07245916,0.052442882,0.02150758,0.047509454,0.021131173,0.053970397,0.032275174
Christ the Reedemer Statue/2.web-christ-the-redeemer-rio-main-rayandbee-cc.jpg,0.031863976,0.0323867,0.02497946,0.057821218,0.15672627,0.061193068,0.10331084,0.037939988,0.016365653,0.020430585,0.030141339,0.04257723,0.040881548,0.028271563,0.14927217,0.028619349,0.020299861,0.11691919
Christ the Reedemer Statue/20.cristo-rei-statue.jpg,0.06417167,0.005440209,0.0042595,0.06942115,0.039089188,0.096236765,0.012155198,0.075236365,0.0610857,0.0071863583,0.22136925,0.18012294,0.058642358,0.030614382,0.019218097,0.008939782,0.027393281,0.019417727
Christ the Reedemer Statue/20.jpg,0.05280109,0.04033219,0.026988104,0.04674355,0.07882077,0.09699902,0.055389345,0.08041047,0.04675524,0.044705145,0.05771682,0.06499402,0.035002675,0.056067504,0.034314726,0.04403359,0.065193854,0.072731756
Christ the Reedemer Statue/22.jpg,0.048511665,0.02703173,0.029053232,0.06083516,0.32429147,0.029172549,0.028850244,0.09361604,0.038778365,0.030351143,0.020282868,0.05714015,0.020293942,0.02865609,0.0362644,0.046348043,0.024683814,0.05583899
Christ the Reedemer Statue/23.Brazil-Christ-Statue-1.jpg,0.08791471,0.030258158,0.025920566,0.08109089,0.087332085,0.046728425,0.038962126,0.062351607,0.07029767,0.08561762,0.025231417,0.05944696,0.030545281,0.01824034,0.020390308,0.08886017,0.032675717,0.108135946
Christ the Reedemer Statue/23.jpg,0.057716697,0.042300623,0.044789456,0.06389465,0.09980079,0.047262505,0.038951688,0.044150878,0.07049055,0.031121306,0.05909796,0.06479629,0.04294839,0.027396863,0.0829763,0.05723657,0.058823578,0.06624495
Christ the Reedemer Statue/24.jpg,0.042415913,0.097010605,0.017862896,0.07044062,0.06620124,0.07249452,0.06933543,0.0105632385,0.042136054,0.05502229,0.10045427,0.086466886,0.027951034,0.06054352,0.07416065,0.03145608,0.03622575,0.039259043
Christ the Reedemer Statue/24.sight_cristo-redentor-christ-the-redeemer_n2704-10856-1_pan.jpg,0.057867724,0.037108146,0.037539385,0.08545589,0.07755038,0.06128054,0.0857833,0.086855926,0.022613745,0.052941944,0.06167459,0.07267147,0.02288304,0.09876623,0.016891824,0.02508623,0.06636933,0.030660247
Christ the Reedemer Statue/25.Panoramic-View-Of-Christ-The-Redeemer-Statue-And-Rio-City.jpg,0.06309738,0.014286113,0.0084154215,0.10644411,0.14814296,0.054060016,0.02637219,0.120791145,0.043667138,0.024234531,0.09431182,0.059703317,0.046010744,0.010610679,0.05808809,0.06641704,0.027785221,0.027561987
Christ the Reedemer Statue/25.png,0.025051164,0.027622212,0.008884444,0.09870958,0.099193715,0.099823594,0.112679206,0.0163218,0.029678173,0.059395988,0.14980449,0.047644496,0.011994792,0.055054326,0.058384072,0.023250109,0.04014069,0.03636715
Christ the Reedemer Statue/26.550x330_-_2019-03-12t151835.834.jpg,0.020527229,0.00830795,0.0040236837,0.12134454,0.044627678,0.06406354,0.013931457,0.036198888,0.047007684,0.05461142,0.4319744,0.023909867,0.011307488,0.019424617,0.031096652,0.009126419,0.047478605,0.011037792
Christ the Reedemer Statue/27.Christ-redempteur-010.jpg,0.021330325,0.014479869,0.0081119025,0.09808503,0.3568874,0.039623253,0.08426963,0.040752765,0.011854058,0.016599596,0.046379484,0.017206984,0.0055589024,0.013304467,0.06354674,0.017542385,0.005155254,0.13931204
Christ the Reedemer Statue/28.background-christ-the-redemeer.jpg,0.009721885,0.009843098,0.00829522,0.088930964,0.074639924,0.09256108,0.08550541,0.017907513,0.10194369,0.053021763,0.23849854,0.017735949,0.013323932,0.018377589,0.06406985,0.022869945,0.04678459,0.035969004
Christ the Reedemer Statue/28.jpg,0.060561843,0.0051793237,0.0025735279,0.09610289,0.10371803,0.047776263,0.008331065,0.03852786,0.22296266,0.012266589,0.19257149,0.08187997,0.031145142,0.0050236294,0.048984583,0.012559131,0.017358335,0.012477767
Christ the Reedemer Statue/3.gu2jqcfjyexllwk8ndgy.jpg,0.038675517,0.019368663,0.0456372,0.034777436,0.26052463,0.052554075,0.059275497,0.08596465,0.01755151,0.015532598,0.02584958,0.038042404,0.0237585,0.031305775,0.09644211,0.039012745,0.020295242,0.09543189
Christ the Reedemer Statue/3.jpg,0.060796324,0.0033403102,0.007738784,0.06456854,0.039140802,0.08351673,0.027904537,0.012289718,0.042915925,0.014874851,0.5106166,0.033018954,0.02041492,0.015929094,0.023312341,0.00872562,0.015883673,0.015012344
Christ the Reedemer Statue/32.Christ-the-redeemer-statue-in-RIo-Brazil.jpg,0.08594159,0.009133538,0.009031538,0.071940795,0.05755776,0.04867942,0.023809591,0.01625161,0.051723734,0.032516908,0.33750808,0.06314149,0.038382214,0.03173465,0.06858187,0.009944266,0.022119407,0.022001607
Christ the Reedemer Statue/32.jpg,0.02753753,0.014511048,0.009729508,0.15760191,0.08694732,0.045121416,0.036082186,0.037358306,0.04224049,0.029272487,0.30488703,0.042354345,0.016979072,0.03148897,0.04968098,0.011024615,0.038136702,0.019046037
Christ the Reedemer Statue/33.24ed23b5-119975221.jpg,0.015746664,0.0340637,0.08017592,0.15762353,0.18688026,0.020893415,0.03236323,0.08263712,0.113992766,0.035521545,0.06871735,0.03369441,0.010482957,0.007885737,0.021353848,0.02659392,0.04656612,0.024807617
Christ the Reedemer Statue/33.jpg,0.094083406,0.008747732,0.007016069,0.06525085,0.0483465,0.05116632,0.017943816,0.017006671,0.04613853,0.021352312,0.27961928,0.108052194,0.06899298,0.035478417,0.07270105,0.011034415,0.026112208,0.020957269
Christ the Reedemer Statue/35.jpg,0.1892878,0.043715812,0.009163963,0.052739073,0.053499214,0.034336567,0.041014936,0.009941993,0.038375933,0.08095413,0.033787966,0.045280863,0.08250179,0.030152956,0.1278288,0.07534507,0.028876666,0.023196498
Christ the Reedemer Statue/35.rio_de_janeiro.jpg,0.09286615,0.06254382,0.0015360478,0.029852046,0.08208645,0.0036812362,0.013863065,0.0012410613,0.006876218,0.0048754043,0.004937463,0.026641207,0.03249504,0.0018285224,0.605019,0.021510735,0.0027272643,0.0054192264
Christ the Reedemer Statue/36.jpg,0.15277013,0.016532203,0.019581024,0.056513894,0.06389791,0.08484632,0.03907132,0.055229113,0.015905835,0.021363113,0.0801458,0.13057543,0.040402863,0.04567269,0.06695539,0.017886333,0.029136876,0.063513756
Christ the Reedemer Statue/37.jpg,0.059204962,0.007676735,0.006830724,0.10606443,0.04224192,0.07164595,0.035191067,0.010649633,0.118966654,0.015142481,0.19028208,0.049607273,0.09972135,0.015751163,0.07651842,0.02439021,0.04890615,0.021208867
Christ the Reedemer Statue/38.christ_the_redeemer_01_big.jpg,0.31063387,0.0023456337,0.0027729827,0.05811643,0.11045017,0.054546792,0.020429017,0.03287002,0.016643643,0.0058187814,0.02856984,0.124893054,0.056218877,0.015496494,0.032892983,0.034368616,0.021127123,0.071805544
Christ the Reedemer Statue/38.jpg,0.02870348,0.05454435,0.050034717,0.086663984,0.18885015,0.004016647,0.023156194,0.015044017,0.024371408,0.13078749,0.12649682,0.039683532,0.012829584,0.03861043,0.13801259,0.008211472,0.022410939,0.007572088
Christ the Reedemer Statue/39.jpg,0.015948692,0.013827532,0.024282008,0.17418917,0.030753152,0.018443128,0.12778996,0.020352378,0.023214312,0.011473176,0.40160075,0.012359343,0.021492377,0.039005674,0.016485894,0.0028612576,0.036590323,0.0093308035
Christ the Reedemer Statue/4.Design-sem-nome-7.jpg,0.05037003,0.038151424,0.02581313,0.057991814,0.036234,0.07615616,0.080593,0.03531943,0.072915755,0.07549132,0.045941625,0.03227241,0.06414111,0.033598557,0.050200716,0.08204492,0.08465765,0.058106855
Christ the Reedemer Statue/4.jpg,0.0641128,0.08591752,0.035766758,0.06437298,0.06639588,0.08526875,0.049644608,0.028068041,0.049961127,0.046711907,0.06325177,0.06296522,0.033450197,0.037942696,0.05839739,0.06306044,0.05098223,0.053729754
Christ the Reedemer Statue/40.christ_the_redeemer_history_and_construction.jpg,0.0300622,0.0034952424,0.004705139,0.1072081,0.13763057,0.034417596,0.009890043,0.022255942,0.16900347,0.02216776,0.34936094,0.028951775,0.0114717325,0.006624547,0.025119223,0.009520028,0.01348344,0.01463224
Christ the Reedemer Statue/40.jpg,0.051740233,0.061323512,0.026216455,0.11215994,0.072670884,0.061977856,0.06685477,0.037642892,0.042368785,0.060716998,0.120373175,0.052918512,0.022164736,0.05261547,0.04538023,0.033477843,0.048098333,0.031299446
Christ the Reedemer Statue/41.christ-redeemer-rio-de-janeiro-constructed-statue-metres-ft-high-excluding-its-metre-pedestal-arms-stretch-143413642.jpg,0.042987235,0.027376134,0.028750882,0.07200872,0.047984745,0.10572422,0.04827635,0.04395334,0.057394657,0.05304975,0.15033816,0.03822595,0.038111284,0.0353104,0.041195728,0.049294356,0.08271427,0.0373038
Christ the Reedemer Statue/41.jpg,0.030550025,0.03731271,0.091330245,0.14537607,0.3161295,0.011604372,0.04176468,0.09467898,0.04641772,0.017209673,0.027576216,0.008231581,0.0070104063,0.003598815,0.022895515,0.0079060495,0.0072238958,0.083183594
Christ the Reedemer Statue/42.635871465425645186-AP-CHRIST-THE-REDEEMER-RIO-DE-JANEIRO-76631470.JPG,0.10094443,0.02541416,0.009511711,0.04915063,0.05882542,0.07417233,0.034897014,0.0117128445,0.06372338,0.048548426,0.14044608,0.07803664,0.055443373,0.029926546,0.08839805,0.059144244,0.03625675,0.035447933
Christ the Reedemer Statue/42.jpg,0.04683563,0.094694264,0.07597681,0.035150137,0.08109138,0.047738828,0.055441935,0.10361976,0.037936255,0.08202413,0.02477808,0.0821637,0.021821864,0.03755706,0.02555715,0.04023186,0.036190476,0.07119062
Christ the Reedemer Statue/43.Cristo_Redentor_Rio_de_Janeiro_2-1-672x327.jpg,0.04367461,0.031155773,0.010693994,0.055498198,0.10395378,0.027166326,0.04645749,0.01615049,0.09804722,0.038348753,0.034236275,0.04492376,0.059151568,0.01490924,0.22817598,0.047674913,0.019730316,0.08005133
Christ the Reedemer Statue/44.jpg,0.01975273,0.092826985,0.049406324,0.04820128,0.10688546,0.019731475,0.013800758,0.060006794,0.16107027,0.22197989,0.009763255,0.017637627,0.011732596,0.003648813,0.03320683,0.05450012,0.013438719,0.06241014
Christ the Reedemer Statue/46.christ-the-redeemer-rio-brazil-702x336.jpg,0.018404875,0.021684755,0.012605759,0.05241063,0.18025194,0.015350742,0.032348912,0.037117478,0.2628702,0.08955657,0.07508759,0.045880463,0.011645828,0.0064791273,0.07255758,0.021430684,0.023771062,0.020545833
Christ the Reedemer Statue/46.jpg,0.05831858,0.071468554,0.042110536,0.055167403,0.079456545,0.06869266,0.0659816,0.04532341,0.037483666,0.050184656,0.06683248,0.068545885,0.033957712,0.060501322,0.038550254,0.05456902,0.05047046,0.052385185
Christ the Reedemer Statue/48.jpg,0.05662111,0.041555624,0.03081217,0.15908991,0.04841994,0.057881936,0.08433471,0.031790722,0.019497758,0.053535417,0.10815613,0.05774341,0.019427055,0.08904873,0.03031863,0.016974453,0.07602109,0.018771177
Christ the Reedemer Statue/49.Rio_Cristo_Redentor.jpg,0.11356777,0.032173086,0.011057352,0.08568323,0.067623906,0.09009963,0.03858751,0.049604286,0.035312507,0.027860068,0.13350727,0.14615053,0.017743688,0.047298178,0.030112358,0.0204372,0.01878017,0.0344012
Christ the Reedemer Statue/5.Christ-redempteur-005.jpg,0.13659467,0.07193025,0.0010460105,0.015200694,0.029329376,0.004513061,0.01249602,0.0016455771,0.020466978,0.013610891,0.006045527,0.032874096,0.0720499,0.0021341166,0.5547609,0.017574804,0.0031697284,0.0045574103
Christ the Reedemer Statue/5.jpg,0.021208633,0.021060979,0.010279436,0.16369003,0.045141824,0.04997126,0.09999567,0.018828567,0.026029129,0.02231587,0.35795793,0.023584368,0.013240367,0.037155688,0.030480498,0.0069561373,0.038237534,0.013866124
Christ the Reedemer Statue/50.christ_the_redeemer_-_from_above-1024x468.jpg,0.048922528,0.047871187,0.029786695,0.12464855,0.1170557,0.03947327,0.06876334,0.09068594,0.031883508,0.03554827,0.07266126,0.023862716,0.021191392,0.015858192,0.08113052,0.026373805,0.018208321,0.10607481
Christ the Reedemer Statue/50.jpg,0.045137517,0.043935258,0.02579715,0.035999585,0.49156705,0.012490517,0.01277076,0.04180716,0.026990743,0.023634883,0.012062879,0.040340114,0.011273008,0.0068530547,0.04847243,0.08628201,0.0076948777,0.02689118
Christ the Reedemer Statue/51.rio-christ-reedemer-video.jpg,0.022798928,0.01766392,0.012343122,0.058534022,0.167902,0.04780794,0.075828314,0.016880143,0.059912268,0.061677985,0.14064185,0.043533795,0.019143414,0.10909641,0.07380953,0.011669828,0.042216104,0.018540366
Christ the Reedemer Statue/52.6.jpg,0.29935703,0.0034045314,0.003720896,0.063283056,0.045582052,0.029137315,0.0124019515,0.006152965,0.0173488,0.004133314,0.28496388,0.10725117,0.035886697,0.008866974,0.051730815,0.0062449533,0.006125761,0.014407764
Christ the Reedemer Statue/53.christ-redeemer-statue-corcovado-mountain-rio-de-janeiro-95176156.jpg,0.031953868,0.0088301785,0.005621081,0.10923871,0.025396178,0.13462476,0.045890238,0.012893131,0.1758956,0.04106676,0.07118592,0.014133385,0.059048332,0.007299122,0.041858807,0.09703495,0.09249057,0.02553845
Christ the Reedemer Statue/53.jpg,0.023616577,0.0004025224,0.0008498233,0.07454626,0.024231508,0.06377208,0.004977264,0.009409037,0.021939553,0.0028970505,0.69744545,0.029580094,0.013893758,0.0075633917,0.00922368,0.0017303375,0.010063012,0.003858549
Christ the Reedemer Statue/54.aerial-view-rio-de-janeiro-260nw-1283692186.jpg,0.040985744,0.0035005994,0.0017802959,0.09064338,0.008794377,0.11970706,0.028047668,0.023907477,0.060353488,0.021136342,0.06943272,0.02037558,0.19520803,0.0132732075,0.016087526,0.016392889,0.26096234,0.009411247
Christ the Reedemer Statue/55.Christ-redempteur-002.jpg,0.05303846,0.046506092,0.030684236,0.048086997,0.09537978,0.05231975,0.04603918,0.08408529,0.0364885,0.055470757,0.017511638,0.04338307,0.013214292,0.011368364,0.03854144,0.059125762,0.010325882,0.25843045
Christ the Reedemer Statue/56.Christ-the-Redeemer.jpg,0.018930392,0.013231238,0.0065679294,0.095617235,0.083416276,0.10043118,0.059794556,0.01408535,0.068938754,0.037515283,0.23560373,0.036758292,0.019521812,0.020625537,0.088618994,0.02517609,0.032212332,0.04295513
Christ the Reedemer Statue/56.jpg,0.017274214,0.0052056736,0.0049619125,0.09431472,0.12587953,0.027565587,0.013489413,0.027007593,0.051734872,0.012995927,0.41039678,0.06560058,0.030290715,0.012340195,0.056267258,0.0064077065,0.0317027,0.0065645985
Christ the Reedemer Statue/57.2297071.jpg,0.19424228,0.0046780244,0.0061254776,0.07327663,0.0714988,0.04957387,0.014334048,0.013887454,0.029819421,0.009097486,0.21791057,0.12104633,0.054455686,0.01698748,0.06535474,0.018149465,0.013471772,0.026090536
Christ the Reedemer Statue/57.jpg,0.04704627,0.02779984,0.009992068,0.035075743,0.01632246,0.022250041,0.12942179,0.015390663,0.02004861,0.2754462,0.010711229,0.010785779,0.07835805,0.032822836,0.045000345,0.041062325,0.16001518,0.022450604
Christ the Reedemer Statue/58.imgbin-christ-the-redeemer-corcovado-new7wonders-of-the-world-christ-blessing-statue-others-UGe8xPDWQcQmjC6QM4SQZu5St.jpg,0.04128018,0.017914241,0.020264152,0.26296288,0.08072543,0.045851897,0.08038878,0.07360814,0.0056439308,0.03196147,0.10206076,0.051636886,0.006735169,0.0855563,0.021345789,0.008930313,0.039040204,0.024093537
Christ the Reedemer Statue/58.jpg,0.061793916,0.02658361,0.019773973,0.045902044,0.06597768,0.01191834,0.025453344,0.011813841,0.024067461,0.52082866,0.026007123,0.024054626,0.00885238,0.046485066,0.020681703,0.011230363,0.032854997,0.015720975
Christ the Reedemer Statue/59.jpg,0.0433909,0.007914714,0.008435843,0.08309309,0.048722208,0.109574296,0.042259872,0.015889777,0.028307697,0.018550873,0.389268,0.038506415,0.026026644,0.020271678,0.051343836,0.015859868,0.030315327,0.022268865
Christ the Reedemer Statue/59.turismo-rio-de-janeiro-15-11-1.jpg,0.060004905,0.07401984,0.033680305,0.052079286,0.06347087,0.087715864,0.057714503,0.038021397,0.047127504,0.05223888,0.06310289,0.069253005,0.037723314,0.06317006,0.040245563,0.05332446,0.05601172,0.051095583
Christ the Reedemer Statue/6.image2a.jpg,0.054461066,0.08975261,0.13426626,0.072183475,0.039445348,0.031649318,0.06925954,0.05629117,0.014322128,0.14510047,0.029292217,0.05525066,0.012459215,0.07833682,0.01599125,0.014542683,0.06140968,0.025986187
Christ the Reedemer Statue/60.Christ_the_Redeemer_Travel.jpg,0.056755014,0.013516556,0.009121569,0.0881958,0.056938138,0.05769881,0.047755092,0.023257656,0.034050234,0.10519271,0.16473164,0.05698857,0.033700235,0.07533391,0.04091433,0.015512181,0.09838599,0.021951627
Christ the Reedemer Statue/61.cross-2744230__340.jpg,0.06822927,0.041214094,0.0618832,0.04741815,0.05198455,0.05915394,0.09857826,0.049204636,0.03244511,0.06781127,0.02766823,0.03362692,0.056206033,0.03641783,0.031140627,0.07442049,0.104545556,0.05805194
Christ the Reedemer Statue/63.10147496.jpg,0.04830033,0.030450229,0.02479423,0.06780302,0.25291762,0.028787848,0.03609391,0.08990456,0.04599311,0.08177195,0.038693152,0.024588633,0.010320903,0.014830568,0.036467586,0.065902814,0.032425307,0.06995406
Christ the Reedemer Statue/64.climb-up-to-the-statue-of-christ-the-redeemer-in-rio--thumb.jpg,0.061198242,0.044735957,0.02899289,0.06332048,0.15755287,0.044970635,0.055215206,0.022716265,0.0490923,0.036528148,0.036666926,0.030971544,0.033625696,0.0151947085,0.14542228,0.09346577,0.019639399,0.06069061
Christ the Reedemer Statue/65.AKG616222.jpg,0.03666261,0.0058032502,0.007755833,0.046533443,0.059203595,0.07189843,0.028529549,0.0090846075,0.03879859,0.03528697,0.45877358,0.03121834,0.031027388,0.027180126,0.062557615,0.011685368,0.022775644,0.015224918
Christ the Reedemer Statue/65.jpg,0.045520913,0.046932153,0.03571293,0.097510956,0.3145805,0.029792447,0.032854628,0.047559157,0.052054,0.048603285,0.056846764,0.035370424,0.009986517,0.01604622,0.03849722,0.02669277,0.009675466,0.055763714
Christ the Reedemer Statue/66.christo-redentor.jpg,0.13625276,0.009237174,0.009958452,0.062373478,0.050485563,0.08081748,0.02168172,0.054247167,0.02110696,0.013721738,0.12267909,0.14519648,0.055790544,0.02597734,0.07889363,0.014130936,0.019095503,0.078353934
Christ the Reedemer Statue/66.jpg,0.053743776,0.08692251,0.051529236,0.053162895,0.088570416,0.060209427,0.07064197,0.04009184,0.035351947,0.051141016,0.05610079,0.06868218,0.031604704,0.070031956,0.036151048,0.050343,0.053633403,0.042087995
Christ the Reedemer Statue/67.img32806-Rio-De-Janeiro-Christ-the-Redeemer-statue.jpg,0.07131428,0.03921713,0.13575876,0.109080546,0.010041148,0.021541499,0.13183534,0.028268883,0.0065264055,0.09019906,0.09002742,0.023013806,0.023137538,0.08485439,0.024882015,0.006698574,0.08753084,0.016072372
Christ the Reedemer Statue/68.Christ-the-Redeemer-Rio-640x280.jpg,0.059504103,0.012311338,0.017252965,0.06434179,0.10128871,0.07588364,0.03271968,0.032634325,0.1639757,0.04994438,0.029359512,0.0125265075,0.032824643,0.0066606496,0.04895022,0.15147838,0.039947543,0.0683959
Christ the Reedemer Statue/68.jpg,0.25634998,0.017664285,0.0015963721,0.025760239,0.09104565,0.005112385,0.01070099,0.0011882995,0.014744077,0.0034876717,0.016468525,0.12256507,0.04228401,0.003283941,0.3404467,0.020224584,0.0015255542,0.025551716
Christ the Reedemer Statue/7.visti-Christ-the-redeemer-PC300063-3.jpg,0.059415,0.0022237266,0.0018811896,0.06611723,0.059596702,0.04925109,0.012451715,0.0077549657,0.021040201,0.010255462,0.40106982,0.08686583,0.050989173,0.04048732,0.097832,0.003223836,0.019641278,0.009903456
Christ the Reedemer Statue/70.jpg,0.079008974,0.015717205,0.017427329,0.09284768,0.074228,0.061284304,0.04196564,0.019418553,0.052705977,0.01933279,0.1826024,0.0695011,0.053091228,0.020964015,0.07746479,0.0378121,0.04932619,0.035301864
Christ the Reedemer Statue/70.rio-de-janeiro-christ-redeemer-statue-825x275.jpg,0.025345525,0.022262542,0.022816464,0.17272846,0.028650124,0.05099747,0.10483294,0.040764853,0.029328438,0.018020222,0.21152672,0.035407808,0.058848202,0.0469753,0.025185281,0.010359459,0.063933715,0.032016546
Christ the Reedemer Statue/71.jpg,0.038241543,0.03331555,0.053706195,0.037940793,0.025098467,0.058572844,0.06617176,0.030939162,0.04681345,0.027211495,0.10279943,0.030922953,0.2122212,0.06738848,0.017824043,0.010573837,0.12136076,0.018897895
Christ the Reedemer Statue/72.christtheredeemer_article_image.jpg,0.062172864,0.017884944,0.019978143,0.111726806,0.072630465,0.11212642,0.059107337,0.043255556,0.017408375,0.04067839,0.19596516,0.0514143,0.017915143,0.044647515,0.04634437,0.02107386,0.032866407,0.032803938
Christ the Reedemer Statue/72.jpg,0.1372687,0.0207634,0.027145322,0.09242204,0.14401671,0.027014969,0.018083341,0.09588912,0.080766074,0.042659976,0.06496175,0.057314042,0.031428743,0.0053468505,0.025850914,0.08373331,0.015974617,0.029360186
Christ the Reedemer Statue/73.Christ-640x240.jpg,0.036523897,0.12687469,0.019683708,0.050446194,0.051066846,0.07526608,0.08281301,0.03289002,0.079039246,0.09438196,0.005706278,0.013893207,0.040896438,0.0140673295,0.045310985,0.14013481,0.05733124,0.03367411
Christ the Reedemer Statue/73.jpg,0.037014052,0.08901507,0.017274316,0.042140976,0.080470264,0.12490537,0.04337165,0.043947674,0.08280142,0.055542815,0.08804437,0.05786993,0.022967739,0.040516343,0.039104138,0.045825686,0.03009282,0.059095252
Christ the Reedemer Statue/74.2297069.jpg,0.07929736,0.05301091,0.03911846,0.05922662,0.06128039,0.059414133,0.05166765,0.060338415,0.046930894,0.06420952,0.04945043,0.0550392,0.04713951,0.04100051,0.04906616,0.064408414,0.060756754,0.058644637
Christ the Reedemer Statue/74.jpg,0.06620641,0.027806677,0.015506262,0.10104696,0.15503018,0.043339748,0.029974615,0.08736801,0.07803618,0.059411794,0.037926007,0.07113704,0.023558281,0.026295437,0.023282008,0.059226606,0.030754678,0.06409319
Christ the Reedemer Statue/75.tour-cristo-redentor-tren.jpg,0.087334946,0.0053458954,0.005018255,0.1282609,0.033822138,0.12626092,0.04404201,0.024321225,0.028019851,0.014593003,0.16097666,0.05889981,0.109230466,0.022032145,0.04791903,0.0218206,0.051504284,0.030597795
Christ the Reedemer Statue/77.jpg,0.11200367,0.038142342,0.027594047,0.08205086,0.09016897,0.054788496,0.025587423,0.054810345,0.050360013,0.04334625,0.0808304,0.06374294,0.031590194,0.025910284,0.060670212,0.073467486,0.047251493,0.03768469
Christ the Reedemer Statue/78.Christ_on_Corcovado_mountain-1600x450.jpg,0.03680537,0.0050371564,0.0050100093,0.079199046,0.03376225,0.1002132,0.023201717,0.015282806,0.03156876,0.019981427,0.4933348,0.032037336,0.024009477,0.0199793,0.030524533,0.009284278,0.0274021,0.013366403
Christ the Reedemer Statue/79.Rio-de-Janeiro-jesus-statue-940x450-FEAT.jpg,0.028695613,0.002332469,0.0033097493,0.09222895,0.06152761,0.08672512,0.019918745,0.0107817985,0.04217012,0.013625087,0.45645717,0.03151641,0.03831488,0.014843492,0.042708743,0.009842095,0.031059872,0.013942115
Christ the Reedemer Statue/8.christtheredeemer.jpg,0.0064173294,0.014148808,0.010427559,0.09665283,0.4473921,0.01681746,0.017506368,0.079137124,0.033900514,0.038544837,0.096348755,0.019299591,0.0069295457,0.009018016,0.05510482,0.014130578,0.013649063,0.02457469
Christ the Reedemer Statue/8.jpg,0.011078792,0.0027384555,0.0032665476,0.077129744,0.05765799,0.061385598,0.039768167,0.004780638,0.35769865,0.023579177,0.22555457,0.011496664,0.013904291,0.003846776,0.030184755,0.02673718,0.030590473,0.01860135
Christ the Reedemer Statue/80.Rio-de-janeiro-photography-1-820x312.jpg,0.017659191,0.0047698156,0.005695471,0.13932954,0.087136045,0.05955031,0.024239508,0.027750986,0.12727766,0.023970187,0.25721395,0.02927765,0.029183093,0.012927656,0.050061412,0.017220834,0.0583517,0.028384963
Christ the Reedemer Statue/81.jpg,0.58903974,0.012181453,0.01316719,0.020325184,0.077828325,0.036074627,0.015617815,0.0030753748,0.011390353,0.043546572,0.024051053,0.037358537,0.015535398,0.02359322,0.0136262225,0.049786262,0.005264157,0.008538412
Christ the Reedemer Statue/82.jpg,0.021361757,0.014283283,0.011074793,0.038265042,0.43760633,0.0087171355,0.018901227,0.014773631,0.12887706,0.024570977,0.011981238,0.016866896,0.005734978,0.001982839,0.08084617,0.04615474,0.0032001873,0.114801675
Christ the Reedemer Statue/83.corcovado-christ-statue.jpg,0.0664528,0.056846164,0.007054932,0.07157544,0.16080236,0.022834912,0.018546209,0.026092581,0.13940851,0.092783034,0.013843789,0.018364511,0.013202791,0.004467513,0.07527504,0.123637915,0.0059217378,0.08288968
Christ the Reedemer Statue/83.jpg,0.051893108,0.01804056,0.008086795,0.14549272,0.2851917,0.011917392,0.01743052,0.021446183,0.042970225,0.008495353,0.1254179,0.058482166,0.021559998,0.0039082333,0.124429,0.027977724,0.017293153,0.009967298
Christ the Reedemer Statue/84.brazil-fotolia-18249418-sfmthd_0_0.jpg,0.026266733,0.0021590637,0.0029478695,0.05948826,0.04494435,0.116483375,0.014316852,0.012541652,0.05513893,0.0077754804,0.55836374,0.034054503,0.013377018,0.012029899,0.013326209,0.0066792276,0.010643205,0.009463521
Christ the Reedemer Statue/84.jpg,0.03855914,0.012316145,0.014894424,0.07956694,0.1364474,0.06342223,0.033395357,0.028490568,0.14737698,0.041944604,0.054207902,0.028026136,0.029437494,0.009281344,0.062818855,0.083598316,0.01989506,0.11632116
Christ the Reedemer Statue/85.christ-the-redeemer-tours.jpg,0.011681883,0.0005126109,0.0011029827,0.043771774,0.012904875,0.04732248,0.013690203,0.0032782652,0.0062045623,0.0020060677,0.82131237,0.0077934344,0.00521031,0.007919882,0.0069562625,0.0006212271,0.006337701,0.0013730901
Christ the Reedemer Statue/86.The-Christ-the-Redeemer-statue-1.jpg,0.1789016,0.011955668,0.004270552,0.088643655,0.02974015,0.048236825,0.02769051,0.0065495386,0.039602373,0.013879873,0.054182034,0.04772623,0.22665522,0.011369192,0.11317258,0.037616976,0.042170983,0.017636081
Christ the Reedemer Statue/87.jpg,0.02564246,0.13842481,0.14166,0.026707113,0.048416436,0.03399488,0.04535794,0.14747217,0.028958576,0.059071455,0.034639765,0.110455886,0.0118617965,0.07263592,0.01079686,0.0089751845,0.03714267,0.017786143
Christ the Reedemer Statue/88.christ-redeemer-statue-rio-de-600w-46772326.jpg,0.07883431,0.012495317,0.006547824,0.073188685,0.045910124,0.101371184,0.02435318,0.020908283,0.061069693,0.0206278,0.23941228,0.07320313,0.079476394,0.032647293,0.064520404,0.020154027,0.027053116,0.018226884
Christ the Reedemer Statue/89.brazil.jpg,0.0042926283,0.00011211481,0.00045104302,0.029229678,0.009230975,0.03270215,0.003503366,0.0015320961,0.03431312,0.0030106753,0.86170715,0.0035130365,0.0027820596,0.0022725703,0.0022589301,0.000688244,0.007699882,0.0007003181
Christ the Reedemer Statue/9.christ-the-redeemer-statue-corcovado-rio-de-janeiro-brazil_u-l-p184ko0.jpg,0.03315399,0.03096068,0.029906744,0.08984228,0.055199444,0.045241203,0.030646803,0.11323044,0.052849606,0.03809796,0.10558729,0.0998488,0.07681231,0.030985296,0.031147594,0.025121283,0.083245106,0.028123159
Christ the Reedemer Statue/9.jpg,0.03918154,0.037429094,0.01998525,0.054248247,0.107107386,0.052518923,0.05530111,0.07901279,0.05341663,0.09848666,0.039674543,0.020526089,0.026853736,0.019941658,0.06886478,0.061744463,0.027024815,0.13868229
Christ the Reedemer Statue/90.dsc07272.jpg,0.22299694,0.09085989,0.05587203,0.027905164,0.02599247,0.034223218,0.04977393,0.017299253,0.016999716,0.062325586,0.00895412,0.038931478,0.099762194,0.030417208,0.07846223,0.06162215,0.054962877,0.022639522
Christ the Reedemer Statue/90.jpg,0.042192496,0.05062387,0.009945919,0.17418781,0.112661466,0.035066254,0.03326035,0.019593474,0.036535617,0.046576843,0.14292765,0.034530416,0.019625477,0.017912462,0.16269022,0.024899721,0.01870458,0.01806526
Christ the Reedemer Statue/91.ABC_christ_redeemer_jef_140713_31x13_992.jpg,0.13815539,0.034478493,0.014777206,0.069003426,0.17031868,0.033175014,0.034466192,0.021068888,0.046687137,0.03954571,0.028293911,0.052157126,0.025722502,0.015272444,0.06687122,0.1337341,0.012180932,0.06409172
Christ the Reedemer Statue/92.cv.001.jpg,0.051405497,0.03629455,0.030164706,0.07650999,0.087234445,0.06833226,0.06349546,0.030776948,0.067560636,0.028155936,0.09553542,0.061212447,0.037922878,0.029316787,0.0885529,0.04866096,0.050630417,0.04823787
Christ the Reedemer Statue/92.jpg,0.040344838,0.0033196427,0.0036485682,0.08633761,0.0420046,0.11566891,0.03264741,0.012453958,0.022652762,0.010786923,0.48165172,0.040939476,0.019811047,0.01914626,0.032308448,0.008239142,0.012979587,0.01505924
Eiffel Tower - Paris/1.jpeg,0.1357335,0.06465236,0.011709467,0.020314582,0.29140264,0.010868229,0.0076329904,0.03765974,0.11585071,0.05832744,0.015562099,0.045565777,0.019323409,0.002447722,0.07410979,0.072394095,0.0039644497,0.012481019
Eiffel Tower - Paris/10.IMG_6447-e1542314195983-720x340.jpg,0.040610794,0.01130999,0.0108981365,0.017696738,0.71179,0.009825976,0.006811953,0.024126535,0.023190456,0.012381425,0.0068337866,0.01053059,0.00401924,0.0022327516,0.030562876,0.034861334,0.001080303,0.041237008
Eiffel Tower - Paris/100.jpeg,0.037117522,0.01125451,0.0022824989,0.014767631,0.656466,0.0028571086,0.00677112,0.0014846316,0.011184783,0.003302891,0.0028492694,0.0072085927,0.0024094707,0.0006442294,0.17737031,0.0467881,0.00044031994,0.014801028
Eiffel Tower - Paris/101.jpg,0.42361683,0.014103401,0.007605211,0.0065717697,0.103031464,0.01673395,0.006522351,0.013055122,0.08602792,0.041682217,0.014714221,0.028985176,0.024212958,0.0023323982,0.038040873,0.16043112,0.0022484306,0.010084568
Eiffel Tower - Paris/103.jpg,0.009010409,0.0036632647,0.049324427,0.014638114,0.81612575,0.007302954,0.0035635857,0.00983009,0.0125782145,0.0065481304,0.0095315175,0.0032904688,0.0021557824,0.0011386756,0.010879237,0.031820532,0.0032861645,0.0053128246
Eiffel Tower - Paris/104.jpg,0.013895356,0.002931082,0.020927895,0.036179647,0.6321387,0.018940208,0.016191773,0.0051443903,0.08030165,0.014286526,0.07024244,0.003443438,0.0033204386,0.00215293,0.026508538,0.036327615,0.0047986098,0.012268705
Eiffel Tower - Paris/105.jpg,0.12090111,0.038869143,0.04493601,0.037677027,0.1387281,0.064311676,0.0362139,0.044871747,0.059821554,0.10928727,0.023156097,0.029152555,0.02290354,0.032130543,0.013493941,0.0910178,0.027724324,0.06480365
Eiffel Tower - Paris/107.jpg,0.031465027,0.025015406,0.0059634265,0.020116692,0.057120215,0.097143255,0.35193062,0.02619106,0.008880526,0.03707787,0.022837745,0.01492273,0.038810167,0.09443898,0.03357765,0.03548242,0.055555567,0.043470684
Eiffel Tower - Paris/109.jpg,0.023377107,0.02769914,0.021556154,0.068404436,0.0215752,0.07061496,0.173455,0.04164144,0.024136668,0.015318269,0.07374698,0.0136742955,0.16675332,0.07089155,0.028037388,0.014091469,0.12798922,0.017037574
Eiffel Tower - Paris/11.jpg,0.046984553,0.087379634,0.049849052,0.026074942,0.14365633,0.045978867,0.10262057,0.10273081,0.028738404,0.04640667,0.020884076,0.075370744,0.020038377,0.06332157,0.021657323,0.034887332,0.036646094,0.04677473
Eiffel Tower - Paris/11.paris-travel-10-best-views-of-the-eiffel-tower-620x245.jpg,0.021851424,0.047490757,0.012301795,0.0131977135,0.6140868,0.0064628636,0.0054542064,0.09973895,0.049913164,0.015355395,0.008795716,0.021849953,0.003978368,0.0021502145,0.02857342,0.031862825,0.0019503395,0.014986
Eiffel Tower - Paris/110.jpg,0.56867594,0.004949809,0.0011379794,0.008262303,0.065390244,0.0014822367,0.0031457855,0.00035243662,0.01663752,0.0019274382,0.027356265,0.083474316,0.01697069,0.001197289,0.18746658,0.005451778,0.00033462513,0.005786835
Eiffel Tower - Paris/111.jpg,0.008947339,0.002649773,0.00027124022,0.0007153289,0.9557254,3.9943272e-05,4.9603797e-05,0.0006929744,0.0035979731,0.0025858718,0.0003484265,0.0015531271,0.0001342867,2.0567919e-05,0.015354771,0.007073069,1.2218428e-05,0.00022813982
Eiffel Tower - Paris/112.jpg,0.0046347994,0.00038723383,0.0008543061,0.0016930342,0.94773924,0.0014482408,0.0013697925,0.0040046936,0.0015065412,0.00027347138,0.0007210983,0.0021963727,0.00078300637,0.00066068623,0.017060818,0.009840399,0.00029813903,0.004527961
Eiffel Tower - Paris/115.jpg,0.05411719,0.036544096,0.024744544,0.07342908,0.06118724,0.09038241,0.04998759,0.029972367,0.05502136,0.11697569,0.13997254,0.052504174,0.016564207,0.07036928,0.019594286,0.03023523,0.06427611,0.014122713
Eiffel Tower - Paris/116.jpg,0.07704735,0.011125315,0.0001491234,0.0016995172,0.50293577,0.00013617521,0.00027278205,0.0001979749,0.023606889,0.015391888,0.0020940932,0.00624931,0.00095514953,0.00011482543,0.3477023,0.010022415,4.013594e-05,0.00025891457
Eiffel Tower - Paris/117.jpg,0.21544643,0.0049645626,0.004467981,0.011824173,0.43744686,0.0022783135,0.005524343,0.00074640545,0.011049393,0.0013786763,0.0137074,0.042399947,0.0094930325,0.0017462781,0.20163245,0.025742602,0.00049999345,0.009651155
Eiffel Tower - Paris/118.jpg,0.011559247,0.013468258,0.09440317,0.026862545,0.59752953,0.0017929715,0.006386139,0.0056882077,0.038272772,0.14545968,0.010783015,0.005883195,0.0011448498,0.0037594393,0.015773775,0.00844465,0.0039135106,0.008875112
Eiffel Tower - Paris/119.jpg,0.012210819,0.0060510775,0.002152356,0.009757226,0.85698014,0.0005273951,0.0021932505,0.0080861775,0.007775615,0.0029090594,0.0021566944,0.0072177076,0.0011383367,0.00033083037,0.05291902,0.01780154,0.00040258537,0.0093901735
Eiffel Tower - Paris/12.Photo-OTCP-Paris-neige-horiz.jpg,0.012775936,0.013632191,0.012126211,0.03517801,0.5514459,0.0064363903,0.021926928,0.010121927,0.0226487,0.0077915215,0.021016218,0.020432297,0.0049489853,0.0045590354,0.1889306,0.026231362,0.0050184806,0.0347793
Eiffel Tower - Paris/12.jpg,0.063814715,0.04717869,0.0027109112,0.02777967,0.45397967,0.005499407,0.009317677,0.003927237,0.010560221,0.005537349,0.0038371664,0.0149410395,0.0055049486,0.0010757884,0.25613585,0.07699733,0.0011410071,0.01006136
Eiffel Tower - Paris/120.jpg,0.007267365,0.0017020197,0.0029766995,0.007789149,0.8682781,0.0044505037,0.0016422358,0.031727385,0.0040217093,0.0021245917,0.0047360053,0.009006738,0.0026266125,0.000545044,0.012391335,0.034874987,0.0014098289,0.0024297258
Eiffel Tower - Paris/122.jpg,0.005135437,0.00591955,0.0088409055,0.013519919,0.693879,0.0057741525,0.016001957,0.018402645,0.022944251,0.008013136,0.0038729354,0.00480224,0.0020938157,0.0019171754,0.073759735,0.024196079,0.001738567,0.08918852
Eiffel Tower - Paris/123.jpg,0.04760418,0.0352278,0.05713072,0.111992426,0.12343815,0.05112647,0.028919779,0.08465542,0.048852332,0.039080154,0.10259189,0.040003825,0.017688304,0.019459005,0.04217639,0.051159903,0.06531174,0.03358144
Eiffel Tower - Paris/124.jpg,0.006221146,0.0012902499,0.001774042,0.0047888677,0.88874894,0.0007463578,0.0022473533,0.0021571505,0.015347602,0.0016584842,0.0026910577,0.0034894238,0.00078278594,0.0002891357,0.046462677,0.007686428,0.00018841388,0.013429708
Eiffel Tower - Paris/125.jpg,0.025065264,0.0067327865,0.003312483,0.008073243,0.7703301,0.0031591675,0.0039008409,0.013194469,0.007870036,0.0059627597,0.00636473,0.022376662,0.003143516,0.000961338,0.06524458,0.041968305,0.00068795786,0.01165161
Eiffel Tower - Paris/126.jpg,0.00516202,0.0021591126,0.00028714872,0.0031241868,0.8316456,0.0020092004,0.0053303284,0.002419419,0.0031975445,0.0016234615,0.00043910986,0.0013204038,0.00027031795,0.00016557646,0.0772904,0.027128387,9.750992e-05,0.03633023
Eiffel Tower - Paris/127.jpg,0.012853778,0.0032591028,0.0011188934,0.0012887389,0.9509851,0.00016863839,0.0002003857,0.0014029444,0.0016531703,0.0009767165,0.00017366596,0.0011735277,0.00016638226,5.0167135e-05,0.011460528,0.012455956,4.140271e-05,0.00057052786
Eiffel Tower - Paris/128.jpg,0.0051473887,0.0046647005,0.0082209315,0.028932845,0.62212354,0.012871465,0.017843548,0.044019215,0.052687902,0.014720874,0.021637648,0.0076463046,0.0036038791,0.002736927,0.0693217,0.027802713,0.008226175,0.04779227
Eiffel Tower - Paris/129.jpg,0.055601954,0.043831676,0.035323422,0.08958033,0.22938107,0.024191497,0.024907527,0.09364085,0.05079029,0.040873643,0.038167924,0.040988058,0.014921806,0.017043816,0.054481126,0.056598112,0.031219775,0.058457248
Eiffel Tower - Paris/13.TOUR-EIFFEL.jpg,0.024508808,0.008621592,0.006552806,0.027622728,0.6687085,0.0019608368,0.009966926,0.009213773,0.021103311,0.006554531,0.013662095,0.02414625,0.0034503047,0.0017013453,0.121552296,0.025490409,0.0027255686,0.022457985
Eiffel Tower - Paris/13.jpg,0.17956139,0.0021947734,0.0037258768,0.049945556,0.06597359,0.03663381,0.01181639,0.0038598974,0.02209022,0.0053859483,0.3882514,0.07843464,0.046893276,0.0116484575,0.065228134,0.008743178,0.008220473,0.011393004
Eiffel Tower - Paris/130.jpg,0.06860929,0.05368703,0.21887809,0.030495113,0.08091285,0.039784454,0.029341022,0.11135039,0.015702762,0.09240461,0.022792855,0.036460757,0.016797297,0.034166254,0.02746761,0.03051795,0.050545957,0.040085554
Eiffel Tower - Paris/131.jpg,0.06639128,0.020206198,0.018738689,0.015406036,0.6549808,0.0048479973,0.004343069,0.020021377,0.017070506,0.012068065,0.006970166,0.02613025,0.0057959715,0.0016516502,0.030513776,0.08408464,0.002247755,0.00853182
Eiffel Tower - Paris/132.jpg,0.019854082,0.0039997064,0.0052249185,0.0029191514,0.9075656,0.0011212962,0.0012086035,0.0049686967,0.0023945796,0.001957863,0.00047257543,0.003029562,0.0006294252,0.0005304904,0.009284594,0.03024374,0.00030336948,0.0042918036
Eiffel Tower - Paris/133.jpg,0.032286037,0.041333485,0.0061368365,0.058278676,0.39700368,0.014102956,0.017647127,0.015845757,0.03464042,0.02534188,0.017635565,0.01180629,0.007619272,0.004250846,0.19854811,0.06712205,0.003656675,0.046744324
Eiffel Tower - Paris/135.jpg,0.002811402,0.0001402413,0.00011433768,0.00019198863,0.9513523,0.0002831896,0.0004580834,0.0016249245,0.00015459268,0.00013888266,0.00014689918,0.0006654398,0.00024423786,4.87076e-05,0.011155844,0.029841231,3.7587917e-05,0.00059021334
Eiffel Tower - Paris/136.jpg,0.0012591421,0.004981241,0.014057917,0.0036877152,0.9250633,0.0004202161,0.0023551078,0.008997139,0.004548818,0.0042358334,0.00018179521,0.0003073248,0.0001174478,6.323079e-05,0.007856685,0.014049874,0.0005310522,0.007286216
Eiffel Tower - Paris/138.jpg,0.012938018,0.013761416,0.00829666,0.017798346,0.3560889,0.00989316,0.13121635,0.0035309494,0.008685022,0.0038439834,0.020598179,0.016618628,0.00890863,0.009287967,0.34094316,0.0145807965,0.006026915,0.01698294
Eiffel Tower - Paris/139.jpeg,0.025750056,0.0073083416,0.009518458,0.011500476,0.8621858,0.0023558657,0.0036273955,0.0046314457,0.0022221373,0.003334563,0.002394426,0.006600122,0.0010462103,0.0024070858,0.029638456,0.015771866,0.0006086069,0.009098648
Eiffel Tower - Paris/14.istock-paris-eiffel-tower-night-e1518447685795.jpg,0.019121429,0.032288127,0.013196721,0.07714328,0.074227884,0.11589709,0.08322442,0.027509687,0.12805103,0.053785775,0.12580135,0.042321403,0.022475,0.053725414,0.027637504,0.028978208,0.061209053,0.013406706
Eiffel Tower - Paris/14.jpg,0.03210364,0.0023567537,0.006520763,0.01516522,0.7799147,0.0029510497,0.003667188,0.0030945058,0.02109832,0.0029787526,0.013475305,0.008969109,0.003932623,0.0012549331,0.06347819,0.021547776,0.00086520845,0.016625863
Eiffel Tower - Paris/140.jpg,0.09002677,0.0040998887,0.008218273,0.009946377,0.6121851,0.0010679533,0.0052212346,0.0010208355,0.03828799,0.0034705047,0.019358587,0.02419816,0.0051514665,0.001395256,0.15641609,0.011187915,0.0005423289,0.008205288
Eiffel Tower - Paris/141.jpg,0.14133157,0.00654907,0.01621944,0.0033975802,0.51421696,0.0063230824,0.0035318143,0.020265961,0.03372962,0.010690943,0.0029461205,0.011367319,0.007768233,0.0009807751,0.018459203,0.18986991,0.0014527481,0.010899612
Eiffel Tower - Paris/142.jpg,0.044803265,0.061808318,0.026798638,0.10192108,0.19034259,0.02839226,0.05958666,0.026198901,0.02970384,0.055257052,0.084958,0.067696474,0.012352004,0.043307483,0.09083731,0.01973493,0.021439625,0.034861565
Eiffel Tower - Paris/143.jpeg,0.001133625,0.00034951244,0.00031267054,0.0007920136,0.9757583,0.00015125383,0.00037441912,0.0013488882,0.0019672276,0.0009555033,0.0014943088,0.00097365235,0.00018913961,7.479842e-05,0.009368132,0.004325295,7.626751e-05,0.00035490203
Eiffel Tower - Paris/144.jpg,0.060004905,0.07401984,0.033680305,0.052079286,0.06347087,0.087715864,0.057714503,0.038021397,0.047127504,0.05223888,0.06310289,0.069253005,0.037723314,0.06317006,0.040245563,0.05332446,0.05601172,0.051095583
Eiffel Tower - Paris/145.jpg,0.070661336,0.008064039,0.0024160112,0.0022783247,0.8153153,0.00040973115,0.00035797525,0.0038975326,0.028571995,0.008992543,0.0006379134,0.002557947,0.0008199231,0.0001031236,0.017417146,0.035724558,9.805818e-05,0.0016766646
Eiffel Tower - Paris/146.jpg,0.012827517,0.03147521,0.03521063,0.017467223,0.31700715,0.0516603,0.09353313,0.1694175,0.02299226,0.017939307,0.0088453,0.0137745645,0.0104829315,0.023946766,0.024316922,0.037231553,0.019393168,0.09247854
Eiffel Tower - Paris/147.jpg,0.01866158,0.0056340937,0.0036489386,0.006682661,0.87945247,0.0010841896,0.0012882053,0.010461515,0.0095883,0.0039416784,0.0010490812,0.0022000794,0.0006930295,0.00032939514,0.016177226,0.026866483,0.0002145318,0.0120267905
Eiffel Tower - Paris/148.jpg,0.041260496,0.05485857,0.024101174,0.060907815,0.13300018,0.070298985,0.057152163,0.046578232,0.05644825,0.062027447,0.07765574,0.04019031,0.019303728,0.03050997,0.06949314,0.05038971,0.034845408,0.070978776
Eiffel Tower - Paris/149.jpg,0.34362265,0.004706492,0.0075409473,0.0010106292,0.43850446,0.0012940465,0.0005021299,0.015405357,0.032137863,0.024023617,0.0038085466,0.014274948,0.004405819,0.0001580031,0.005270506,0.10202313,0.0003207313,0.0009901236
Eiffel Tower - Paris/15.4-1-620x245.jpg,0.00464685,0.0017844404,0.0073270034,0.058463827,0.14622411,0.03288558,0.01750867,0.006524125,0.4814446,0.027252154,0.13142176,0.0038204247,0.005521661,0.0020371578,0.016285647,0.021435155,0.0147342235,0.020682683
Eiffel Tower - Paris/15.jpg,0.23692125,0.022261182,0.020320673,0.029911978,0.2185275,0.05521275,0.05165038,0.013146861,0.010316944,0.015979096,0.023969697,0.06299588,0.01929395,0.03686279,0.057877123,0.07555566,0.0072740163,0.041922208
Eiffel Tower - Paris/150.jpeg,0.029203067,0.006841863,0.008938931,0.05453154,0.091254056,0.051209647,0.040226113,0.011066781,0.016668037,0.04640976,0.40289173,0.033574563,0.020749079,0.03966678,0.10253093,0.0071887975,0.02149844,0.015550001
Eiffel Tower - Paris/152.jpg,0.053860772,0.07246218,0.046269737,0.0581406,0.078907914,0.071972564,0.06237068,0.047504466,0.041045647,0.050859265,0.072138675,0.06047424,0.032064356,0.05624183,0.04081992,0.052141044,0.054172743,0.04855335
Eiffel Tower - Paris/153.jpg,0.008957448,0.0011325094,0.0031640886,0.026807874,0.6725138,0.008228773,0.008621921,0.0052943025,0.05047349,0.008331884,0.09021141,0.0057233297,0.0032593808,0.0017536635,0.07021558,0.010719471,0.0022681023,0.02232289
Eiffel Tower - Paris/154.jpg,0.020495398,0.0074485694,0.0053670984,0.007858745,0.88615894,0.00093662966,0.00096265005,0.005541351,0.005811458,0.0058317618,0.0021374829,0.0043557826,0.0009700527,0.00065992394,0.019569987,0.020817587,0.00035267626,0.0047237654
Eiffel Tower - Paris/155.jpg,0.047846783,0.025487248,0.021419423,0.031177372,0.6208902,0.004490245,0.010654319,0.04459868,0.011324117,0.007653032,0.011501628,0.038124133,0.008109151,0.0052852016,0.05076533,0.037417036,0.005225112,0.018030979
Eiffel Tower - Paris/156.jpg,0.0199917,0.006607845,0.0041346145,0.1004876,0.18696035,0.03747116,0.010031063,0.07591967,0.06677135,0.051179435,0.27269793,0.032155763,0.010124336,0.010403856,0.0563007,0.0135843335,0.019278452,0.025899906
Eiffel Tower - Paris/157.jpg,0.022485482,0.002260147,0.0012983971,0.0026525722,0.8827378,0.00018485577,0.00063869613,0.0013577873,0.008041727,0.0008604569,0.00080736796,0.0052760975,0.00084256934,9.788559e-05,0.055437066,0.013439742,0.00016159535,0.0014198805
Eiffel Tower - Paris/158.jpg,0.08682922,0.08240745,0.03776884,0.052692596,0.070602424,0.06353148,0.05281639,0.029529039,0.041077375,0.037512187,0.042666264,0.08286001,0.042581912,0.047726378,0.06108662,0.06584912,0.044898815,0.0575638
Eiffel Tower - Paris/159.jpg,0.005178315,0.002024074,0.0023775017,0.0027208594,0.92137235,0.0007140573,0.0007016674,0.018197853,0.0027445296,0.0007466796,0.0012074715,0.0046917847,0.0013684636,0.00045362543,0.023727585,0.0093700085,0.0006165858,0.0017867264
Eiffel Tower - Paris/16.eiffel-tower.jpg,0.03618185,0.1236206,0.10522862,0.036504637,0.114060424,0.046955563,0.06595069,0.07260842,0.073718295,0.038178746,0.028698444,0.081335135,0.013228151,0.03247556,0.020522427,0.036781635,0.026827207,0.047123577
Eiffel Tower - Paris/16.jpg,0.0058164513,0.033272646,0.05772682,0.021538813,0.6249778,0.0077199666,0.006601371,0.05646539,0.09270646,0.017442027,0.0050434205,0.0050898553,0.0012361191,0.0008663732,0.0083682975,0.03761468,0.0032227046,0.014290933
Eiffel Tower - Paris/161.jpg,0.014963218,0.0033628766,0.005353593,0.0038040646,0.8588304,0.0022225794,0.0016903124,0.025783015,0.006998588,0.0016826359,0.001801874,0.0069977073,0.0029243329,0.0009989727,0.028925382,0.027387988,0.001204006,0.0050684526
Eiffel Tower - Paris/162.jpg,0.0048302454,0.00081342226,0.00017501756,0.0030530535,0.85745007,0.001624891,0.002456762,0.002944623,0.002120452,0.0011639892,0.00077917776,0.0023636927,0.00028235698,9.21831e-05,0.06044644,0.028354809,5.5903456e-05,0.030992806
Eiffel Tower - Paris/164.jpg,0.0058778008,0.0044208206,0.020053025,0.011987758,0.6973993,0.007549812,0.0127672,0.019553497,0.04453535,0.023245502,0.0032090812,0.0020329396,0.0016645208,0.0014553545,0.020092517,0.042036004,0.0024724586,0.07964686
Eiffel Tower - Paris/166.jpg,0.11292727,0.019380037,0.07225338,0.021365916,0.038702857,0.039689805,0.07965055,0.03977989,0.03495733,0.02689323,0.07855584,0.012414128,0.21264213,0.05986759,0.018309224,0.022038799,0.09995995,0.010612114
Eiffel Tower - Paris/167.jpg,0.0030506959,0.0013405542,0.0036368591,0.0030516314,0.94587535,0.00095422746,0.0010502376,0.0052526807,0.00090270163,0.00078458973,0.0021428321,0.002844132,0.0009986947,0.00045157,0.016003968,0.008548658,0.00025883276,0.0028517125
Eiffel Tower - Paris/168.jpg,0.0057754447,0.020131525,0.0048138457,0.0074795107,0.79741395,0.012003169,0.030691585,0.013428848,0.003966281,0.004017728,0.0015834054,0.0021954756,0.0014626716,0.0034133226,0.037168536,0.029561846,0.0018568173,0.023036154
Eiffel Tower - Paris/169.jpg,0.050157297,0.015834313,0.014579699,0.057482194,0.20458563,0.054535884,0.032588977,0.03895874,0.065074384,0.038225323,0.029620195,0.030988483,0.013847227,0.007207214,0.056428798,0.09216651,0.006167758,0.19155137
Eiffel Tower - Paris/17.jpg,0.016404003,0.009190062,0.009782406,0.017377276,0.63663137,0.009089463,0.010489153,0.051947627,0.038186956,0.013452452,0.011139012,0.027328111,0.007921497,0.0051829685,0.063942574,0.017656183,0.0034872976,0.050791394
Eiffel Tower - Paris/170.jpg,0.034720376,0.0113706,0.010649147,0.015297996,0.8012468,0.0034748905,0.005076794,0.0089469375,0.007296496,0.0109254,0.0037822907,0.0081666475,0.0019148194,0.003525249,0.028235745,0.02949228,0.0011655631,0.014712011
Eiffel Tower - Paris/171.jpg,0.04987331,0.021551432,0.0062703136,0.04051043,0.5147461,0.0021618158,0.013717647,0.0048917527,0.029512048,0.008953387,0.022241458,0.04526253,0.004406345,0.003170161,0.19447401,0.018891297,0.0015997863,0.017766038
Eiffel Tower - Paris/172.jpeg,0.16741484,0.021146335,0.038130634,0.015608806,0.562288,0.004107259,0.002430056,0.0026374802,0.021355776,0.015998133,0.0042312457,0.014202468,0.0039319103,0.001340534,0.027370377,0.09217123,0.0019193053,0.0037156406
Eiffel Tower - Paris/173.jpg,0.07260817,0.0063547296,0.007260008,0.050034966,0.22063604,0.028027166,0.024802543,0.0063412203,0.02920591,0.008465885,0.13252707,0.080512315,0.04182231,0.013184369,0.20839345,0.015414618,0.0054790704,0.048930064
Eiffel Tower - Paris/174.jpg,0.09892863,0.022183668,0.019184424,0.044710726,0.17751281,0.011234993,0.018202208,0.012784583,0.18834642,0.06467501,0.06488488,0.046755,0.031438287,0.011885297,0.088252336,0.052705817,0.013956604,0.03235836
Eiffel Tower - Paris/177.jpg,2.2451975e-05,1.2565405e-09,7.999503e-09,3.4006264e-10,0.9999219,6.279809e-11,8.792818e-11,9.22513e-08,1.0121934e-07,3.4723263e-07,2.7097661e-08,7.875321e-08,9.0210006e-10,2.8191672e-12,2.830219e-07,5.4688564e-05,3.217073e-12,4.5185466e-11
Eiffel Tower - Paris/178.jpg,0.0074244067,0.0062243766,0.015633928,0.031179983,0.39650214,0.021476971,0.019506704,0.022474382,0.23794375,0.020694142,0.03566554,0.009247954,0.005610983,0.0024384097,0.043433398,0.0341383,0.0066546975,0.08375
Eiffel Tower - Paris/179.jpg,0.033247385,0.004079066,0.0003833756,0.004502898,0.8001111,0.00015109424,0.00081476785,0.0017866824,0.00624454,0.0012621911,0.0024791462,0.010655585,0.0010161896,0.00016785135,0.120699875,0.009156515,8.855239e-05,0.003153312
Eiffel Tower - Paris/18.eiffel-tower-paris-france-16.jpg,0.0049443007,0.0029468748,0.000997661,0.0036915785,0.8726083,0.0010251569,0.004850511,0.004771655,0.0033686298,0.0021927003,0.00043125186,0.00096259353,0.00045945722,0.00029240298,0.049222045,0.021806335,0.00021825558,0.025210151
Eiffel Tower - Paris/18.jpg,0.048658427,0.08074151,0.059160274,0.048869547,0.09576395,0.057066754,0.06854938,0.0530096,0.03677152,0.047064126,0.06340346,0.06651058,0.03202075,0.06707264,0.035821926,0.04542324,0.054828364,0.039264012
Eiffel Tower - Paris/180.jpg,0.0011648325,0.0006409653,4.0295134e-05,0.0007015987,0.87926257,0.00017592554,0.0011687945,0.00035174857,0.0007220545,0.00053380517,0.00030054146,0.00054617017,8.899994e-05,5.244001e-05,0.106796786,0.0036133192,1.1971392e-05,0.0038272727
Eiffel Tower - Paris/186.jpg,0.03760643,0.006891386,0.0061485507,0.05534527,0.29280138,0.03392257,0.018400665,0.030272612,0.10953988,0.021044431,0.046630323,0.04353689,0.025039354,0.009010625,0.116573386,0.03194452,0.010615172,0.10467647
Eiffel Tower - Paris/187.jpg,0.025568863,0.009090132,0.007158144,0.036047347,0.4397823,0.011037063,0.011797131,0.005142483,0.051165827,0.01097414,0.07700227,0.03330943,0.017687507,0.00673303,0.20408833,0.016932782,0.005097904,0.03138522
Eiffel Tower - Paris/188.jpg,0.008047823,0.006825791,0.038010802,0.017572787,0.7918921,0.0014790513,0.0033233224,0.007090359,0.044910293,0.014108752,0.0038110947,0.0025799589,0.0010992471,0.0006978606,0.016432354,0.025013983,0.0014675749,0.0156368
Eiffel Tower - Paris/19.Tour-Eiffel-de-jour-620x245.jpg,0.14776222,0.027164046,0.009258058,0.0030142032,0.44289443,0.0021192061,0.0012518147,0.018562406,0.03919784,0.036371097,0.0024548653,0.01480728,0.010544461,0.0005873687,0.031503137,0.20889089,0.0020822897,0.0015343376
Eiffel Tower - Paris/19.jpeg,0.016754847,0.02592323,0.0019549646,0.0108425105,0.48406705,0.017865587,0.09689223,0.0068295584,0.0027966131,0.00538782,0.007910418,0.015343095,0.004172469,0.014844382,0.25092992,0.012573406,0.0029070084,0.02200492
Eiffel Tower - Paris/190.jpg,0.0475369,0.04959691,0.029874519,0.045922037,0.111371614,0.07429084,0.051385242,0.0844119,0.0506656,0.04488341,0.07075316,0.05900344,0.030940412,0.049185164,0.042576957,0.042443026,0.053061776,0.06209705
Eiffel Tower - Paris/193.jpg,0.06701163,0.026420094,0.006105576,0.014420809,0.4537913,0.019213537,0.03912015,0.015849909,0.01117593,0.007739702,0.010460452,0.032405872,0.01055202,0.00926363,0.1794483,0.053979393,0.0043925676,0.03864914
Eiffel Tower - Paris/194.jpeg,0.029037358,0.004065516,0.0010629231,0.011219995,0.65781456,0.008936266,0.009993151,0.013136951,0.010914893,0.0052691572,0.004637845,0.016298862,0.001853815,0.00095535757,0.08295216,0.0853138,0.0007698626,0.05576756
Eiffel Tower - Paris/195.jpg,0.0436346,0.104639314,0.023211116,0.05017078,0.07030955,0.11609622,0.053117886,0.04110423,0.058517326,0.051992513,0.07890363,0.062433988,0.025222754,0.053954035,0.03677212,0.042269673,0.037672896,0.049977288
Eiffel Tower - Paris/196.jpg,0.008414836,0.0043740794,0.01711154,0.071367726,0.29116166,0.030387184,0.029872661,0.01046881,0.25659832,0.027270647,0.13299204,0.0091817435,0.008991263,0.0047716317,0.02951462,0.02594689,0.015718352,0.025856148
Eiffel Tower - Paris/197.jpg,0.011343973,0.0043782396,0.007928637,0.02240728,0.7240916,0.005970108,0.0078964075,0.0067275423,0.033440806,0.009447848,0.012040431,0.0062510786,0.002653042,0.0011954161,0.0627083,0.041925352,0.0014940251,0.03809986
Eiffel Tower - Paris/199.jpg,0.090087116,0.08375692,0.04439617,0.050343174,0.07753467,0.054725327,0.05174519,0.023447342,0.04329495,0.030092036,0.039343458,0.082711354,0.042541105,0.03671324,0.07880305,0.074806966,0.040831085,0.05482696
Eiffel Tower - Paris/2.jpg,0.001331637,0.0008644971,0.00054042845,0.001940655,0.9710806,0.00018325206,0.00031910453,0.004239542,0.0015714098,0.0019490821,0.0023084704,0.0019784826,0.00019911637,8.066894e-05,0.0065304656,0.0042037824,5.4792425e-05,0.00062379154
Eiffel Tower - Paris/2.xeiffel-tower-trocadero-fountains-symmetry-123-784-2x1.jpg,0.20486706,0.018678004,0.014066818,0.05251519,0.062499512,0.047292937,0.022902966,0.016297381,0.026177457,0.016215889,0.12853366,0.118876584,0.05849722,0.025401605,0.10352554,0.025954057,0.020413628,0.037284486
Eiffel Tower - Paris/20.6082867_unbdpjp-QMBFnb4hQnC4MJaABjoxxBUHBMmCgybzqPU.jpg,0.014264665,0.00010173672,5.7984394e-06,2.286383e-05,0.9426264,3.1853455e-05,1.7832828e-05,0.00049368,0.0038669999,0.004002578,0.001091723,0.0017120274,0.0001582011,1.3297966e-06,0.0013043659,0.030286634,2.5532156e-06,8.772767e-06
Eiffel Tower - Paris/20.jpg,0.02768828,0.032964833,0.03612335,0.048542645,0.1307509,0.07296371,0.052702136,0.09042284,0.052284796,0.031353846,0.0677471,0.047588363,0.034908462,0.035999738,0.07154064,0.03113172,0.044168282,0.09111834
Eiffel Tower - Paris/201.jpeg,0.05139377,0.08307075,0.058041528,0.05601612,0.08594606,0.060214967,0.07166407,0.037145346,0.03637246,0.04412885,0.06760615,0.062252257,0.030706935,0.06336956,0.04434358,0.050622787,0.05874744,0.03835728
Eiffel Tower - Paris/202.jpg,0.019497896,0.011204901,0.008302384,0.027788274,0.49315742,0.006121362,0.05591572,0.0074848444,0.0033973316,0.008262605,0.006990919,0.009696344,0.014504569,0.004555663,0.24487452,0.020497764,0.007945964,0.04980136
Eiffel Tower - Paris/203.jpg,0.26382327,0.016259734,0.03545832,0.0160946,0.115612574,0.05533835,0.04236021,0.03190777,0.027536532,0.029691843,0.025641823,0.024985963,0.05295578,0.04338967,0.045853253,0.10875578,0.01431404,0.050020356
Eiffel Tower - Paris/204.jpg,0.009828069,0.009665564,0.017180813,0.026527412,0.54381865,0.008288888,0.012897063,0.0046957326,0.17705664,0.019297618,0.014069184,0.008897178,0.0036165514,0.0015954645,0.057081196,0.040292535,0.0021081292,0.04308336
Eiffel Tower - Paris/206.jpg,0.03551102,0.0683672,0.039045833,0.044032037,0.1050283,0.08280059,0.102210715,0.05792194,0.044398006,0.038860533,0.043828025,0.056124624,0.025756842,0.06586261,0.042501256,0.04663367,0.04529566,0.05582115
Eiffel Tower - Paris/207.jpg,0.0042071757,0.001059309,0.0015159698,0.0007180287,0.97574776,0.00011615746,0.00010955517,0.0019108084,0.0005296442,0.00044447056,0.00019075103,0.00093098416,0.00016721219,5.9050497e-05,0.005239479,0.0064086793,3.2435913e-05,0.0006125264
Eiffel Tower - Paris/21.jpg,0.18651357,0.031112239,0.0044481503,0.010031717,0.116585806,0.002836285,0.010217612,0.0057990365,0.026359864,0.01009448,0.026393699,0.1851436,0.03246199,0.0041013914,0.32548082,0.009205041,0.002181197,0.011033505
Eiffel Tower - Paris/21.tour_eiffel_depuis_avenue_gustave_eiffelce.livinec_-_sete_sans_date_2000.jpg,0.0037109691,0.0026177093,0.002365527,0.0035182494,0.9438888,0.00044739462,0.0005559795,0.0071900054,0.0018515107,0.0013190793,0.0010934707,0.0032154191,0.00071593514,0.00028374227,0.016070804,0.007963261,0.00022220693,0.0029697153
Eiffel Tower - Paris/213.jpg,0.030706557,0.009765796,0.022936404,0.043270595,0.27424446,0.038754303,0.027077619,0.08337321,0.04396414,0.022777427,0.05368864,0.049347825,0.024457691,0.01645513,0.09275093,0.025997927,0.011944665,0.12848672
Eiffel Tower - Paris/214.jpeg,0.04273714,0.024691042,0.000721018,0.01790937,0.5845532,0.0008706855,0.0012214596,0.0021091118,0.02600741,0.015527615,0.0041332995,0.008258318,0.0035926607,0.0003435377,0.23746508,0.025237095,0.00036950072,0.0042524408
Eiffel Tower - Paris/216.jpg,0.033478845,0.113324426,0.0013197795,0.037118293,0.22787042,0.016414227,0.011709648,0.003988975,0.08939902,0.06285835,0.02203546,0.015221812,0.0048222686,0.0015324927,0.29330215,0.03769698,0.0016193435,0.026287511
Eiffel Tower - Paris/217.jpeg,0.016376369,0.0007388329,0.0025999825,0.019543761,0.6161932,0.009590359,0.007440797,0.004661919,0.062359177,0.0074225822,0.13271412,0.0081799105,0.0038586224,0.0017268492,0.07854286,0.007886437,0.0021193724,0.01804484
Eiffel Tower - Paris/218.jpg,0.045389537,0.101452015,0.054005694,0.053994738,0.095908515,0.059479244,0.07050188,0.04228024,0.03758601,0.052118428,0.06295884,0.058768127,0.027961837,0.06326214,0.041261073,0.04363812,0.048327755,0.041105982
Eiffel Tower - Paris/22.eiffel-tower-paris-seventh-district-arrondissement.jpg,0.2872448,0.012949049,0.058881626,0.0294834,0.31585744,0.03996898,0.016705267,0.009607621,0.009691251,0.024072988,0.02527692,0.032976408,0.010116803,0.020815993,0.031771738,0.049525835,0.008098664,0.016955215
Eiffel Tower - Paris/22.jpg,0.01635121,0.0033604181,0.0040163747,0.016380437,0.79793036,0.0016843923,0.003317142,0.004239152,0.014997693,0.0034146667,0.009962114,0.012462901,0.0019772435,0.0011658047,0.08076017,0.011455595,0.000820759,0.015703626
Eiffel Tower - Paris/23.jpg,0.025014771,0.0028715564,0.0018716428,0.0059257066,0.7984233,0.0034528582,0.0048963814,0.002570812,0.013998366,0.004000062,0.00563285,0.012101648,0.002557731,0.0018309986,0.067552924,0.024323013,0.00039538255,0.022580024
Eiffel Tower - Paris/23.paris-snow-eiffel-tower-rt-mem-180207_12x5_608.jpg,0.0031541884,0.00068728044,0.00089258834,0.0003853353,0.9753499,8.0780796e-05,0.0001515254,0.0014812511,0.00033108093,0.00016067739,8.625066e-05,0.000631835,9.5297844e-05,4.1597505e-05,0.0082871895,0.007826472,3.8167684e-05,0.00031854378
Eiffel Tower - Paris/24.large-620x245.jpg,0.09299746,0.004682715,0.0173644,0.0033825934,0.77459544,0.0026385277,0.0015906356,0.005766139,0.019716334,0.0075279684,0.004671292,0.0077224835,0.0030999614,0.0008013198,0.010026094,0.039770786,0.0005384306,0.0031076188
Eiffel Tower - Paris/25.jpg,0.013191593,0.0074188136,0.01777967,0.03462324,0.47951546,0.0035524503,0.00743764,0.008506162,0.25488523,0.034097485,0.015099484,0.0065114135,0.002980626,0.0011247408,0.03659753,0.028830653,0.0028945284,0.04495316
Eiffel Tower - Paris/25.tour_img-851300-146.jpg,0.017327348,0.0043534534,0.017929088,0.007364948,0.87648624,0.0017464071,0.0021229514,0.011050452,0.0038159755,0.0026797273,0.003180897,0.0048261825,0.002249628,0.0012169223,0.013683602,0.024054527,0.00091309054,0.004998549
Eiffel Tower - Paris/26.jpg,0.01951843,0.02856354,0.015791962,0.055733252,0.11042231,0.11377863,0.102124214,0.0358412,0.09838882,0.046007328,0.03632837,0.019135103,0.028878678,0.016866455,0.08564744,0.07181996,0.031083804,0.08407043
Eiffel Tower - Paris/26.paris_eiffel-tower_front-view.jpg,0.050514843,0.015170711,0.005592195,0.06175728,0.0669826,0.0384904,0.029155623,0.012382281,0.0576399,0.028762091,0.07450416,0.060948644,0.17969587,0.023397096,0.19426188,0.018388653,0.035427246,0.046928618
Eiffel Tower - Paris/27.jpeg,0.020025253,0.020190062,0.010137041,0.022566693,0.455391,0.027392957,0.02530278,0.0228581,0.07589843,0.020199524,0.011839038,0.010819746,0.010478221,0.00353116,0.07875997,0.12830941,0.0045166784,0.051783923
Eiffel Tower - Paris/27.poi-CI143_00_1400x442.jpg,0.030430326,0.0033270833,0.014386933,0.007409185,0.86886406,0.00311538,0.0019473475,0.003756633,0.0031856783,0.0016996546,0.002581485,0.005088146,0.0013123302,0.00088600634,0.013177959,0.03344177,0.0006848988,0.004705158
Eiffel Tower - Paris/28.jpg,0.021904496,0.07199948,0.026950542,0.027619777,0.23639537,0.08142007,0.1339529,0.08782117,0.026065737,0.03917552,0.008990599,0.015015216,0.010197055,0.027381334,0.02437234,0.06105875,0.024528664,0.07515101
Eiffel Tower - Paris/28.tour_img-1919202-146.jpg,0.059619512,0.025655808,0.08930308,0.022419972,0.032156322,0.02811225,0.05320852,0.04436623,0.04457835,0.02650572,0.072526306,0.017710343,0.27146718,0.05560167,0.015592981,0.011470536,0.120586395,0.009118816
Eiffel Tower - Paris/29.jpg,0.06318969,0.0030473329,0.0051465915,0.0026895723,0.71615136,0.0053500393,0.00805666,0.0036288595,0.0019991149,0.0010992113,0.0007808782,0.00462723,0.0031288809,0.0017113497,0.061815314,0.10207764,0.00056686415,0.014933385
Eiffel Tower - Paris/29.torre-eiffel.jpg,0.0342445,0.0032167665,0.007224836,0.0022146709,0.8925746,0.0010854005,0.00085506984,0.005088577,0.0041295574,0.0020687869,0.0011727771,0.0038348846,0.0014594855,0.00047420055,0.012020919,0.024766704,0.0002044911,0.0033636326
Eiffel Tower - Paris/3.eiffel-tower-view-hero.jpg,0.012764681,0.004194892,0.001762451,0.009416444,0.56406474,0.0005975774,0.008910113,0.00051817717,0.006230719,0.0018278538,0.015884517,0.01834636,0.0015441133,0.001110588,0.34290284,0.0059714336,0.0005237146,0.0034287672
Eiffel Tower - Paris/3.jpg,0.20202745,0.017846653,0.08848314,0.035577383,0.24702978,0.060117517,0.03829972,0.013102247,0.017320357,0.044185754,0.031800434,0.038909767,0.011867736,0.036332663,0.024784923,0.050177492,0.013317001,0.028819777
Eiffel Tower - Paris/30.jpg,0.01323646,0.06747359,0.030550756,0.016339695,0.42031145,0.05047694,0.09446111,0.09070106,0.013554372,0.010136121,0.00894193,0.018175505,0.0064949286,0.02486996,0.04248882,0.02919181,0.01074937,0.051846225
Eiffel Tower - Paris/31.eiffel-tower-of-paris.jpg,0.23408687,0.01579099,0.05681876,0.017591735,0.09672892,0.033565767,0.02233539,0.05829042,0.08156996,0.05189172,0.0388798,0.035416838,0.062423036,0.02184512,0.023020234,0.09622475,0.017945468,0.03557418
Eiffel Tower - Paris/31.jpg,0.011164465,0.0013617793,0.0052780337,0.012087574,0.65373576,0.0034801487,0.0031907635,0.0049310573,0.14241602,0.009962886,0.026289124,0.013656777,0.008804748,0.0017956947,0.06738457,0.007678444,0.0012991995,0.025483117
Eiffel Tower - Paris/32.paris-france-panoramic-image-of-eiffel-tower-with-fantastic-clouds-KWP3P0.jpg,0.031503327,0.019258117,0.01435535,0.08421079,0.17095838,0.034482118,0.05666058,0.012577684,0.016460847,0.025565768,0.23636173,0.04326319,0.009245723,0.023948863,0.16885555,0.01584157,0.022540761,0.013909652
Eiffel Tower - Paris/33.eiffel-tower-glass-wall1-gty-mem-180614_hpMain_12x5_992.jpg,0.015342084,0.0056236684,0.009490327,0.011100549,0.7573484,0.00573731,0.008568473,0.010918808,0.015026677,0.0056631966,0.0028268562,0.004188141,0.0020915077,0.001107044,0.043893624,0.050343227,0.0009302857,0.049799815
Eiffel Tower - Paris/33.jpg,0.0500828,0.079405114,0.04534974,0.051898718,0.08162445,0.076557025,0.05859772,0.051834263,0.040595587,0.050918385,0.074319124,0.06537356,0.032511037,0.06181529,0.034767613,0.04460047,0.057471164,0.04227791
Eiffel Tower - Paris/34.SOCIAL341951_225756_355249.jpg,0.08864033,0.071096785,0.005478133,0.0149250915,0.39240125,0.0038683298,0.002183338,0.019778986,0.07986912,0.04035637,0.0050491737,0.057560407,0.018221648,0.00088127586,0.10102297,0.090389505,0.0028804014,0.005396765
Eiffel Tower - Paris/35.jpg,0.037233595,0.018824115,0.020024396,0.037037157,0.4017192,0.014081505,0.027194116,0.01962099,0.032105975,0.012266305,0.028836772,0.046719674,0.014999082,0.0094899675,0.18015738,0.027425481,0.0059747943,0.06628947
Eiffel Tower - Paris/35.paris-eiffel-tower-carousel-blur-dreamstime-800-2x1.jpg,0.04510594,0.09831622,0.044111114,0.061451983,0.10530677,0.06639856,0.08133972,0.042801708,0.037478484,0.051062148,0.061913338,0.06310296,0.020886948,0.059136607,0.04034197,0.041911848,0.037359696,0.04197403
Eiffel Tower - Paris/36.jpg,0.019766744,0.02491398,0.014994531,0.032744665,0.26351583,0.07060322,0.048682477,0.0396429,0.07648245,0.024431705,0.028868955,0.02939098,0.01325461,0.012467947,0.0844145,0.05956393,0.01296617,0.14329423
Eiffel Tower - Paris/37.jpg,0.032014262,0.030366203,0.013072621,0.015471129,0.17582984,0.11262629,0.024231087,0.16938394,0.08611615,0.016665116,0.06935397,0.12907584,0.008523581,0.059764143,0.011900288,0.014951815,0.009615381,0.02103829
Eiffel Tower - Paris/38.jpeg,0.025324278,0.0037959667,0.083426505,0.012125798,0.7493513,0.005640407,0.0033491733,0.0042353086,0.02099763,0.0071756085,0.0054965764,0.0026343954,0.0024520317,0.0011574075,0.009619196,0.05446016,0.0024254313,0.006332953
Eiffel Tower - Paris/39.jpg,0.4033281,0.006640874,0.0058389413,0.026203448,0.09404663,0.015577229,0.0088515645,0.005954894,0.07114048,0.0077956547,0.07966815,0.08729456,0.048691966,0.0067670145,0.088658676,0.016387386,0.0027841434,0.02437032
Eiffel Tower - Paris/4.Featured-photo-1200x350-panoramic-view-of-Eiffel-Tower.jpg,0.021740224,0.01305546,0.018683614,0.04392913,0.5164054,0.011897009,0.024115989,0.019935196,0.029157192,0.010722549,0.023400035,0.024774533,0.008440157,0.005918511,0.12430537,0.041108347,0.007590661,0.054820526
Eiffel Tower - Paris/4.jpg,0.049203992,0.0084452,0.005995572,0.01881143,0.51008654,0.003210507,0.013393603,0.008002238,0.0037132858,0.0014295467,0.010868596,0.053292308,0.010699629,0.0067967414,0.25587824,0.014431757,0.0024738968,0.02326692
Eiffel Tower - Paris/40.jpg,0.046845946,0.06257796,0.047083814,0.059062723,0.08949876,0.05808454,0.06972129,0.050168514,0.04008668,0.046353232,0.06265777,0.059430495,0.03544409,0.058880683,0.063508175,0.04170435,0.057035133,0.051855836
Eiffel Tower - Paris/40.landscape-1463674076-eiffel-tower-paris.jpg,0.00953432,0.006424894,0.0056992145,0.047105614,0.29714915,0.017204268,0.060030945,0.0043191137,0.017838983,0.0144687025,0.1849595,0.02607382,0.0058049867,0.011091465,0.2568842,0.011168962,0.010859312,0.013382518
Eiffel Tower - Paris/41.jpg,0.09061204,0.015602002,0.02384405,0.042787734,0.16468261,0.03364445,0.042628195,0.00780041,0.027814018,0.03941119,0.16328473,0.056196395,0.035229526,0.03803648,0.15896685,0.022132644,0.012440436,0.024886265
Eiffel Tower - Paris/42.black-and-white-eiffel-tower-paris-france_u-l-oiib70.jpg,0.0015265774,0.00019609868,0.0004100495,0.00017785378,0.98939204,2.3352355e-05,4.8279806e-05,0.00042332662,0.00031413737,0.00016204832,5.209763e-05,0.00018419957,3.3697055e-05,1.1755837e-05,0.003294448,0.0034123135,6.120558e-06,0.00033160762
Eiffel Tower - Paris/42.jpg,0.010510695,0.0006970585,0.0017471102,0.029224373,0.52012444,0.0078098024,0.006122631,0.003468164,0.20129026,0.009311902,0.11104906,0.007192531,0.0033942256,0.0007094949,0.055291053,0.008910024,0.0024541703,0.020692978
Eiffel Tower - Paris/43.image4a.jpg,0.012596242,0.0071636033,0.0052261604,0.035308957,0.63235676,0.0081633385,0.011725634,0.017561475,0.024442177,0.01575346,0.021866368,0.00893235,0.0028164578,0.0023064683,0.10201248,0.036153153,0.003464112,0.05215083
Eiffel Tower - Paris/43.jpg,0.0023227737,0.00031724037,0.00033661028,0.000958258,0.96097475,0.00016177776,0.00025952107,0.0032638272,0.0010893279,0.00011563643,0.0007347037,0.004117364,0.0006958632,0.00012466952,0.021965899,0.0018664198,0.00013036466,0.0005651682
Eiffel Tower - Paris/44.jpg,0.0064173294,0.014148808,0.010427559,0.09665283,0.4473921,0.01681746,0.017506368,0.079137124,0.033900514,0.038544837,0.096348755,0.019299591,0.0069295457,0.009018016,0.05510482,0.014130578,0.013649063,0.02457469
Eiffel Tower - Paris/44.private-paris-highlights-with-lunch-at-the-eiffel-tower-0.jpg,0.006596442,0.00022659013,0.00018776904,0.00055949914,0.954351,6.148146e-05,0.0002880865,0.00034979905,0.0006797863,0.00017547274,0.00020546815,0.0012514654,0.00029341516,4.937146e-05,0.028563047,0.003677493,1.7779794e-05,0.002466114
Eiffel Tower - Paris/45.14981_16081_15__ltdwdth.1000w.jpg,0.012088633,0.00078540307,0.0015502864,0.00056804874,0.9608265,6.7898116e-05,0.00020856569,0.00067019876,0.004302458,0.0007868887,0.00023076474,0.0007975789,0.00014281117,3.580997e-05,0.007554628,0.008702284,2.9662375e-05,0.00065150583
Eiffel Tower - Paris/45.jpg,0.0305385,0.0038717648,0.0060344655,0.08014117,0.072225265,0.19781816,0.015368923,0.06751304,0.08215093,0.012904175,0.25721288,0.047588278,0.019032193,0.016961364,0.02151697,0.018116992,0.027842235,0.023162551
Eiffel Tower - Paris/46.jpg,0.06551859,0.029286867,0.029068058,0.02428827,0.38860306,0.020008422,0.038425706,0.05368649,0.012681891,0.014420177,0.008546614,0.030582571,0.01771201,0.012175469,0.0940573,0.057682678,0.0076178573,0.09563792
Eiffel Tower - Paris/47.panoramic-view-on-eiffel-tower-260nw-115370821.jpg,0.012440821,0.010441362,0.017075928,0.023117334,0.8018951,0.0019512306,0.0037239268,0.007072384,0.024083594,0.010532135,0.0036117707,0.005054229,0.0012037536,0.0010558262,0.03265111,0.02223659,0.0010093233,0.020843616
Eiffel Tower - Paris/48.jpeg,0.04184366,0.08492677,0.016903816,0.0434168,0.13515155,0.09242971,0.041162267,0.044034947,0.0765124,0.0403107,0.075620115,0.04708052,0.019023059,0.031636305,0.067605324,0.05835389,0.025675122,0.05831299
Eiffel Tower - Paris/49.jpg,0.03411012,0.04829307,0.03263494,0.04262799,0.33850566,0.031094436,0.054265328,0.047398042,0.020281836,0.014495125,0.024261406,0.032740507,0.015317143,0.021102076,0.121747054,0.047609065,0.016999396,0.056516916
Eiffel Tower - Paris/49.paris-eiffel-tower-260nw-1089830177.jpg,0.02038444,0.003936859,0.0028338518,0.0022021492,0.90926814,0.00059781293,0.0005897825,0.0036456985,0.008699579,0.004437911,0.0012107976,0.0035233765,0.0007809132,0.00026078298,0.014332871,0.020470917,0.00014201773,0.0026821939
Eiffel Tower - Paris/5.eiffel-big.jpg,0.050873324,0.008517724,0.0015454483,0.03094682,0.37798455,0.021610498,0.02308916,0.016839003,0.024288425,0.014780696,0.008773782,0.029184729,0.0026510044,0.0014404948,0.09230849,0.09988738,0.00093490566,0.19434354
Eiffel Tower - Paris/5.jpg,0.033730708,0.0065321648,0.008557311,0.012863436,0.7018407,0.0019578664,0.00923343,0.002346967,0.008428741,0.0018518135,0.005859659,0.015483571,0.0024588557,0.0016355932,0.15514271,0.01630834,0.0007642112,0.015003905
Eiffel Tower - Paris/50.21500cfde146e322eaf9fb3e1c23512a.jpg,0.010231013,0.004778558,0.004781626,0.022568895,0.69020504,0.010132864,0.009120586,0.040504474,0.017481638,0.008298229,0.011751492,0.005603081,0.0036964787,0.0027806906,0.06978446,0.036282104,0.0036318805,0.04836683
Eiffel Tower - Paris/50.jpg,0.03997637,0.06751027,0.027157053,0.037249684,0.16574438,0.0825731,0.069620766,0.06417539,0.03406674,0.017813705,0.05732795,0.10331346,0.0190039,0.07169417,0.048671015,0.030233469,0.02570523,0.038163427
Eiffel Tower - Paris/51.eiffel-tower-paris-france-parisian-C5XT7A.jpg,0.014905407,0.014560906,0.012439613,0.026495483,0.57741296,0.014038955,0.013930576,0.11784261,0.009450211,0.0080899075,0.005598149,0.011449663,0.008201587,0.005063266,0.054364316,0.054087777,0.008427372,0.04364117
Eiffel Tower - Paris/51.jpg,0.0045935805,0.003404761,0.0077842274,0.02705504,0.6286776,0.011810417,0.014892563,0.012740073,0.08763767,0.01800226,0.023728482,0.0050521563,0.0022970722,0.0015048428,0.06011678,0.02237897,0.0033597057,0.06496393
Eiffel Tower - Paris/52.jpg,0.020431235,0.010529469,0.011843861,0.062120244,0.22716743,0.07731949,0.03440086,0.07229861,0.10090984,0.024085015,0.1059971,0.0373497,0.017987017,0.017879747,0.067142606,0.023450302,0.019605381,0.06948204
Eiffel Tower - Paris/53.Eiffel+Tower.jpg,0.3417215,0.020929169,0.0076695434,0.023837077,0.08185781,0.017343564,0.016054127,0.0060651316,0.012994727,0.004837503,0.03672598,0.15665779,0.04699361,0.009424542,0.15127514,0.030105576,0.008050244,0.027457137
Eiffel Tower - Paris/53.jpg,0.0017795565,0.00043706337,0.00051932933,0.0010110398,0.9596821,0.0004005257,0.00081441604,0.0022906926,0.00074349577,0.00018311074,0.00027459775,0.0008200963,0.00028587136,0.00014816914,0.01740478,0.010670687,9.713538e-05,0.0024371857
Eiffel Tower - Paris/54.eiffel-tower-paris-france-in-black-and-white-with-painterly-effect-mugs.jpg,0.010787444,0.00507429,0.006067937,0.010614348,0.75656295,0.0054817284,0.006914206,0.042015668,0.007836582,0.0043975697,0.002661587,0.0044116247,0.0035602672,0.002113447,0.052856863,0.043642685,0.0030599025,0.031941038
Eiffel Tower - Paris/54.jpg,0.04295489,0.036471702,0.002323863,0.013163349,0.49951088,0.003732881,0.003141694,0.014407753,0.04413622,0.04484223,0.013424031,0.022087857,0.0063080383,0.0014731573,0.15727982,0.087689646,0.0017868325,0.0052652024
Eiffel Tower - Paris/55.jpeg,0.01623987,0.043251824,0.28502113,0.02523083,0.25738242,0.021975331,0.029468123,0.069852434,0.036432214,0.045254294,0.014586982,0.016603714,0.007943285,0.01081608,0.021643478,0.039837364,0.022870867,0.03558974
Eiffel Tower - Paris/56.jpg,0.005974109,0.0028388207,0.003495729,0.045801695,0.33694458,0.008337276,0.0049657044,0.0124527365,0.3708903,0.011657213,0.12557963,0.022955962,0.007739518,0.001879774,0.02180405,0.0054818573,0.005209297,0.0059918137
Eiffel Tower - Paris/57.jpg,0.26019788,0.044005055,0.01200011,0.037414264,0.04264037,0.025923468,0.021745572,0.0064999205,0.018961746,0.010774128,0.045861013,0.14299521,0.07479491,0.016799005,0.1635682,0.025828697,0.0119517865,0.038038727
Eiffel Tower - Paris/58.jpg,0.17241816,0.003361087,0.003085663,0.040254205,0.07518058,0.041667275,0.010235822,0.006863326,0.047654346,0.009321364,0.28073254,0.11716354,0.05000616,0.0130621055,0.08576685,0.013293239,0.008513285,0.021420565
Eiffel Tower - Paris/58.paris-eiffel-tower-at-dusk-panorama-06-copyright-havecamerawilltravel-com-1068x395.jpg,0.21100272,0.010922203,0.011635386,0.06826015,0.07103019,0.05810353,0.020146184,0.02255931,0.03716095,0.012619026,0.12787972,0.11640854,0.054015845,0.023018481,0.06864444,0.032116912,0.02295555,0.031520877
Eiffel Tower - Paris/59.Tour-Eiffel-010.jpg,0.027635433,0.012610328,0.0031649196,0.009973355,0.71847343,0.0037362208,0.010506708,0.0049747555,0.006696765,0.002814998,0.001649914,0.0049371007,0.0024179076,0.0011235031,0.11815903,0.04953766,0.00068028294,0.020907383
Eiffel Tower - Paris/59.jpg,0.011618386,0.07178727,0.019045979,0.039848875,0.6203408,0.0033704739,0.006565427,0.015460303,0.026557246,0.032037776,0.0012947186,0.0029585715,0.0020344188,0.0006492153,0.061201274,0.06919452,0.0037534933,0.012281223
Eiffel Tower - Paris/6.eiffel_tower_big.jpg,0.018579122,0.0036923494,0.0050282613,0.017299766,0.59968656,0.002832874,0.008973912,0.0027527618,0.008084454,0.0018521397,0.027811809,0.030859467,0.0070183477,0.0035925473,0.23838896,0.0089641865,0.0018117282,0.012770703
Eiffel Tower - Paris/6.jpg,0.06829088,0.034604732,0.027580684,0.07182345,0.08790962,0.08150653,0.06543906,0.07422901,0.025641372,0.047518697,0.08392085,0.111245625,0.016432736,0.084576,0.019290587,0.03299414,0.038296018,0.028700028
Eiffel Tower - Paris/60.01-eiffel-tower.jpg,0.034717508,0.029187668,0.012394564,0.10236104,0.064614266,0.07313101,0.04974349,0.027054943,0.051517207,0.05500141,0.23169714,0.04597446,0.02346164,0.046485815,0.0512983,0.024614492,0.05452877,0.022216195
Eiffel Tower - Paris/60.jpeg,0.075892575,0.058918282,0.028937176,0.043815713,0.06890563,0.08617437,0.052064337,0.0407435,0.07397267,0.05042408,0.05920521,0.072774954,0.032171503,0.043952137,0.041868385,0.07728611,0.049256176,0.043637175
Eiffel Tower - Paris/61.jpg,0.009350433,0.005090281,0.0018552464,0.033059232,0.10922451,0.07993552,0.0047604227,0.16291074,0.04090621,0.0030066948,0.20335232,0.27014434,0.016572783,0.014469386,0.018647915,0.0038505883,0.010211157,0.012652225
Eiffel Tower - Paris/61.tour_eiffel_nuit.jpg,0.007274108,0.0069454364,0.020154443,0.032379717,0.4597168,0.013910227,0.048481062,0.015697472,0.108793296,0.03326126,0.015163588,0.006113628,0.0076245717,0.0036083516,0.047036666,0.065599225,0.011411645,0.09682863
Eiffel Tower - Paris/62.Eiffel_Tower_AP.jpg,0.037154313,0.11230006,0.050012372,0.048762884,0.08668058,0.072584115,0.07627889,0.035175644,0.06273661,0.04244546,0.067456536,0.058336217,0.023487257,0.046074692,0.050608393,0.04803384,0.038159877,0.043712363
Eiffel Tower - Paris/62.jpg,0.06889098,0.023476047,0.016106106,0.07624406,0.06900107,0.11780374,0.055134512,0.040504042,0.03436572,0.037638232,0.14996801,0.064250715,0.028728236,0.041601807,0.060450695,0.032472916,0.034556743,0.048806317
Eiffel Tower - Paris/63.jpg,0.01019314,0.0006624247,0.0056266533,0.0030045086,0.93976635,0.0006523507,0.0009876869,0.0018020907,0.0059030997,0.0032356575,0.0071770456,0.0017086911,0.00052042335,0.00043144383,0.011506941,0.0052012615,0.00041314712,0.0012072374
Eiffel Tower - Paris/64.jpg,0.0062582428,0.0017876385,0.0059764027,0.0055321706,0.86944836,0.0024322537,0.0033765454,0.0033821466,0.009824397,0.002210446,0.0013943434,0.0019041175,0.0009215314,0.00045502532,0.032448564,0.0241798,0.00033443375,0.028133554
Eiffel Tower - Paris/65.jpg,0.05835713,0.0025008635,0.0022201464,0.005481145,0.8265705,0.0035619857,0.0024928318,0.0013786182,0.0041325213,0.0031246368,0.0023241055,0.004792419,0.0013673909,0.0014382893,0.031386476,0.037029326,0.00023262265,0.011608853
Eiffel Tower - Paris/66.jpg,0.031267572,0.006324182,0.0059138797,0.014214185,0.7588404,0.0062814336,0.008143148,0.007156505,0.005048645,0.002513598,0.0036041941,0.008893373,0.0028775628,0.002007861,0.056857914,0.04933437,0.0007622093,0.029958943
Eiffel Tower - Paris/67.image3a.jpg,0.053499702,0.00092948764,0.0003751357,0.0019417966,0.83935434,8.6604196e-05,0.00036547545,0.00018717286,0.002905429,0.00017739736,0.0015404916,0.009963159,0.000778177,8.317794e-05,0.08105469,0.0053283074,2.1865751e-05,0.0014074298
Eiffel Tower - Paris/68.jpg,0.03980418,0.014158189,0.010387869,0.0323955,0.48192155,0.0051463405,0.015514045,0.011078298,0.02249755,0.005753512,0.016755773,0.043556526,0.0120248655,0.005357222,0.20796362,0.028133566,0.0049824514,0.04256901
Eiffel Tower - Paris/69.PIM3355.jpg,0.0025062475,0.0012168275,0.0007795138,0.0011988052,0.9717049,0.00011331197,0.00017885516,0.0021374123,0.0006564583,0.0004890078,0.00031872463,0.0010871888,0.00018984168,5.831132e-05,0.009843683,0.006494554,4.528878e-05,0.0009809954
Eiffel Tower - Paris/69.jpg,0.029497694,0.0056393663,0.0068229344,0.06479654,0.12922256,0.061199505,0.01675569,0.01924641,0.05371929,0.03373381,0.42375374,0.021023504,0.013107728,0.01384009,0.05204686,0.014882509,0.0211352,0.019576382
Eiffel Tower - Paris/7.Eiffel-tower-paris-iStock-681206442-panorama.jpg,0.06199353,0.03560559,0.024976946,0.045297705,0.07651992,0.09900293,0.04339587,0.098479696,0.063576095,0.029168818,0.07620223,0.103927284,0.031835426,0.05732579,0.032760546,0.035789166,0.038042296,0.04610033
Eiffel Tower - Paris/7.jpg,0.0029160583,0.0019201454,0.005870368,0.015954318,0.80227256,0.0050048847,0.005722074,0.022422826,0.052844405,0.0045089135,0.006223318,0.0040010186,0.0018459606,0.0011853196,0.023478338,0.0128942225,0.0018974383,0.029037952
Eiffel Tower - Paris/70.jpg,0.40699634,0.01852348,0.042434458,0.018731363,0.13873875,0.040503483,0.029472232,0.011396528,0.0137736965,0.054864485,0.018340917,0.039042637,0.016028045,0.050004,0.011704247,0.057478093,0.012944496,0.019022606
Eiffel Tower - Paris/70.xtcx9wqqjnogvrofycoy.jpg,0.00728411,0.012465633,0.008353541,0.027704326,0.30896103,0.051160205,0.034088433,0.02933166,0.23309441,0.030141369,0.012392732,0.008599337,0.005503872,0.0036766597,0.02796475,0.08509563,0.006333428,0.107848756
Eiffel Tower - Paris/71.56-260699-56-201022-7758157866-533d56629a-b-1.jpg,0.024283402,0.0073232455,0.005416443,0.0477576,0.45837864,0.014334049,0.021086141,0.02294197,0.025925076,0.014769729,0.07322831,0.032025177,0.008411061,0.0059782644,0.16299437,0.025572695,0.010011265,0.039562482
Eiffel Tower - Paris/71.jpg,0.008393317,0.0088926125,0.0048360145,0.008141822,0.89469695,0.000553424,0.0012519581,0.0074604945,0.018730417,0.0042818245,0.0010179006,0.002230554,0.00041588364,0.00012270833,0.019368747,0.013110757,0.00021420191,0.0062804883
Eiffel Tower - Paris/72.jpg,0.006451821,0.0021378265,0.0015249774,0.0027191625,0.95812887,6.839716e-05,0.00030166793,0.0022512658,0.0015789914,0.0004953517,0.0005777506,0.0031109373,0.00023855754,7.1682276e-05,0.013958305,0.0051314877,6.1009447e-05,0.0011920047
Eiffel Tower - Paris/73.paris-eiffel-tower-re-opens-after-hoax-alert.jpg,0.059459727,0.014782154,0.0038003451,0.035110693,0.33494297,0.058204275,0.076279774,0.03595724,0.014133555,0.008643785,0.026981942,0.06077243,0.00832725,0.019033141,0.08300595,0.05724009,0.00426107,0.09906358
Eiffel Tower - Paris/74.Eiffel_20Tower_20Ground_20View-art.jpg,0.009061198,0.0028695578,0.009551392,0.032572765,0.5400012,0.017392015,0.015793286,0.008762167,0.04979587,0.012912526,0.14332072,0.0105219055,0.008652115,0.006040104,0.092170954,0.013383678,0.006670446,0.020527922
Eiffel Tower - Paris/74.jpg,0.06888691,0.01173626,0.0131396,0.01405211,0.73578626,0.005087716,0.0026174153,0.0036705746,0.01265692,0.009841237,0.0018384537,0.004887148,0.0015423822,0.0009771484,0.013825733,0.090809435,0.0010474824,0.0075971833
Eiffel Tower - Paris/75.500_F_212917659_NWHahPPD9xZ2s7SAmXCq2dCMQMUaNHza.jpg,0.032647505,0.0037904962,0.0046080058,0.04972506,0.36287713,0.024322629,0.015089885,0.010845454,0.049942084,0.018610407,0.16312316,0.026314259,0.0132079385,0.005904914,0.1410236,0.023385078,0.009243122,0.045339163
Eiffel Tower - Paris/75.jpg,0.003742364,0.067310065,0.3070076,0.02909773,0.1966686,0.017042462,0.02492921,0.13094234,0.019137144,0.059358925,0.03832918,0.016680311,0.004482305,0.022418173,0.007900746,0.0074644014,0.04412416,0.003364179
Eiffel Tower - Paris/76.jpg,0.01597402,0.01893318,0.013522218,0.05944096,0.34623703,0.014238908,0.029850572,0.02250447,0.11143202,0.046158668,0.03240374,0.01638514,0.007928494,0.00565719,0.114700876,0.05711934,0.011679755,0.0758334
Eiffel Tower - Paris/76.pink-eiffel-960x355.jpg,0.14760663,0.030048735,0.023429789,0.051836938,0.13042754,0.07580939,0.036734093,0.020998348,0.054332264,0.046829816,0.05498504,0.05375156,0.03048979,0.025056819,0.041888963,0.09778765,0.01240869,0.06557792
Eiffel Tower - Paris/77.Tour-Eiffel-FOR-GALLERIES-940x270.jpg,0.018394634,0.05600809,0.036168277,0.02149479,0.20987312,0.086419225,0.08671063,0.1256161,0.05171386,0.02154504,0.012648263,0.034512356,0.010016674,0.030200416,0.024309058,0.04847854,0.018097505,0.10779331
Eiffel Tower - Paris/77.jpg,0.0019256602,0.0005353575,0.0043417094,0.03485095,0.64145964,0.014045048,0.009137871,0.006474405,0.14804636,0.0073221056,0.07513145,0.0018728424,0.0016561535,0.0009042567,0.021901673,0.009954429,0.004556577,0.01588358
Eiffel Tower - Paris/78.jpg,0.023591695,0.0037405186,0.004295689,0.009326952,0.82704705,0.0013990413,0.003041052,0.008001259,0.018516531,0.0023901334,0.003377861,0.012553545,0.0025197614,0.0007939545,0.047250982,0.011566858,0.00044821246,0.020138733
Eiffel Tower - Paris/79.jpg,0.00077326095,0.00010342698,0.00019676826,0.00021489449,0.9863088,8.6509404e-05,9.254554e-05,0.0015495638,0.00025301543,4.8975195e-05,0.00016963763,0.00070416514,0.00015564225,4.7874866e-05,0.0069009867,0.0022336897,4.4457687e-05,0.00011569516
Eiffel Tower - Paris/8.eiffel_tower_paris_skyline.jpg,0.3685884,0.008624019,0.0014033224,0.017702023,0.13139793,0.0015302805,0.0046576164,0.0005295944,0.0247438,0.0022770092,0.021295898,0.09296805,0.020351123,0.0014937941,0.2808101,0.01142041,0.00051604083,0.009690569
Eiffel Tower - Paris/8.jpg,0.24781394,0.014552998,0.038337484,0.039012425,0.25910887,0.059953347,0.021847637,0.012864928,0.03493595,0.03470284,0.046348765,0.041253872,0.015283058,0.021542635,0.02085729,0.05156815,0.006702621,0.03331317
Eiffel Tower - Paris/80.eiffel-tower-at-night.jpg,0.044300765,0.007036112,0.009705635,0.008830869,0.77982324,0.0041719815,0.0038900701,0.01223059,0.008870455,0.0023978953,0.004183234,0.009554329,0.004401967,0.0022158697,0.05165576,0.02806309,0.0008091246,0.017859105
Eiffel Tower - Paris/80.jpg,0.010936014,0.04472016,0.07045226,0.035502587,0.23023327,0.044634875,0.026718529,0.17417753,0.09615838,0.042993292,0.049558386,0.055086225,0.0077769444,0.03689499,0.011739181,0.014970981,0.032809842,0.014636571
Eiffel Tower - Paris/81.Eiffel-Tower-Experience-at-Paris-Las-Vegas-1_0.jpg,0.03664948,0.008623375,0.053466354,0.010095282,0.7566132,0.004522097,0.004276271,0.007019635,0.008512812,0.014462648,0.0037207261,0.0062831165,0.0030826246,0.003499905,0.023429926,0.04431292,0.0025513459,0.008878293
Eiffel Tower - Paris/81.jpg,0.038792398,0.018394,0.00501639,0.035229433,0.07783179,0.08387038,0.26864672,0.016348775,0.017672565,0.077364706,0.019474633,0.010489319,0.04031603,0.032170214,0.062364567,0.057182282,0.04419787,0.09463785
Eiffel Tower - Paris/82.eiffel-tower-960x480.jpg,0.20034853,0.04617338,0.030855034,0.045808516,0.058812886,0.023664206,0.03549512,0.020945061,0.035284493,0.015048637,0.034702886,0.13321742,0.074198686,0.02195156,0.10001487,0.045222245,0.02251778,0.055738613
Eiffel Tower - Paris/82.jpg,0.016080273,0.00992065,0.35679534,0.01879981,0.4485956,0.004897561,0.007898559,0.011675509,0.015422871,0.01885781,0.0083022015,0.0050907107,0.003933241,0.005084321,0.023560075,0.024897663,0.010428223,0.009759566
Eiffel Tower - Paris/83.eiffel-tower-red-white-blue-paris-france1.jpg,0.018670365,0.053585824,0.0025354992,0.011432673,0.15685202,0.03462356,0.20851229,0.009478304,0.024183689,0.01888298,0.040091995,0.012902427,0.012152364,0.033905264,0.31975085,0.016553823,0.006515658,0.019370388
Eiffel Tower - Paris/83.jpg,0.059743408,0.008864518,0.0076118717,0.0071061156,0.7784309,0.00518024,0.002672709,0.0066024447,0.012101903,0.00771837,0.0019775068,0.008544015,0.002381529,0.0015290864,0.0136115495,0.066363886,0.0008579458,0.008702146
Eiffel Tower - Paris/84.eiffel-tower-vegas-view-1050x420.jpg,0.015555393,0.10548473,0.0016672848,0.008053967,0.75941044,0.00067910645,0.00087146374,0.008477101,0.007975336,0.011159379,0.0006151248,0.005091502,0.0009063141,0.000187631,0.055294894,0.017185213,0.00041225806,0.0009728093
Eiffel Tower - Paris/84.jpg,0.045037325,0.09091644,0.036005612,0.047465786,0.07863927,0.095512636,0.053918835,0.04421905,0.045441076,0.041027516,0.08512388,0.07085764,0.030615343,0.06593719,0.03616209,0.04358454,0.051721223,0.037814483
Eiffel Tower - Paris/85.381c59bfdbe1401f6674609713cf1b4d.jpg,0.013873352,0.021475725,0.013430993,0.025849184,0.156247,0.1059719,0.026874319,0.300187,0.064043045,0.014993705,0.05652969,0.0681756,0.0069576087,0.054413125,0.0137033295,0.011878868,0.022464551,0.022930957
Eiffel Tower - Paris/85.jpg,0.08215409,0.007704583,0.0077823247,0.013829826,0.5688756,0.0013669402,0.005597212,0.0014762384,0.009542021,0.002595719,0.013136391,0.040626325,0.006633707,0.0025773966,0.21053673,0.017183635,0.001055016,0.0073262528
Eiffel Tower - Paris/86.eiffel-tower-from-below.-toppic.jpg,0.492248,0.010819781,0.024063936,0.005205803,0.079275966,0.015449692,0.011318821,0.0274954,0.06985458,0.042067707,0.024233,0.025487686,0.049446043,0.0058721127,0.017347805,0.08302585,0.005587143,0.011200702
Eiffel Tower - Paris/86.jpg,0.032058254,0.003847711,0.003698771,0.0015787616,0.88493764,0.00042022226,0.00025379032,0.008073274,0.0057747345,0.005370754,0.0018610803,0.008198752,0.0010691861,8.3643215e-05,0.008589969,0.033305608,0.00016031669,0.0007173093
Eiffel Tower - Paris/87.jpg,0.044136204,0.020010773,0.02249301,0.055902578,0.2090277,0.035200916,0.060633913,0.043679193,0.030912632,0.03394814,0.050169744,0.043539815,0.04173514,0.025672622,0.12434736,0.037409566,0.033659596,0.08752115
Eiffel Tower - Paris/88.Eiffel-Tower.jpg,0.11221659,0.020868294,0.018173879,0.033422526,0.17733465,0.010251867,0.05928225,0.0139763225,0.0153875165,0.119727805,0.037716202,0.052739665,0.036019247,0.047210887,0.14275761,0.029413762,0.029456992,0.044043947
Eiffel Tower - Paris/89.jpg,0.009498683,0.016491096,0.07482645,0.05225415,0.2211373,0.021067468,0.012725297,0.017145982,0.36685336,0.08945936,0.007950912,0.0037078906,0.0030867455,0.0011928348,0.00512085,0.060111478,0.014196257,0.023173964
Eiffel Tower - Paris/9.jpg,0.007982106,0.0008049948,0.0006673973,0.0032244795,0.8684539,0.0007124395,0.0019935986,0.0030888312,0.00330422,0.0006677684,0.0016188663,0.0033430494,0.0007498677,0.00036355812,0.07594387,0.010280048,0.00020802331,0.016593162
Eiffel Tower - Paris/9.paris-eiffel-tower-views-HEADER.jpg,0.13812149,0.0068842657,0.008199037,0.066635005,0.21498829,0.016351303,0.013838426,0.012079797,0.04466793,0.012083035,0.23466437,0.06174658,0.017521443,0.00843264,0.095012076,0.019788938,0.012788276,0.016197154
Eiffel Tower - Paris/90.34745.jpg,0.009306305,0.071139716,0.024417052,0.030848788,0.6277852,0.003981776,0.0037481205,0.07442447,0.03636113,0.027817665,0.0059523843,0.011957508,0.0021181933,0.00095901283,0.0204815,0.037036482,0.0036386054,0.008025984
Eiffel Tower - Paris/90.jpg,0.012719945,0.0014325102,0.003372273,0.0062356717,0.81813294,0.008335705,0.0072403583,0.013004122,0.005349638,0.0015109631,0.0036297708,0.0054819984,0.0028984079,0.0028322977,0.05005536,0.01977703,0.0009888525,0.037002183
Eiffel Tower - Paris/91.jpg,0.038518023,0.07192053,0.033454187,0.030744443,0.109575905,0.07559843,0.09915165,0.07573707,0.03871903,0.03531763,0.050512157,0.070849136,0.029021997,0.08417049,0.032881793,0.033634637,0.042216856,0.047976114
Eiffel Tower - Paris/91.world-famous-eiffel-tower-under-colorful-sky-sunset-world-famous-eiffel-tower-under-colorful-sky-sunset-paris-france-132184816.jpg,0.002961107,0.00076853856,0.0036335818,0.0031161155,0.9535086,0.0010822936,0.0021989145,0.002492033,0.0011715365,0.0014222012,0.0013324264,0.0009103146,0.0003189849,0.00070921885,0.011394174,0.007296782,0.00031672991,0.005366525
Eiffel Tower - Paris/92.jpg,0.019854082,0.0039997064,0.0052249185,0.0029191514,0.9075656,0.0011212962,0.0012086035,0.0049686967,0.0023945796,0.001957863,0.00047257543,0.003029562,0.0006294252,0.0005304904,0.009284594,0.03024374,0.00030336948,0.0042918036
Eiffel Tower - Paris/93.jpg,0.030588135,0.0028247116,0.0030987966,0.0060794307,0.8569661,0.00085930456,0.001804072,0.0015297378,0.015044642,0.0014242837,0.0019996737,0.005993306,0.0011126952,0.00028096396,0.04100952,0.018126363,0.00014583391,0.011112498
Eiffel Tower - Paris/94.jpg,0.04223917,0.001963139,0.0082176365,0.05170152,0.17564294,0.054141074,0.016684586,0.0078070587,0.042518552,0.009547911,0.44287768,0.02716658,0.01852315,0.010775877,0.054785643,0.012415571,0.010915069,0.01207676
Eiffel Tower - Paris/96.jpg,0.02175547,0.0019034658,0.004118923,0.00040997122,0.93937284,0.00011789219,0.00010192313,0.0017367669,0.002452305,0.0016612484,0.00035672236,0.0027585078,0.00045827,3.953498e-05,0.0039920546,0.018498883,5.0986768e-05,0.00021422446
Eiffel Tower - Paris/97.jpg,0.0001827845,3.34834e-05,8.715068e-05,7.362229e-05,0.99239844,7.355614e-06,5.3863274e-05,9.153761e-05,7.5653865e-05,1.9703011e-05,1.9012552e-05,9.0178975e-05,9.699028e-06,6.757279e-06,0.005965425,0.00056056527,1.5787813e-06,0.00032329062
Eiffel Tower - Paris/98.jpg,0.0063487915,0.00083278783,0.0018965726,0.0022848994,0.89199007,0.0017613096,0.0034250126,0.005526241,0.002436122,0.0004457433,0.0007615285,0.002551941,0.0010824705,0.00087179214,0.043352798,0.014430923,0.00028570177,0.019715292
Eiffel Tower - Paris/99.jpg,0.040100805,0.05188304,0.034892112,0.035740726,0.12816575,0.07982482,0.073756814,0.10287515,0.039413687,0.030746816,0.04544703,0.0904809,0.021772934,0.07470597,0.025605531,0.035410248,0.03806203,0.05111565
Giant-s Causeway/1.shore-excursion-for-cruise-passengers-in-belfast-giants-causeway-and-belfast-city_28052018105340.jpg,0.016963838,0.020416168,0.016885307,0.0338704,0.23707539,0.031530783,0.026459519,0.063828714,0.051605683,0.040825367,0.0077709933,0.014821785,0.004652775,0.002631153,0.04000296,0.06446641,0.0039145728,0.32227817
Giant-s Causeway/10.carousel01.jpg,0.027985489,0.061115652,0.047582246,0.06411884,0.0897728,0.09003953,0.055330507,0.09357459,0.030705044,0.061771825,0.08545226,0.066074565,0.009048048,0.13026762,0.010385211,0.011411015,0.055327266,0.0100375805
Giant-s Causeway/10.jpg,0.010230399,0.0036034533,0.0027794722,0.10469231,0.020749321,0.12128343,0.020040685,0.013002924,0.022301873,0.014687042,0.5735377,0.012851381,0.007125699,0.01115215,0.016312283,0.0053194803,0.035053205,0.005277148
Giant-s Causeway/100.jpg,0.08280585,0.02174647,0.008629074,0.0615034,0.014331143,0.07785664,0.083987445,0.025056152,0.03794572,0.058905527,0.018342083,0.021403592,0.18063425,0.02182753,0.032172363,0.06415422,0.15828109,0.030417452
Giant-s Causeway/103.jpg,0.05173948,0.00986568,0.009830234,0.04200766,0.078820504,0.13716836,0.035144545,0.17361833,0.03976659,0.015626965,0.09319967,0.105926864,0.033259597,0.047384497,0.024075467,0.017306091,0.033496235,0.051763184
Giant-s Causeway/104.jpg,0.09047794,0.07620653,0.033249836,0.049708504,0.067169406,0.07522612,0.059259187,0.037463892,0.039470468,0.04147696,0.052919872,0.09154081,0.03150865,0.055875003,0.051287904,0.05118783,0.04071564,0.055255376
Giant-s Causeway/105.jpg,0.02866061,0.060405284,0.0194736,0.02736181,0.04021227,0.052207187,0.040628027,0.072295256,0.047859143,0.033111066,0.033177815,0.03196583,0.23598115,0.049688388,0.047648937,0.03102329,0.13927785,0.009022593
Giant-s Causeway/106.jpg,0.0111849075,0.049552426,0.06240708,0.041030142,0.06932735,0.102097265,0.081357464,0.08135372,0.16708513,0.041414514,0.032128308,0.018417597,0.032964732,0.010446526,0.019764313,0.073018044,0.084259234,0.022191133
Giant-s Causeway/108.jpg,0.05082121,0.010022344,0.014149733,0.05947852,0.06336068,0.12686656,0.049389053,0.12692742,0.07381732,0.044705886,0.045935337,0.032464124,0.037680242,0.01696059,0.020022618,0.05762641,0.05287605,0.11689583
Giant-s Causeway/109.jpg,0.09508621,0.00797767,0.0065973313,0.05795349,0.025961336,0.08874514,0.03680855,0.01485187,0.03613791,0.038969945,0.2531843,0.06495412,0.09049632,0.041442215,0.053783093,0.01607475,0.049083766,0.021892035
Giant-s Causeway/11.LI-new-Main-SHUTTLE-giants3.jpg,0.016742444,0.002920337,0.0022407353,0.06673842,0.03223359,0.12495278,0.025314242,0.008767255,0.028643,0.016487094,0.5646009,0.019781014,0.013018289,0.015885819,0.027591832,0.0067754304,0.018018238,0.00928859
Giant-s Causeway/11.jpg,0.018562106,0.015315411,0.014815847,0.024478544,0.2506956,0.032031596,0.018888595,0.25732106,0.02878455,0.012066645,0.04527756,0.08829118,0.030239878,0.018543001,0.060196843,0.02652573,0.036217846,0.02174802
Giant-s Causeway/12.giantscauseway2-600x300.jpg,0.02951882,0.0019057597,0.008728344,0.14196286,0.022314025,0.052381594,0.20384772,0.08369595,0.012737502,0.0041731107,0.21175128,0.008163668,0.063943736,0.03478345,0.006665481,0.01932686,0.06661463,0.027485207
Giant-s Causeway/12.jpg,0.019805241,0.023664616,0.03274155,0.07608405,0.12134189,0.07591099,0.080313236,0.056462135,0.08736568,0.047126748,0.08192719,0.026841199,0.019804874,0.024006128,0.057192087,0.046837773,0.05151047,0.07106409
Giant-s Causeway/13.giants-causeway-panorama.jpg,0.056109406,0.053697057,0.12207741,0.07556205,0.11324683,0.029097777,0.045726825,0.065817684,0.03166671,0.02787711,0.068426035,0.0525985,0.034420032,0.03065607,0.052980956,0.050869808,0.059286524,0.029883273
Giant-s Causeway/13.jpg,0.032950804,0.026945513,0.01995268,0.029155778,0.11480692,0.1335599,0.042080924,0.16042502,0.080239795,0.017163299,0.059560813,0.09852168,0.014788146,0.038614843,0.018990215,0.030727541,0.021115508,0.060400542
Giant-s Causeway/14.giants-causeway-tour-from-derry.jpg,0.031512834,0.09178669,0.0571443,0.033447456,0.06557637,0.0535504,0.100671805,0.08252389,0.077492505,0.13084048,0.019560982,0.026042063,0.025496207,0.03074399,0.019852903,0.055638276,0.056438137,0.041680664
Giant-s Causeway/14.jpg,0.04321455,0.030666722,0.03117177,0.08589177,0.07715547,0.07612843,0.051563952,0.08587294,0.038548842,0.033265185,0.085264325,0.08754365,0.040418297,0.03541077,0.04403648,0.04900772,0.032413125,0.072426
Giant-s Causeway/15.giants-causeway-site-slider-1024x366.jpg,0.015876941,0.002935722,0.0055595203,0.1271979,0.0748447,0.11073678,0.02209631,0.02072228,0.061148107,0.009101041,0.42219162,0.024280965,0.01524773,0.010515074,0.022491714,0.013689317,0.032696072,0.008668155
Giant-s Causeway/15.jpg,0.17649268,0.016825417,0.02320249,0.020053538,0.10451139,0.0640569,0.13924077,0.04117638,0.0069370554,0.028896011,0.0063652685,0.024990771,0.051868066,0.05414079,0.035892326,0.082216956,0.04827099,0.07486226
Giant-s Causeway/16.giants-causeway-pano-1.jpg,0.23050635,0.05134426,0.006019422,0.008173924,0.008253616,0.021406414,0.053123735,0.010568704,0.016457934,0.030395169,0.0044628065,0.034218144,0.31099498,0.016038138,0.12482493,0.020328674,0.032814365,0.020068586
Giant-s Causeway/16.jpg,0.027545894,0.012042962,0.0073997523,0.05574283,0.045583352,0.090868235,0.047268,0.08363823,0.032922927,0.009886635,0.14393836,0.062028915,0.1701299,0.047244877,0.015971774,0.026704554,0.098873064,0.022209695
Giant-s Causeway/17.jpg,0.1075197,0.1132968,0.035893727,0.00672659,0.0139564,0.04203093,0.03795912,0.017142558,0.030153695,0.06290086,0.0064607817,0.018186932,0.27874002,0.044167545,0.066077,0.036566943,0.069511354,0.012709165
Giant-s Causeway/18.donegal-coastal-tours-excursions1.jpg,0.05384852,0.036396712,0.030397767,0.035533883,0.06630013,0.06364267,0.05399605,0.08852305,0.031694774,0.054123126,0.017584696,0.052471537,0.019880593,0.017558718,0.033223588,0.052184485,0.015323273,0.2773164
Giant-s Causeway/18.jpg,0.06460496,0.0733628,0.023548322,0.04419191,0.06718041,0.10030823,0.05922156,0.040242095,0.06510607,0.052553777,0.07175067,0.08448555,0.0252085,0.055281214,0.026636126,0.07004378,0.036677547,0.03959643
Giant-s Causeway/19.GiantsCauseway.jpg,0.038644392,0.011233175,0.008127823,0.054434977,0.09894356,0.11929728,0.013152899,0.07923918,0.19820833,0.023628002,0.08261873,0.063226715,0.032386176,0.01267476,0.023774385,0.03853271,0.024549026,0.07732788
Giant-s Causeway/2.copyright-paddywagon-giants-causeway_14012019105938.jpg,0.012742705,0.007514601,0.010863251,0.040511403,0.13802809,0.102208085,0.03025916,0.06664692,0.15946853,0.05553091,0.037933722,0.0105455,0.006179365,0.0033660638,0.030868443,0.06599991,0.012671303,0.20866211
Giant-s Causeway/2.jpg,0.015955085,0.029433772,0.012287747,0.0117959045,0.22594601,0.12400442,0.029932939,0.17458956,0.14100829,0.015733967,0.044437747,0.06563175,0.006004118,0.03700532,0.0069617326,0.02948581,0.010215144,0.019570865
Giant-s Causeway/20.The-Giants-Causeway.jpg,0.05954641,0.13827005,0.30747542,0.018901262,0.083150595,0.015939806,0.012345551,0.059911516,0.03233609,0.13527235,0.006209945,0.022136461,0.014021659,0.009015484,0.013501069,0.034022816,0.025411215,0.012532291
Giant-s Causeway/20.jpg,0.05210436,0.004871413,0.0053296112,0.10534021,0.051613808,0.1277346,0.02783263,0.035326853,0.030881887,0.019971807,0.3053361,0.05197567,0.03527574,0.022164404,0.038853183,0.017787397,0.03696008,0.030640313
Giant-s Causeway/21.giants-causeway-tour.jpg,0.087085836,0.041348968,0.026870264,0.0411632,0.048525564,0.09243241,0.05233825,0.05997871,0.05264886,0.06705644,0.057404127,0.06632401,0.03908447,0.0581297,0.026205195,0.067844175,0.06463912,0.05092083
Giant-s Causeway/21.jpg,0.021197729,0.050833613,0.021160498,0.038946543,0.1542245,0.09453278,0.030515494,0.17121139,0.07523394,0.039038394,0.030090557,0.08799145,0.0076546813,0.010160805,0.016738832,0.04768699,0.010930189,0.09185173
Giant-s Causeway/22.75207_CEHHERO_ORIGINAL.JPG,0.027772224,0.027019441,0.04355796,0.052419815,0.057411015,0.10192246,0.038383033,0.06295549,0.19266333,0.074531145,0.04499917,0.021090256,0.014246642,0.008796041,0.01993013,0.07581912,0.03455283,0.101929866
Giant-s Causeway/22.jpg,0.014324681,0.0019939172,0.0017740814,0.059542816,0.05691632,0.10738395,0.021977575,0.00453436,0.1124782,0.019236088,0.48201865,0.019217972,0.0125533715,0.008270052,0.035966363,0.016026104,0.013278565,0.012506939
Giant-s Causeway/23.granite-landscape-the-giants-cause-way-Ireland.jpg,0.025635837,0.0105484035,0.00655227,0.07119694,0.10275476,0.15351087,0.036212076,0.11964156,0.052248765,0.037071344,0.13721693,0.03438269,0.016050745,0.020264583,0.041077692,0.025485128,0.022841983,0.08730754
Giant-s Causeway/23.jpg,0.04659144,0.030082867,0.01514814,0.09655128,0.0455348,0.1313881,0.031448297,0.027036,0.030107636,0.035517476,0.26963845,0.037892655,0.023325523,0.028902508,0.042618327,0.028288333,0.05966738,0.02026098
Giant-s Causeway/24.2016-giants-causeway-pan.jpg,0.015853897,0.0015203671,0.0035690777,0.05239884,0.043970346,0.09568856,0.020064378,0.0052515725,0.13541034,0.01058704,0.53578025,0.01598446,0.010519834,0.007278773,0.015377655,0.009469876,0.013717883,0.007556998
Giant-s Causeway/24.jpg,0.059372064,0.063499495,0.038351964,0.030118374,0.07006081,0.06527312,0.10867636,0.066196255,0.023320558,0.04082375,0.033946242,0.07537135,0.046360068,0.087227836,0.03745091,0.030713836,0.062947355,0.060289636
Giant-s Causeway/25.giants-causeway-sunset-blog.jpg,0.10610066,0.036380272,0.01973062,0.041184828,0.079823084,0.047005955,0.026851688,0.11220273,0.059091672,0.043159068,0.061098095,0.069678,0.08718014,0.015321867,0.037443653,0.07753747,0.047436647,0.03277358
Giant-s Causeway/25.jpg,0.044084083,0.028447883,0.026847709,0.036705405,0.11977273,0.06715254,0.035939287,0.075043924,0.058072653,0.054367483,0.010782618,0.020548355,0.009491361,0.0064418125,0.022121549,0.09803665,0.0074148574,0.27872914
Giant-s Causeway/26.jpg,0.050157014,0.0069137043,0.0045333765,0.111734465,0.027218405,0.13363439,0.0438777,0.0132389,0.06768857,0.032511152,0.19775386,0.02513768,0.09213125,0.016392594,0.040413387,0.035619125,0.08197921,0.019065335
Giant-s Causeway/27.jpg,0.07063014,0.08988767,0.027901188,0.05231183,0.06902,0.08145766,0.05686097,0.03342864,0.049923915,0.04830362,0.05143202,0.074223526,0.035241418,0.051748734,0.047046505,0.06691816,0.045426883,0.04823715
Giant-s Causeway/28.43761995654_75f9d7d2c7_b.jpg,0.2853502,0.012698693,0.008752478,0.05129323,0.06633707,0.05585142,0.039189026,0.025934154,0.033744153,0.04143469,0.024010662,0.082209505,0.047453716,0.022482866,0.02140884,0.092931524,0.032253616,0.056664165
Giant-s Causeway/28.jpg,0.2024234,0.0236767,0.020953527,0.033666957,0.025924662,0.07465588,0.08421498,0.023340976,0.014111804,0.09505918,0.045597047,0.045543086,0.060394093,0.076837264,0.02586129,0.044773415,0.07182258,0.03114321
Giant-s Causeway/29.giants-causeway-taxi-tours.jpg,0.31097078,0.015853234,0.0046624225,0.011650704,0.13615738,0.02980918,0.03498175,0.011222671,0.030536903,0.016233625,0.008688943,0.059309874,0.078502215,0.017252157,0.0889457,0.07960001,0.012345899,0.053276565
Giant-s Causeway/29.jpg,0.009982077,0.024946975,0.056314543,0.03240057,0.07474855,0.039051868,0.026456514,0.035499293,0.32130438,0.0797822,0.0049568973,0.0042138286,0.007504443,0.0017066201,0.012157643,0.13498488,0.018835584,0.115153156
Giant-s Causeway/3.giants_20causeway.JPG,0.022805553,0.12172042,0.04002966,0.028488593,0.09987467,0.06691381,0.09560742,0.124911085,0.029006768,0.026762232,0.044750478,0.08107503,0.023195973,0.0953551,0.024511967,0.018344609,0.038854625,0.017791992
Giant-s Causeway/3.jpg,0.085526705,0.0085108,0.020109365,0.047174547,0.0588783,0.09906981,0.019650716,0.038847487,0.090310104,0.019989626,0.29529214,0.07036467,0.029391734,0.027364494,0.024908345,0.014669105,0.027301542,0.022640351
Giant-s Causeway/30.jpg,0.00672106,0.06302216,0.04774429,0.007838416,0.10437017,0.082159616,0.05137372,0.42843956,0.034099985,0.02006274,0.010587843,0.022570692,0.0037118737,0.035249293,0.0066335583,0.011352468,0.011447969,0.052614536
Giant-s Causeway/31.jpg,0.044886056,0.053772267,0.02423779,0.05961662,0.1042257,0.09903787,0.07995165,0.056609936,0.04064508,0.040466987,0.06860349,0.07165784,0.02004777,0.06666047,0.041712675,0.03813407,0.040794905,0.04893889
Giant-s Causeway/33.Fingals-Cave-Giants-Causeway-Scotland.jpg,0.08859363,0.01542455,0.0034411047,0.015603817,0.018264027,0.15004668,0.049293462,0.023849819,0.014692298,0.020538729,0.038194686,0.05229387,0.27587143,0.08335894,0.017370088,0.024291703,0.08790213,0.020968845
Giant-s Causeway/33.jpg,0.012309174,0.0023959107,0.002795075,0.046069887,0.107443586,0.077348985,0.020211508,0.012648377,0.30487573,0.015392264,0.24950981,0.02442085,0.022785703,0.010294969,0.036076922,0.016160242,0.017200239,0.022060733
Giant-s Causeway/34.giants-causeway-strip.jpg,0.03380625,0.052735988,0.043541726,0.03115852,0.11001938,0.086725235,0.074082896,0.07314443,0.06620909,0.025497867,0.043913223,0.079740435,0.03001047,0.068470515,0.030451274,0.046906624,0.047163133,0.056422945
Giant-s Causeway/34.jpg,0.11593961,0.020296179,0.033428118,0.033987638,0.035678327,0.07009436,0.111375764,0.044275068,0.009118382,0.06398824,0.03697923,0.0362993,0.08299129,0.099815354,0.038809422,0.028944034,0.11234486,0.025634907
Giant-s Causeway/35.1431735893652-causewaysunsethorizon.jpg,0.006134097,0.04133924,0.077308156,0.017338004,0.3017649,0.053874955,0.034404904,0.14495656,0.112838015,0.025591208,0.007859243,0.009595353,0.0030884591,0.004069291,0.009146073,0.080753475,0.01069175,0.059246443
Giant-s Causeway/35.jpg,0.025081698,0.016696822,0.008644921,0.039685484,0.04447794,0.1362257,0.06932378,0.07553234,0.054842394,0.02350712,0.117513984,0.05715383,0.09875566,0.06993696,0.020888703,0.019103527,0.09832822,0.02430104
Giant-s Causeway/36.26229796070_3d77e8c7cd_b.jpg,0.08866344,0.022501329,0.029789146,0.063445926,0.0891001,0.10753486,0.043343525,0.048875414,0.0453235,0.03900319,0.08714601,0.05294187,0.033126418,0.026770359,0.055746093,0.061969314,0.023341374,0.08137807
Giant-s Causeway/36.jpg,0.027553666,0.050234362,0.023597261,0.049470082,0.056579355,0.060834706,0.019427735,0.19087933,0.05526545,0.03195522,0.097575046,0.17679274,0.022404157,0.03503994,0.026943048,0.014031588,0.042169403,0.019246843
Giant-s Causeway/37.831300.jpg,0.009726992,0.053355258,0.014224043,0.01141852,0.011925557,0.11051825,0.28809625,0.012244145,0.007760938,0.015879218,0.02140506,0.006493521,0.14917259,0.12169465,0.01508157,0.008412334,0.12760033,0.014990775
Giant-s Causeway/37.jpg,0.049520187,0.07924236,0.041525204,0.031549163,0.10576078,0.05294777,0.11567213,0.07807381,0.026163805,0.040070012,0.030713184,0.08047021,0.029164555,0.08390264,0.03582294,0.029605554,0.043810647,0.045985192
Giant-s Causeway/38.Walk-1-06-The-Giants-Causeway-with-tourists.jpg,0.00894839,0.00429337,0.0041496083,0.05025223,0.25003406,0.11733987,0.018806014,0.20472136,0.049207732,0.018552778,0.14177983,0.029377898,0.004245806,0.013467005,0.024687734,0.009058803,0.013994642,0.037082937
Giant-s Causeway/38.jpg,0.04375571,0.11221876,0.026889239,0.046832595,0.080347225,0.096878305,0.06267632,0.03669418,0.048080705,0.047109146,0.07417627,0.073453814,0.024917891,0.06758219,0.034331772,0.041832376,0.038058598,0.044164836
Giant-s Causeway/39.jpg,0.015497044,0.026513666,0.0104348175,0.02809449,0.06978151,0.09260146,0.009507164,0.23209214,0.06068551,0.010401365,0.10519128,0.25780332,0.0099078445,0.023447819,0.010303477,0.008788002,0.015709225,0.013239829
Giant-s Causeway/39.stock-photo-giant-s-causeway-antrim-northern-ireland-393991747.jpg,0.03572661,0.059458505,0.027381828,0.054706357,0.04226015,0.09088372,0.09911127,0.045549426,0.087151356,0.098908074,0.014021978,0.018257443,0.035725966,0.017660948,0.025590615,0.11528884,0.06796501,0.06435176
Giant-s Causeway/4.jpg,0.13761228,0.037095446,0.008888302,0.01736511,0.055093616,0.09417242,0.06669014,0.06378778,0.030688316,0.04686388,0.0146831,0.03797308,0.07045175,0.036635704,0.045411766,0.12309602,0.056570124,0.056921326
Giant-s Causeway/4.news-giants-causeway.jpg,0.0935612,0.012263193,0.006627284,0.09312491,0.051907394,0.14340192,0.038733225,0.07297801,0.07328637,0.029853148,0.07590211,0.07165373,0.030575264,0.038857996,0.0138374055,0.053755302,0.0745042,0.025177393
Giant-s Causeway/40.tour_img-1745614-146.jpg,0.018502854,0.0602235,0.050411202,0.023073414,0.09312065,0.07278399,0.051244926,0.18008502,0.07159144,0.0414473,0.019100687,0.053965017,0.0137062995,0.017741246,0.02231598,0.039055407,0.016615605,0.15501541
Giant-s Causeway/41.giants-causeway-tour-from-dublin.jpg,0.077926606,0.01847003,0.018839702,0.051268958,0.12974937,0.07137844,0.061053224,0.074560605,0.026752992,0.024579156,0.033062074,0.07361075,0.036572404,0.033773065,0.05845683,0.047639273,0.030796994,0.1315095
Giant-s Causeway/42.jpg,0.21066147,0.055033796,0.0512312,0.024456976,0.025276897,0.033516884,0.116218075,0.012480499,0.005453672,0.07123905,0.006077762,0.014607297,0.10667393,0.032952342,0.05450419,0.06620468,0.09937622,0.014035118
Giant-s Causeway/43.giantscauseway-1.jpg,0.03909446,0.006056033,0.0065901857,0.062776655,0.0580413,0.15936822,0.030175215,0.03751621,0.027463673,0.012003492,0.3751004,0.05812895,0.02139428,0.030681282,0.02726513,0.010491347,0.019416522,0.018436717
Giant-s Causeway/44.Giant_Strip_new-one-resize.jpg,0.026439779,0.003571744,0.010043085,0.0538508,0.033230867,0.090413384,0.025678672,0.006810367,0.1291179,0.023505801,0.46592972,0.017159931,0.025026467,0.01338264,0.020627184,0.01194275,0.032306485,0.010962404
Giant-s Causeway/44.jpg,0.11277706,0.03389988,0.026439713,0.055278886,0.039201073,0.075791895,0.039789688,0.040077716,0.0360184,0.02415164,0.11435635,0.110066034,0.07543262,0.03550991,0.060228407,0.023396395,0.045794386,0.051789947
Giant-s Causeway/45.giants-causeway-beautiful-summer-day-260nw-663377959.jpg,0.12129755,0.028349,0.004162855,0.008950367,0.1142757,0.056805965,0.028170442,0.02190447,0.045360908,0.026404409,0.018875271,0.09189375,0.11372419,0.016719118,0.11951078,0.09512107,0.0148040205,0.07367013
Giant-s Causeway/45.jpg,0.04288767,0.00043609855,0.0008109719,0.034254685,0.022454644,0.04147318,0.0045575164,0.0027591572,0.03159296,0.0035043843,0.72875005,0.03154295,0.023999125,0.007452464,0.012698056,0.002029934,0.0055999123,0.0031963896
Giant-s Causeway/47.ff-copy.jpg,0.022167651,0.015296343,0.03397316,0.0691208,0.062173367,0.17115226,0.043920204,0.06430978,0.1413725,0.029867657,0.098908134,0.03284097,0.024957284,0.018909296,0.019697005,0.045153808,0.05593537,0.050244402
Giant-s Causeway/47.jpg,0.028706329,0.041818876,0.026597684,0.0328918,0.16140698,0.0788656,0.11903533,0.083723195,0.021487743,0.028445678,0.025237523,0.040417492,0.029848665,0.04716706,0.065023966,0.029978378,0.031099498,0.10824829
Giant-s Causeway/48.giants-causeway-19186.jpg,0.111868694,0.034351483,0.036079016,0.03847179,0.06225797,0.07298822,0.049944796,0.043824136,0.034975015,0.042717718,0.040003378,0.08609845,0.04529284,0.02651004,0.051256612,0.05511225,0.017038621,0.15120898
Giant-s Causeway/48.jpg,0.054755025,0.081674695,0.0323211,0.049827095,0.07804823,0.088940285,0.05779184,0.04363559,0.039544966,0.04418332,0.06772293,0.0778967,0.02974731,0.07114876,0.03907224,0.040774226,0.056062024,0.046853665
Giant-s Causeway/49.giantscauseway-940x270.jpg,0.06970639,0.033126224,0.038757242,0.04288355,0.059503302,0.07566813,0.040793646,0.061023362,0.081706606,0.046050407,0.061070014,0.06439978,0.056525566,0.03911298,0.040884644,0.06388321,0.050495993,0.07440896
Giant-s Causeway/49.jpg,0.18696274,0.025322562,0.028282654,0.032085247,0.24698652,0.054436713,0.05527788,0.016484214,0.010795922,0.01836514,0.021628805,0.075526446,0.018503698,0.038398694,0.058570854,0.059503805,0.008587137,0.044281136
Giant-s Causeway/5.giants-causeway-panoramic.jpg,0.056295723,0.077393286,0.021252919,0.017827416,0.024389118,0.07943052,0.081175774,0.03163905,0.02901791,0.013370929,0.04825806,0.085574724,0.23059015,0.06728999,0.05369068,0.010630369,0.04075997,0.03141339
Giant-s Causeway/5.jpg,0.040165573,0.02698474,0.012391279,0.046117008,0.028038371,0.0674213,0.028770152,0.039228853,0.038315732,0.022078628,0.057270736,0.04470929,0.28906578,0.040477335,0.03631834,0.024399446,0.13946488,0.018782465
Giant-s Causeway/50.GiantsCausewayHexagonal_600.jpg,0.20114726,0.0034996746,0.0042117424,0.05254339,0.14673832,0.0973812,0.042865716,0.06799713,0.009229995,0.008153132,0.034164228,0.089576796,0.018788042,0.030162096,0.026144134,0.048874214,0.017847246,0.100675635
Giant-s Causeway/50.jpg,0.09261974,0.017455168,0.015090404,0.06035601,0.07735976,0.08654832,0.030212099,0.029610038,0.04016552,0.023934787,0.16024333,0.08675969,0.05228224,0.03178218,0.07569185,0.02869332,0.03634764,0.054847892
Giant-s Causeway/51.giants-causewy-panorama-1.jpg,0.08604788,0.011329094,0.019780962,0.07079509,0.04677668,0.11345995,0.027896002,0.028548328,0.13244599,0.035283763,0.18006442,0.033906557,0.04439469,0.016366385,0.042967148,0.033858407,0.04280495,0.03327377
Giant-s Causeway/52.bab7e03b1d01f81f8790be4efce156d9.jpg,0.038629446,0.0015707442,0.002046918,0.064560026,0.027194919,0.073013,0.019726796,0.0071029984,0.024994332,0.007130438,0.5971196,0.03748536,0.03413723,0.018523915,0.021595754,0.0028217663,0.014907981,0.0074389176
Giant-s Causeway/53.D12920---Antrim-Giants-Causeway-Afternoon.jpg,0.04969308,0.057932135,0.033998396,0.034157764,0.026522612,0.07322405,0.08162919,0.055799015,0.038160443,0.05118488,0.03306891,0.04361867,0.11856075,0.05995356,0.0474331,0.03985682,0.0966999,0.058506764
Giant-s Causeway/53.jpg,0.01996329,0.066430666,0.016195681,0.031733494,0.10225303,0.111867234,0.2504366,0.036180496,0.029705033,0.0361043,0.025514632,0.030683987,0.023401156,0.060596608,0.04522804,0.032905605,0.039860316,0.040939745
Giant-s Causeway/54.jpg,0.008849683,0.0024706186,0.002481741,0.06355423,0.055509504,0.113519505,0.022422852,0.014485461,0.032373197,0.016318714,0.5495245,0.02203226,0.008930732,0.024999887,0.02877601,0.0040831366,0.02425432,0.0054136873
Giant-s Causeway/54.the-giants-causeway-yolanda-romero-angueira.jpg,0.06375193,0.0808777,0.02444162,0.007373839,0.0087803295,0.048318643,0.036621608,0.019484084,0.02556476,0.042919073,0.013520059,0.04042258,0.3421027,0.061169554,0.04830518,0.010668049,0.11153553,0.014142846
Giant-s Causeway/55.jpg,0.020842945,0.018388104,0.035871703,0.09460259,0.02861294,0.13925192,0.11538344,0.027550437,0.050016005,0.029573362,0.18720625,0.017691927,0.028994553,0.029693501,0.025645096,0.028905885,0.09499983,0.026769618
Giant-s Causeway/56.jpg,0.025393637,0.10738643,0.035177447,0.016852986,0.042041443,0.090996034,0.25985396,0.047378387,0.00872234,0.05912464,0.023494001,0.017127486,0.020010827,0.14993238,0.018917304,0.016136777,0.047960088,0.013493818
Giant-s Causeway/56.the_giants_causeway.jpg,0.062778294,0.053734966,0.023833726,0.038494512,0.068687186,0.1033279,0.0648321,0.05790463,0.047344748,0.04695538,0.055688217,0.07947673,0.034299735,0.075448945,0.025475375,0.051267784,0.058307312,0.052142505
Giant-s Causeway/57.jpg,0.07506147,0.02888618,0.017779404,0.046583563,0.068647385,0.10911036,0.04954247,0.055270467,0.048453275,0.04138672,0.1242681,0.08619551,0.030788517,0.049964864,0.04861553,0.03832794,0.03161125,0.049507055
Giant-s Causeway/57.the-giants-causeway.jpg,0.061919652,0.045807905,0.028582571,0.057469614,0.08682867,0.056822132,0.018193072,0.08711391,0.06377205,0.040270664,0.058489047,0.07205665,0.08149075,0.026302634,0.06604454,0.048957497,0.074669234,0.02520946
Giant-s Causeway/58.coastline-giant-s-causeway-northern-ireland-rocky-coast-bright-sunny-day-75571956.jpg,0.059137248,0.0312554,0.026753284,0.053850528,0.119214095,0.07114261,0.056391478,0.07786999,0.05523946,0.057020243,0.03954898,0.03566849,0.026875123,0.026320936,0.049684703,0.0620349,0.022119518,0.12987301
Giant-s Causeway/58.jpg,0.06556665,0.0045849495,0.008273406,0.099625595,0.04290941,0.14106655,0.061677486,0.07295764,0.017364195,0.023387805,0.10295096,0.04282066,0.08043578,0.027012594,0.029876528,0.020039724,0.10226709,0.057183035
Giant-s Causeway/59.74722848-giant-s-causeway-in-a-beautiful-summer-day-northern-ireland.jpg,0.042609125,0.012926516,0.0070223785,0.09003781,0.08252406,0.08158934,0.018806538,0.04960831,0.12361282,0.03254433,0.19327812,0.088735715,0.026259651,0.011638867,0.045092043,0.037994582,0.02608288,0.029636877
Giant-s Causeway/6.giant-causeway.jpg,0.054058187,0.08246697,0.018625792,0.03846051,0.057824787,0.11015462,0.043632783,0.045704428,0.104008585,0.082418315,0.079679914,0.048052855,0.023174385,0.027645037,0.041359253,0.06709403,0.02682811,0.04881149
Giant-s Causeway/6.jpg,0.028702369,0.066032626,0.08934873,0.015199133,0.034583375,0.07707309,0.055085856,0.13442571,0.046574943,0.12497875,0.041076966,0.042791292,0.04872169,0.07504,0.010561297,0.016662126,0.07514067,0.018001275
Giant-s Causeway/60.jpg,0.01981103,0.00014889843,0.00046943742,0.02704478,0.018476775,0.048864283,0.0023617498,0.0032519351,0.02061386,0.0023036595,0.8170626,0.015776806,0.0075762677,0.0044642086,0.0051822015,0.0011418317,0.003993178,0.0014564312
Giant-s Causeway/61.giants-causeway.jpg,0.07742294,0.033174388,0.0042660004,0.059802707,0.080072194,0.014129941,0.02942456,0.012277923,0.06684403,0.35572606,0.022984799,0.01751053,0.022003315,0.01698579,0.081660315,0.037973404,0.017203225,0.050537795
Giant-s Causeway/61.jpg,0.11180881,0.016884288,0.009132292,0.019272162,0.11310636,0.054249354,0.07584458,0.043220308,0.022471912,0.027072893,0.011434981,0.029099535,0.04798353,0.01892213,0.073123544,0.19768515,0.022640565,0.10604764
Giant-s Causeway/62.jpg,0.04124107,0.011140631,0.005689045,0.10718112,0.050747264,0.15105523,0.08315556,0.013377224,0.028987018,0.024043137,0.22203593,0.038646184,0.036279622,0.019216917,0.07482419,0.030212786,0.021822095,0.040344965
Giant-s Causeway/63.700-GiantsCauseway.jpg,0.06905332,0.01675199,0.023067432,0.06367913,0.057395477,0.076747656,0.055671044,0.008991607,0.07776254,0.03340405,0.25873843,0.026097087,0.06617227,0.026305024,0.07223059,0.028270056,0.026214343,0.013447934
Giant-s Causeway/63.jpg,0.019725176,0.048236094,0.042569295,0.036524504,0.18818623,0.08196656,0.107789524,0.09743178,0.039540954,0.036571793,0.016856834,0.019215846,0.014426114,0.022125753,0.038198464,0.044488873,0.026146187,0.11999998
Giant-s Causeway/64.carousel04.jpg,0.08536559,0.055678736,0.025650524,0.0623339,0.060119767,0.0819275,0.066020414,0.040534735,0.03891586,0.06276048,0.05773018,0.06736217,0.03055933,0.06251053,0.032574803,0.056670357,0.062394027,0.05089116
Giant-s Causeway/64.jpg,0.058458906,0.07703923,0.07375006,0.015421796,0.025087282,0.04924953,0.058071718,0.06483036,0.032506388,0.087031886,0.013053349,0.042570837,0.11134628,0.058328573,0.029633708,0.044812452,0.09886359,0.059944145
Giant-s Causeway/65.giants-causeway-4.jpg,0.04397163,0.0061829314,0.0045838174,0.0058250334,0.08117386,0.10167621,0.20373648,0.25481322,0.0047696647,0.004537644,0.010749364,0.014780546,0.028307417,0.07468805,0.023659036,0.033983584,0.019713283,0.0828482
Giant-s Causeway/66.causeway-5.jpg,0.009735122,0.0009073984,0.0009840402,0.033815645,0.01823233,0.08235019,0.015769357,0.0028634788,0.013754408,0.012134576,0.75167924,0.009853076,0.005828447,0.010064898,0.016202256,0.0025387313,0.010052414,0.0032345017
Giant-s Causeway/66.jpg,0.027083024,0.124603406,0.01608502,0.028527692,0.15206957,0.06976887,0.16248184,0.047530737,0.021783354,0.026477994,0.020058127,0.046361584,0.02750798,0.064966515,0.08592028,0.01970323,0.024098385,0.034972545
Giant-s Causeway/68.Formation-of-Giants-Causeway-Devils-Postpile-explained-in-new-study.jpg,0.047900397,0.09099208,0.05133038,0.053993378,0.09045536,0.062923856,0.0648533,0.043513123,0.037832133,0.0470186,0.07136384,0.06659804,0.03037099,0.06491446,0.04158228,0.0450471,0.048874937,0.040435653
Giant-s Causeway/68.jpg,0.015027739,0.024902038,0.0748711,0.04242382,0.0520819,0.061433837,0.061860766,0.024319075,0.23464252,0.19198075,0.03807549,0.009276302,0.0068333857,0.0075857276,0.012300804,0.0629034,0.049442004,0.030039303
Giant-s Causeway/69.giants_causeway_home3.jpg,0.099447586,0.004054308,0.006395629,0.08974091,0.054801736,0.10230804,0.017945405,0.065300964,0.032982312,0.008564201,0.1934323,0.12358607,0.057786353,0.023810282,0.03783061,0.011043098,0.027598398,0.0433719
Giant-s Causeway/69.jpg,0.04401495,0.03714421,0.013469756,0.021035807,0.286277,0.04375866,0.045077495,0.11900525,0.030550038,0.021351185,0.027425304,0.067939594,0.020204755,0.020446839,0.0581395,0.08942994,0.01706498,0.037664574
Giant-s Causeway/7.giants-causeway-nis-_shutterstock_376829428.jpg,0.025234785,0.018611934,0.0065518827,0.066490814,0.0334101,0.07661799,0.018554004,0.08041149,0.031649023,0.014154258,0.08003919,0.09019071,0.20539355,0.035373177,0.034973558,0.017638195,0.14338896,0.021316247
Giant-s Causeway/7.jpg,0.0050585694,0.0005719839,0.00133538,0.030391319,0.045833662,0.089475505,0.007890086,0.009380806,0.27310395,0.011147474,0.47336295,0.008560692,0.0057318145,0.0047290633,0.007982619,0.00497205,0.01425735,0.006214651
Giant-s Causeway/70.giants_causeway-1200x430.jpg,0.22316474,0.076782465,0.012192864,0.012832705,0.08237078,0.030458579,0.01696197,0.014161686,0.09150421,0.068496004,0.02499324,0.059434954,0.059261113,0.008483041,0.116080046,0.080191076,0.008186762,0.014443694
Giant-s Causeway/70.jpg,0.024929233,0.14701924,0.14222142,0.015109062,0.04585047,0.024712408,0.01920072,0.15671656,0.0560677,0.18420851,0.0067003467,0.026451586,0.016560739,0.013033983,0.017388579,0.023468316,0.023264958,0.0570963
Giant-s Causeway/71.giants-causeway.jpg,0.06889098,0.023476047,0.016106106,0.07624406,0.06900107,0.11780374,0.055134512,0.040504042,0.03436572,0.037638232,0.14996801,0.064250715,0.028728236,0.041601807,0.060450695,0.032472916,0.034556743,0.048806317
Giant-s Causeway/71.jpg,0.08429341,0.061198656,0.04476768,0.02349928,0.043652076,0.0765153,0.07479153,0.042840336,0.018985512,0.062267084,0.028636802,0.08851222,0.047682893,0.09937369,0.032952253,0.03689611,0.062299088,0.070836194
Giant-s Causeway/72.jpg,0.0433849,0.10041565,0.044565804,0.053364158,0.0832438,0.07214695,0.06797389,0.037084594,0.04812956,0.04471874,0.07338156,0.06734212,0.028227255,0.0579495,0.046502322,0.045773365,0.040209983,0.045585856
Giant-s Causeway/73.T39248---Antrim-Giants-Causeway-Evening-Panorama.jpg,0.06965278,0.010245259,0.117642924,0.047026012,0.09612601,0.1262711,0.020159908,0.018675487,0.19039549,0.05521964,0.06340782,0.015365654,0.0182464,0.008463694,0.013451171,0.0678062,0.028181626,0.033662874
Giant-s Causeway/74.jpg,0.0646956,0.059149183,0.034934342,0.030672511,0.04739873,0.06725371,0.056936447,0.04992145,0.046481974,0.057359338,0.025297502,0.032932788,0.09664363,0.04628945,0.0686886,0.09163957,0.06397786,0.059727356
Giant-s Causeway/75.Giants-Causeway-Cover-nlodv72s22nfi2xfmfjyeitqvcgw79s6v7w7d5scqw.jpg,0.042597614,0.02908125,0.033686813,0.08107708,0.056037705,0.09628813,0.027308872,0.08512476,0.11092716,0.06708825,0.053440765,0.038694676,0.018332358,0.009272338,0.028618818,0.07528907,0.036368746,0.11076564
Giant-s Causeway/75.jpg,0.07289404,0.05051311,0.007460245,0.042612042,0.1314192,0.107080586,0.13547137,0.051944006,0.027168041,0.024799064,0.03290397,0.042060673,0.02306678,0.029240115,0.051770486,0.09138881,0.0141359875,0.06407154
Giant-s Causeway/76.D-jdFdHXsAEq18G.jpg,0.14785509,0.03194464,0.0032640044,0.034567654,0.046601526,0.029172955,0.028293323,0.003013648,0.077570096,0.06266453,0.009016598,0.016152317,0.085531965,0.0060303174,0.15699196,0.22461946,0.019598002,0.017111931
Giant-s Causeway/79.jpg,0.0834991,0.026038153,0.02298279,0.050273154,0.0310482,0.067051806,0.111806475,0.042022314,0.03237849,0.0985184,0.017297,0.029008612,0.04493612,0.03331638,0.014955505,0.08064454,0.16053142,0.0536916
Giant-s Causeway/8.jpg,0.08520716,0.03291563,0.013866059,0.039270476,0.035341922,0.13350102,0.029958464,0.047805566,0.08456856,0.12135603,0.0857247,0.033874005,0.02574119,0.029283937,0.016884021,0.10374272,0.046419516,0.03453903
Giant-s Causeway/80.got3.jpg,0.024225373,0.0034213483,0.0066691595,0.011128874,0.095080785,0.10866933,0.045480013,0.35630164,0.008966088,0.0071509844,0.013584961,0.022012299,0.021296421,0.03242957,0.025537109,0.017278124,0.014208451,0.18655948
Giant-s Causeway/80.jpg,0.03568932,0.07198832,0.01861906,0.060273524,0.11097379,0.08667207,0.026204107,0.06666619,0.06404001,0.05582007,0.078881994,0.07326495,0.022430707,0.014704397,0.05216754,0.07428288,0.018633388,0.0686878
Giant-s Causeway/81.landscape-giants-causeway-northern-ireland-260nw-1438357835.jpg,0.026685584,0.0008655273,0.0013240828,0.053968344,0.04463931,0.09721733,0.008006903,0.01274524,0.07406654,0.0031538466,0.5765064,0.04589321,0.016374052,0.010138483,0.010891246,0.00428007,0.008526637,0.0047172364
Giant-s Causeway/82.belfast_giants_causway_2x1.jpg,0.06449356,0.05277373,0.0495007,0.06766256,0.049716268,0.06264617,0.0729965,0.03489967,0.037002295,0.030910281,0.10656009,0.07043203,0.053046905,0.040545106,0.075684085,0.03592029,0.049433094,0.045776643
Giant-s Causeway/82.jpg,0.03667266,0.04905172,0.019571124,0.054578293,0.06169667,0.1188013,0.05080195,0.03713587,0.107124835,0.07654492,0.11915339,0.03656212,0.02066765,0.029824007,0.037669756,0.05565699,0.042578276,0.045908462
Giant-s Causeway/83.60173964-coast-of-giant-s-causeway.jpg,0.008030824,0.046503007,0.021656392,0.065447494,0.09748842,0.11428423,0.0790236,0.042651515,0.21273069,0.07336039,0.06337185,0.028524626,0.0075708604,0.018301295,0.014220389,0.040877484,0.05173959,0.014217295
Giant-s Causeway/83.jpg,0.09633417,0.040800434,0.029290086,0.048000813,0.054378685,0.06343712,0.08231366,0.056559265,0.033429563,0.1245217,0.03917697,0.044620566,0.02921747,0.047751937,0.014243369,0.06925634,0.07419412,0.05247367
Giant-s Causeway/84.jpg,0.07075842,0.043367013,0.027130766,0.045039564,0.06238954,0.091631256,0.06290651,0.06549549,0.04247833,0.057538625,0.051302772,0.0625472,0.038000874,0.056499965,0.026024867,0.057460725,0.06791823,0.07150981
Giant-s Causeway/86.jpg,0.0036366645,0.0036041024,0.0037187822,0.0630246,0.15243125,0.048819624,0.010646278,0.030425485,0.43033502,0.023803933,0.14177728,0.012091277,0.008242351,0.0037756176,0.015520168,0.014940115,0.02222268,0.010984902
Giant-s Causeway/87.jpg,0.03889098,0.027946422,0.04150037,0.08319823,0.06888306,0.06234882,0.03134997,0.06583473,0.037841924,0.035952434,0.19150257,0.07136711,0.056961544,0.031942,0.02903176,0.027114125,0.07842242,0.019911526
Giant-s Causeway/88.0cf75a7e-giants-causeway-coast-way-irelandways.jpg,0.043019436,0.097182065,0.056448888,0.05348843,0.085195206,0.06660685,0.07801087,0.033729173,0.04348201,0.046365462,0.06529477,0.05615949,0.027059339,0.059371058,0.044944264,0.047794502,0.054389786,0.04145845
Giant-s Causeway/88.jpg,0.010324938,0.16887686,0.07426958,0.014977936,0.11762845,0.07244033,0.10524549,0.18193646,0.027124021,0.045496836,0.013516445,0.030878454,0.010103131,0.038665615,0.012716039,0.021223638,0.034598347,0.01997739
"Giant-s Causeway/89.basalt-columns-of-giants-causeway-antrim-coast-northern-ireland,109940.jpg",0.019651305,0.028728012,0.0055072107,0.028599173,0.1917829,0.07126343,0.026227077,0.11285705,0.1986148,0.04426501,0.052971717,0.034617692,0.01178911,0.015464488,0.026112417,0.06903575,0.008627682,0.053885248
Giant-s Causeway/89.jpg,0.04545191,0.0064159017,0.006142568,0.067126684,0.070056066,0.10992471,0.015433093,0.19627912,0.050802916,0.011357093,0.09993462,0.13110188,0.02713149,0.01957429,0.02723232,0.013305357,0.022908958,0.079820976
Giant-s Causeway/9.Giants-Causeway.jpg,0.016401222,0.029102929,0.01961749,0.029206399,0.16921711,0.0891147,0.057838038,0.11750808,0.090865105,0.036778964,0.021690853,0.02544001,0.011169488,0.012577172,0.033453282,0.055828262,0.010813859,0.17337713
Giant-s Causeway/9.jpg,0.083647564,0.030785102,0.015997311,0.01730296,0.017541992,0.0719066,0.06310119,0.052061845,0.028933028,0.030129308,0.019990359,0.058440898,0.22663192,0.07482585,0.04397453,0.02507056,0.09982795,0.039831065
Giant-s Causeway/90.giants-causeway-beautiful-summer-day-260nw-671525311.jpg,0.10426394,0.008029788,0.013214758,0.052945957,0.061807197,0.14845172,0.06649962,0.021682618,0.014292416,0.022130458,0.22076875,0.05859516,0.03668693,0.038468648,0.053289294,0.023517268,0.013136402,0.04221903
Giant-s Causeway/90.jpg,0.06918457,0.0019580566,0.00297851,0.05294536,0.055622205,0.06548479,0.012193615,0.011873994,0.021692632,0.005251034,0.5230243,0.0640378,0.03254697,0.017458525,0.039945286,0.0038319502,0.0098048765,0.010165563
Giant-s Causeway/91.jpg,0.023768002,0.014802605,0.007440491,0.08277211,0.034388974,0.17985095,0.027151506,0.035477698,0.019115567,0.020685658,0.38987768,0.039951615,0.014912914,0.029209545,0.021587811,0.009666733,0.033403896,0.015936267
Giant-s Causeway/92.giants-causeway-tour-1.jpg,0.024728935,0.020575361,0.005765174,0.07743158,0.053691503,0.097855166,0.045813687,0.036500365,0.16334863,0.03829181,0.089682996,0.03652331,0.08988805,0.017998071,0.069102935,0.038457807,0.06927597,0.025068624
Giant-s Causeway/92.jpg,0.03555335,0.021346543,0.012190444,0.029544082,0.06042561,0.089937605,0.013145092,0.2293075,0.038408242,0.011322737,0.115449,0.21860482,0.013921751,0.049346633,0.017565241,0.00513579,0.022818152,0.015977526
Giant-s Causeway/93.northern-ireland-giants-causeway.jpg,0.14638622,0.010185161,0.030206377,0.029765802,0.19136256,0.048455276,0.05044623,0.054772854,0.021864159,0.015602522,0.030188689,0.058007117,0.054295078,0.044607084,0.060356073,0.056011017,0.021843726,0.07564407
Giant-s Causeway/94.causeway-coast-way-giants-causeway.jpg,0.019489242,0.002735135,0.012311157,0.042184427,0.08968326,0.098806515,0.012742354,0.014947236,0.1377883,0.009839126,0.4842812,0.019636199,0.009415903,0.007641953,0.010373977,0.01002897,0.011979287,0.0061158133
Giant-s Causeway/95.F3DB3A3F-052D-86DB-1B0A6DD679116E9E.jpg,0.061969902,0.02321626,0.03715449,0.06877557,0.03561826,0.07736693,0.09723652,0.05063177,0.039379057,0.038814608,0.13037544,0.03535837,0.06684347,0.05202936,0.032340966,0.034223337,0.08143646,0.037229247
Giant-s Causeway/95.jpg,0.13954093,0.02233493,0.021236219,0.054490726,0.020717638,0.046106234,0.052608307,0.02528829,0.014212158,0.24210402,0.048999988,0.03134984,0.019483265,0.06877098,0.011656108,0.0367489,0.12831213,0.016039317
Giant-s Causeway/96.jpg,0.049383875,0.029454693,0.012162878,0.078635685,0.057973046,0.08801075,0.02787942,0.05047881,0.08503345,0.099399805,0.13157587,0.035893925,0.024559103,0.024258047,0.0532738,0.044309177,0.041789077,0.06592851
Great Wall Of China - China/10.i1080x475(1).jpg,0.021931427,0.030878227,0.007171728,0.029764464,0.09164944,0.08582381,0.3778254,0.01299743,0.008695452,0.035519313,0.01953846,0.013030836,0.032098215,0.04719363,0.078502916,0.026626077,0.03765272,0.043100476
Great Wall Of China - China/10.i1080x475.jpg,0.047583263,0.0451883,0.08681712,0.06514141,0.109766096,0.04257767,0.09926656,0.07678801,0.03767022,0.037365682,0.07331118,0.052755736,0.029488003,0.05835976,0.021242034,0.03305359,0.049930558,0.03369487
Great Wall Of China - China/10.jpg,0.13526209,0.03765046,0.014517264,0.025712494,0.09870171,0.019717548,0.12247343,0.0055184676,0.060935993,0.030604484,0.048815735,0.06666902,0.032543592,0.013549529,0.18956722,0.065179445,0.015127338,0.017454252
Great Wall Of China - China/102.jpg,0.048865266,0.077650286,0.056210633,0.03494526,0.08595387,0.07036544,0.081644654,0.06944828,0.043885287,0.060693946,0.044948068,0.07972604,0.022896618,0.07214778,0.02725492,0.044085052,0.03980095,0.039477676
Great Wall Of China - China/105.jpg,0.016892377,0.10867963,0.077298306,0.025286794,0.033684187,0.034776382,0.37950733,0.046391904,0.0023849257,0.0166106,0.016731622,0.0071948203,0.021745702,0.1339084,0.021073021,0.00241211,0.04631938,0.009102509
Great Wall Of China - China/106.jpg,0.0668797,0.026739208,0.022552023,0.06507634,0.0428111,0.09971818,0.11521374,0.031683255,0.03722746,0.0547617,0.051537246,0.03407711,0.071269564,0.030636989,0.052347764,0.07685372,0.055162005,0.065452926
Great Wall Of China - China/11.wallofchina_aug08_631(1).jpg,0.08883173,0.017547946,0.015138597,0.053534847,0.060931295,0.0787943,0.032876555,0.055468835,0.02576572,0.014533904,0.07923677,0.15002428,0.07907115,0.0370956,0.07099778,0.018327907,0.025236364,0.09658635
Great Wall Of China - China/11.wallofchina_aug08_631.jpg,0.031211067,0.037837952,0.054407794,0.025621643,0.11349727,0.04979695,0.07435335,0.18153979,0.019186432,0.028144805,0.020045709,0.029227884,0.06944236,0.042099178,0.053160872,0.034199663,0.087879725,0.048347566
Great Wall Of China - China/12.great-wall-beijing-iStock-899508826-panorama(1).jpg,0.00412356,0.0034804519,0.024005378,0.006343747,0.004244379,0.01072161,0.6140496,0.0027236775,0.00015143256,0.005824762,0.0016456099,0.0001906213,0.035210304,0.01728183,0.006824758,0.004329174,0.25702614,0.0018229969
Great Wall Of China - China/12.great-wall-beijing-iStock-899508826-panorama.jpg,0.22086535,0.020951131,0.09871742,0.009716159,0.024016472,0.020401824,0.05542838,0.023816874,0.03319754,0.032540724,0.037061986,0.008201727,0.27027655,0.04875356,0.013908443,0.013574166,0.06144764,0.007124102
Great Wall Of China - China/12.jpg,0.060222566,0.05465339,0.093889505,0.062795855,0.09288767,0.041145705,0.05308628,0.053182404,0.035073746,0.03347161,0.06329701,0.051210836,0.039012957,0.03843249,0.06117797,0.06865876,0.060547654,0.03725366
Great Wall Of China - China/13.great-wall-of-china-jinshanling-02-featured-690x340(1).jpg,0.015582567,0.04039999,0.016242364,0.028422076,0.08848296,0.08580832,0.36049008,0.019191884,0.011451102,0.033881642,0.019961527,0.016358323,0.034548447,0.04447423,0.0662823,0.02162345,0.049428992,0.04736969
Great Wall Of China - China/13.great-wall-of-china-jinshanling-02-featured-690x340.jpg,0.03583005,0.0063682194,0.009715577,0.06227181,0.03835836,0.062460013,0.051633753,0.012264475,0.059556663,0.028601244,0.37650514,0.045645166,0.0618447,0.02457401,0.04010237,0.016141215,0.05726761,0.01085963
Great Wall Of China - China/13.jpg,0.021494703,0.040017065,0.09195928,0.020235978,0.033357557,0.06277323,0.26652122,0.07362584,0.016881013,0.045651834,0.010001377,0.010228321,0.045431033,0.024302976,0.026315037,0.025659868,0.0744138,0.11112994
Great Wall Of China - China/14.Great_Wall_of_China(1).jpg,0.22028363,0.012882046,0.0030267008,0.012038334,0.0014880351,0.016793502,0.20588706,0.0036567103,0.0015768091,0.028378151,0.0043148138,0.0070575024,0.35157424,0.01909145,0.033216488,0.0077697793,0.06498304,0.0059817196
Great Wall Of China - China/14.Great_Wall_of_China.jpg,0.014016414,0.035846666,0.007099431,0.011264201,0.009473448,0.0640988,0.05446871,0.026705438,0.023234623,0.014429133,0.012721819,0.013545445,0.410757,0.059576895,0.024068711,0.012118731,0.19897708,0.0075973873
Great Wall Of China - China/14.jpg,0.035488192,0.00563827,0.0019322368,0.009532268,0.0019567928,0.040177923,0.32117012,0.00716114,0.0022025658,0.048009545,0.0045377244,0.0014876077,0.25091606,0.028915279,0.011730391,0.0222975,0.19551066,0.01133575
Great Wall Of China - China/15.852402-walking-on-the-great-wall-of-china-china-panorama-(1).jpg,0.084250554,0.039136637,0.032039702,0.046486408,0.057448026,0.071284555,0.07310775,0.056175776,0.031171776,0.06025617,0.050532386,0.06069018,0.044691227,0.06288784,0.027590917,0.058646183,0.08330443,0.060299475
Great Wall Of China - China/15.852402-walking-on-the-great-wall-of-china-china-panorama-.jpg,0.07036744,0.02680697,0.015884593,0.03988118,0.014444942,0.049070377,0.15709609,0.012382969,0.011614554,0.031836227,0.015868891,0.014080207,0.2832578,0.022661261,0.06499777,0.034372382,0.11289305,0.022483319
Great Wall Of China - China/15.jpg,0.01996329,0.066430666,0.016195681,0.031733494,0.10225303,0.111867234,0.2504366,0.036180496,0.029705033,0.0361043,0.025514632,0.030683987,0.023401156,0.060596608,0.04522804,0.032905605,0.039860316,0.040939745
Great Wall Of China - China/16.jpg,0.10692962,0.015460761,0.02229377,0.026817955,0.031153824,0.045509223,0.15292731,0.052032556,0.00865551,0.108336516,0.021199597,0.026332524,0.05196274,0.06764367,0.010071218,0.05354247,0.14372845,0.055402305
Great Wall Of China - China/17.jpeg,0.2643541,0.019498691,0.013465332,0.0373241,0.050007258,0.033117205,0.03500073,0.008826421,0.042728454,0.021372145,0.11641846,0.10489568,0.07137287,0.022691077,0.0894601,0.029096283,0.014526045,0.025845071
Great Wall Of China - China/17.mutianyu-great-wall-768(1).jpg,0.030498726,0.06318404,0.13853177,0.013993896,0.057992443,0.045125328,0.16352037,0.11101243,0.0072898995,0.047447044,0.013021721,0.020181006,0.031227762,0.10126544,0.017336203,0.01791269,0.100437246,0.020021906
Great Wall Of China - China/17.mutianyu-great-wall-768.jpg,0.052644696,0.016467337,0.030552596,0.017611612,0.037964277,0.04361072,0.18011461,0.04953192,0.008527466,0.08734289,0.014188615,0.020350322,0.12511626,0.06268198,0.040494915,0.032896977,0.09961555,0.08028716
Great Wall Of China - China/18.great-wall-of-china-tour(1).jpg,0.013752166,0.003234138,0.008195111,0.005692381,0.009326379,0.034526892,0.57814723,0.0094529735,0.0008248298,0.024972362,0.00401938,0.0016822452,0.11521694,0.039270926,0.013994756,0.00926725,0.10563622,0.022787891
Great Wall Of China - China/18.great-wall-of-china-tour.jpg,0.049807362,0.082549185,0.059670042,0.051214457,0.0900231,0.058117848,0.066722885,0.04458073,0.033890944,0.04749524,0.061288763,0.06479508,0.034776147,0.06911575,0.039065816,0.04805518,0.05797286,0.040858578
Great Wall Of China - China/18.jpg,0.03665258,0.054299578,0.0344429,0.02780911,0.098662704,0.08963912,0.084452085,0.082603894,0.04780349,0.032946777,0.04044369,0.07175148,0.033818647,0.07810506,0.031135304,0.041012626,0.04686564,0.06755522
Great Wall Of China - China/19.China_20Great_20Wall_204_20small(1).jpg,0.0076374207,0.0051062745,0.02502926,0.0103833405,0.026248366,0.028319916,0.5699545,0.008688659,0.0019476016,0.01855476,0.0067133456,0.003127361,0.07117662,0.017714564,0.032706846,0.01119195,0.12703182,0.028467309
Great Wall Of China - China/19.China_20Great_20Wall_204_20small.jpg,0.015919525,0.018826608,0.032977793,0.020724537,0.073704444,0.03641136,0.4440014,0.010526349,0.0073042577,0.02671303,0.0058336277,0.003875318,0.059025213,0.0125122275,0.078682184,0.040724184,0.08355928,0.028678766
Great Wall Of China - China/19.jpg,0.04866606,0.0011649211,0.0025176145,0.009545136,0.0060791974,0.00621025,0.7735949,0.0063774586,0.0068804263,0.003126515,0.03279403,0.00028188256,0.05605111,0.010025235,0.0037534642,0.004854591,0.026845967,0.0012311701
Great Wall Of China - China/2.istock656279442greatwall_2400x800.jpg,0.07860531,0.023271738,0.02850104,0.04285273,0.04709027,0.06475058,0.044603538,0.08021748,0.0563275,0.0666746,0.054228265,0.045504358,0.069889724,0.036798928,0.04410427,0.054647494,0.08296268,0.07896947
Great Wall Of China - China/20.big_1497867556(1).jpg,0.007354445,0.015009518,0.05341145,0.013871053,0.019118084,0.047615208,0.5484642,0.01341461,0.0014576673,0.023123499,0.0067783985,0.0019701193,0.012932298,0.05672068,0.0066667227,0.008770984,0.15655056,0.006770452
Great Wall Of China - China/20.big_1497867556.jpg,0.018508727,0.004022635,0.0043832785,0.049954735,0.060717564,0.051704627,0.049830202,0.0030020622,0.021984732,0.009180957,0.60858876,0.018855752,0.013020697,0.01491484,0.052957434,0.0038982823,0.0070688245,0.0074058534
Great Wall Of China - China/20.jpg,0.046450403,0.10964072,0.045506578,0.025672076,0.016502272,0.026638728,0.22474521,0.015620547,0.0030848288,0.04105003,0.003722725,0.0047782394,0.108898595,0.032717817,0.05025109,0.030585682,0.20762604,0.006508327
Great Wall Of China - China/21.image-377757-mmo_panoV9-kzop-377757(1).jpg,0.12971604,0.015093284,0.3241775,0.013380461,0.013199812,0.0099351,0.08629412,0.0075887516,0.021914132,0.010652198,0.039097816,0.0028189656,0.19685386,0.052075364,0.0036652503,0.0011159095,0.06567957,0.0067417347
Great Wall Of China - China/21.image-377757-mmo_panoV9-kzop-377757.jpg,0.06068416,0.059102654,0.04019686,0.025464142,0.05908935,0.075375885,0.05931589,0.061352942,0.13358931,0.061803866,0.033777118,0.060643353,0.022776594,0.02586199,0.038295757,0.07480192,0.0453205,0.062547766
Great Wall Of China - China/21.jpg,0.1257947,0.028259415,0.009615148,0.03646732,0.17640895,0.007354947,0.02627735,0.011637932,0.15537006,0.014410337,0.015130424,0.07935538,0.026118679,0.0035540042,0.18245417,0.043634884,0.0059314636,0.052224927
Great Wall Of China - China/22.17855182_1835458169813134_1856450125213662145_o(1).jpg,0.07677861,0.005859699,0.0026236014,0.024752269,0.16997254,0.0317401,0.31505835,0.027347177,0.005072068,0.0037247275,0.012907087,0.005132392,0.020662468,0.011768862,0.14437102,0.055509422,0.005372344,0.08134734
Great Wall Of China - China/22.17855182_1835458169813134_1856450125213662145_o.jpg,0.06762932,0.05932356,0.02383803,0.043253336,0.06377295,0.09684864,0.06732667,0.04741895,0.042211454,0.052215245,0.060704894,0.07983315,0.036390416,0.06611995,0.025368638,0.056613635,0.05342615,0.057705026
Great Wall Of China - China/22.jpg,0.085934035,0.062203683,0.018731385,0.07019555,0.06176831,0.09737858,0.05871595,0.033583134,0.032629374,0.06784838,0.06532716,0.0760665,0.02266051,0.061450016,0.026960272,0.052499577,0.056297928,0.049749624
Great Wall Of China - China/23.jpg,0.0011816253,0.0002623193,3.4568227e-05,0.0011696167,0.010597543,0.0017771398,0.93081695,0.00044432355,0.00028078657,0.00027108743,0.005485377,3.578277e-05,0.0017488806,0.0040084673,0.039067738,0.00030918734,0.0012016522,0.0013070803
Great Wall Of China - China/23.mhh_home_slide_image_greatwall_jinshanling_09_1005x363(1).jpg,0.06445081,0.089067094,0.037910882,0.04577452,0.07153219,0.072692,0.064972766,0.042550992,0.041615564,0.045302413,0.05191582,0.08182201,0.031330008,0.069973916,0.04190578,0.0465198,0.05173674,0.04892679
Great Wall Of China - China/23.mhh_home_slide_image_greatwall_jinshanling_09_1005x363.jpg,0.026675133,0.013431948,0.0038242189,0.005652361,0.0016995159,0.03343311,0.27054897,0.0062610535,0.0023038809,0.043492224,0.0011856878,0.00067155086,0.28292206,0.016677966,0.014424938,0.032186672,0.23844412,0.0061645815
Great Wall Of China - China/24.dv1260002_XS(1).jpg,0.0008544686,0.00045307362,0.0019575516,0.0018079471,0.000418291,0.007960226,0.8362171,0.0008394603,6.216259e-05,0.0029981588,0.0007051663,4.364072e-05,0.035812616,0.008799475,0.0009799508,0.00046879952,0.09812917,0.0014927681
Great Wall Of China - China/24.dv1260002_XS.jpg,0.017961213,0.035419382,0.025541943,0.030892506,0.05040078,0.06746846,0.46183425,0.016425941,0.007195661,0.022805752,0.017761761,0.007824481,0.03444955,0.04597506,0.03857973,0.019926067,0.07051394,0.029023364
Great Wall Of China - China/24.jpg,0.040411476,0.063423015,0.024168335,0.021643244,0.06538391,0.06906328,0.25207856,0.091649994,0.0061483164,0.024566835,0.021396114,0.05167192,0.01965373,0.13621424,0.019756397,0.012730785,0.033689648,0.04635013
Great Wall Of China - China/25.shutterstock_550130965(1).jpg,0.027602522,0.08529921,0.04772686,0.04029172,0.061659828,0.07527868,0.16236675,0.04994066,0.035661902,0.071467154,0.010630398,0.015325411,0.04220007,0.0241231,0.06554098,0.048530202,0.060540352,0.0758142
Great Wall Of China - China/25.shutterstock_550130965.jpg,0.005286026,0.012916563,0.62535775,0.00937635,0.009087242,0.011629065,0.08243767,0.0074359486,0.00328853,0.048332278,0.003164278,0.001083198,0.007212494,0.011247512,0.0021290425,0.00668534,0.1509979,0.002332852
Great Wall Of China - China/26.badaling-great-wall9(1).jpg,0.098606475,0.01913551,0.039789174,0.04730924,0.026002344,0.07837208,0.12338695,0.02772704,0.020284051,0.05558606,0.09795998,0.028760603,0.10198464,0.07267027,0.030230347,0.02295651,0.08180441,0.027434342
Great Wall Of China - China/26.badaling-great-wall9.jpg,0.0026612645,0.039452754,0.011902524,0.019161584,0.02710795,0.03417229,0.61791015,0.003261147,0.0019040914,0.00925324,0.0105424775,0.0015948821,0.029148085,0.03179996,0.09906159,0.0041338396,0.054041956,0.002890171
Great Wall Of China - China/26.jpg,0.044381443,0.11061591,0.03547334,0.050037637,0.07869578,0.08447953,0.0710335,0.031421863,0.0492862,0.044316467,0.07252473,0.07261928,0.024921276,0.06622865,0.038793996,0.04418121,0.04232826,0.03866092
Great Wall Of China - China/28.Great-Wall-of-China-trek-main(1).jpg,0.029866828,0.0031790312,0.006289022,0.006992779,0.024047941,0.0042818766,0.80324215,0.026997913,0.00077613816,0.0011210726,0.0026235378,0.00022480136,0.020782582,0.019847434,0.018981641,0.0020739792,0.016943762,0.011727359
Great Wall Of China - China/28.Great-Wall-of-China-trek-main.jpg,0.013998786,0.035802346,0.0070734546,0.007353906,0.03040515,0.07127865,0.5846139,0.03260103,0.0017427839,0.012207976,0.012229059,0.0056854687,0.009977319,0.13010275,0.011152624,0.007839242,0.019581249,0.0063541597
Great Wall Of China - China/28.jpg,0.0055516213,0.00020809141,0.001138307,0.0017129324,0.0016962852,0.0006967607,0.96033627,0.003940667,0.0001662548,0.00016115936,0.0012676528,8.630637e-06,0.007975925,0.004921838,0.001156692,0.00014122571,0.008078794,0.00084090367
Great Wall Of China - China/29.2018-08-21-13.08.33-1-730x350(1).jpg,0.09309208,0.04083036,0.026469542,0.05212303,0.05001806,0.08163726,0.06283782,0.046172384,0.039666697,0.06964399,0.049594693,0.061112322,0.040881176,0.05680177,0.027162211,0.07120135,0.070458755,0.060296606
Great Wall Of China - China/29.2018-08-21-13.08.33-1-730x350.jpg,0.03393948,0.0881546,0.08173093,0.03772645,0.046142444,0.06500552,0.103293836,0.055593092,0.11634187,0.06478457,0.044809546,0.061811462,0.021687603,0.036685504,0.022186104,0.03989215,0.04862426,0.031590525
Great Wall Of China - China/29.png,0.07678104,0.10056309,0.07671829,0.04182731,0.032074552,0.04134655,0.11795831,0.04568566,0.04871796,0.067149006,0.040440936,0.06803851,0.022773325,0.031053282,0.051507805,0.0399997,0.042289212,0.055075377
Great Wall Of China - China/3.10-facts-about-Great-Wall-of-China.jpg,0.0011463257,0.06907252,0.57799774,0.02235973,0.03789907,0.014455529,0.10045739,0.02448976,0.011053909,0.049890995,0.006514675,0.0020198503,0.0017335599,0.0072967433,0.00349254,0.004586794,0.0632315,0.0023012834
Great Wall Of China - China/3.jpg,0.027184498,0.017293852,0.034678787,0.036721364,0.013177779,0.024212508,0.54698944,0.017993582,0.010161057,0.004605234,0.03703891,0.002455954,0.10364607,0.04128816,0.009601025,0.0031745855,0.06045724,0.0093198605
Great Wall Of China - China/30.jpg,0.07542427,0.035920095,0.09969733,0.026704187,0.02593869,0.057570476,0.075234674,0.02751833,0.021496015,0.20493555,0.019734798,0.02021183,0.041390292,0.06731495,0.01601691,0.05005623,0.111514136,0.023321422
Great Wall Of China - China/31.great-wall2(1).jpg,0.06471407,0.02595874,0.0274825,0.027398443,0.07162218,0.07201802,0.1157884,0.09379917,0.023795897,0.08399146,0.02348049,0.044636223,0.043616313,0.07901876,0.017689269,0.045912813,0.08120646,0.057870742
Great Wall Of China - China/31.great-wall2.jpg,0.015150534,0.045649596,0.32222992,0.015896617,0.025722137,0.019211093,0.20643501,0.028661722,0.0024863358,0.035474442,0.0054307682,0.0040635513,0.03641619,0.026388846,0.02474403,0.012602709,0.16169856,0.011737857
Great Wall Of China - China/31.jpg,0.018099854,0.013320107,0.019414615,0.017774485,0.018097503,0.041464806,0.37394628,0.013496245,0.0034544095,0.03882025,0.0094115725,0.006024809,0.16041759,0.031199032,0.042969607,0.013537729,0.14635754,0.03219348
Great Wall Of China - China/32.greatwall_feature(1).jpg,0.0030017467,0.00027921473,0.00016209888,0.0013985055,0.0077366796,0.001492613,0.95904773,0.002666524,0.00011606103,0.00012654372,0.003053299,3.7313577e-05,0.0015982564,0.005576695,0.010595189,0.00021603261,0.0015550307,0.0013403406
Great Wall Of China - China/32.greatwall_feature.jpg,0.020359006,0.057980295,0.0800541,0.007811207,0.063869014,0.068067394,0.1591035,0.23099156,0.004495849,0.036192827,0.0055171186,0.010625574,0.024425123,0.0975167,0.025460707,0.013194784,0.02939093,0.06494436
Great Wall Of China - China/32.jpg,0.025202956,0.021967467,0.048061587,0.02582899,0.05242853,0.045513302,0.1048533,0.0625998,0.052165683,0.2249542,0.007497754,0.005422619,0.030127104,0.015921783,0.018507447,0.08331746,0.06714929,0.10848075
Great Wall Of China - China/33.Great-wall-of-china-crumbling-1020x400(1).jpg,0.0034872883,0.02719864,0.08372733,0.011177427,0.007963451,0.017336156,0.4348104,0.0040220865,0.0020335566,0.04134668,0.002441476,0.00059385947,0.034590594,0.010605588,0.016979197,0.009154684,0.2910222,0.0015095401
Great Wall Of China - China/33.Great-wall-of-china-crumbling-1020x400.jpg,0.030885953,0.015374847,0.038268395,0.022955108,0.052792624,0.044778492,0.39426687,0.040065616,0.002347391,0.011502256,0.0067723626,0.0037869688,0.056046985,0.058461245,0.025901143,0.031134794,0.11381089,0.050848145
Great Wall Of China - China/33.png,0.0055521433,0.0014976705,0.008436832,0.014289806,0.0012906714,0.004410109,0.77014154,0.0037574957,0.0014622328,0.0003533328,0.012655247,8.602954e-05,0.07036393,0.020607302,0.0006269568,0.00012030375,0.083407864,0.00094049127
Great Wall Of China - China/34.Great-Wall-Of-China-Chengdu(1).jpg,0.009466678,0.01579568,0.051940776,0.014399652,0.007644284,0.028065365,0.51103663,0.0051112995,0.0020632786,0.030834168,0.005948354,0.0013586667,0.06188278,0.022849208,0.016566886,0.0115702385,0.19931334,0.004152729
Great Wall Of China - China/34.Great-Wall-Of-China-Chengdu.jpg,0.018272564,0.005329555,0.0069289575,0.006879949,0.014714111,0.054595143,0.45013994,0.017193984,0.0032690805,0.03934537,0.0034028527,0.0017797292,0.10810798,0.03397977,0.021538233,0.033104733,0.123354636,0.058063455
Great Wall Of China - China/34.jpg,0.040794786,0.015439155,0.045305833,0.021563668,0.04360097,0.029331803,0.30431768,0.033006966,0.00411436,0.060702626,0.016100978,0.009956049,0.07859373,0.045399737,0.025583263,0.02999682,0.16295025,0.033241306
Great Wall Of China - China/35.file73i4xpumg9114m0ergl3-1547239273(1).jpg,0.019946724,0.005538079,0.00076873874,0.01313179,0.11559736,0.010985688,0.51597863,0.0015047393,0.0155119365,0.003575673,0.025395831,0.005928567,0.007935392,0.004902801,0.21494135,0.022965513,0.0040972973,0.011293848
Great Wall Of China - China/35.file73i4xpumg9114m0ergl3-1547239273.jpg,0.04184366,0.08492677,0.016903816,0.0434168,0.13515155,0.09242971,0.041162267,0.044034947,0.0765124,0.0403107,0.075620115,0.04708052,0.019023059,0.031636305,0.067605324,0.05835389,0.025675122,0.05831299
Great Wall Of China - China/35.jpg,0.042913295,0.02152455,0.016948475,0.04089907,0.056985315,0.04527767,0.21243396,0.02172605,0.01871141,0.079778604,0.03336248,0.018697264,0.08939589,0.03942484,0.06957414,0.045762315,0.100947075,0.04563754
Great Wall Of China - China/36.dreamstime_xxl_54551399(1).jpg,0.011282946,0.06318821,0.19855975,0.011747791,0.027261823,0.029187217,0.29983664,0.06363143,0.002235944,0.027088668,0.009759838,0.0040211254,0.03987728,0.061670676,0.016322365,0.0065100524,0.11915156,0.00866667
Great Wall Of China - China/36.dreamstime_xxl_54551399.jpg,0.020143075,0.009550137,0.016045017,0.020498732,0.012414232,0.04190621,0.14263353,0.029571543,0.027277341,0.009362607,0.046198912,0.0048638834,0.3241841,0.06875823,0.008365427,0.010400866,0.20276922,0.0050569857
Great Wall Of China - China/36.jpg,0.018667672,0.017322235,0.039798673,0.026620405,0.14200094,0.04300914,0.0925255,0.13984369,0.01878442,0.05915441,0.018573567,0.012853133,0.023680342,0.015967479,0.054267112,0.03803055,0.03165263,0.20724812
Great Wall Of China - China/37.1194563275_664d6b15e2_b(1).jpg,0.13821408,0.018006356,0.012382063,0.032121766,0.015609076,0.092745334,0.16445746,0.013816346,0.015086142,0.05294312,0.032565266,0.017560655,0.16737314,0.029423356,0.045616463,0.056670953,0.07019876,0.025209762
Great Wall Of China - China/37.1194563275_664d6b15e2_b.jpg,0.023465468,0.059992567,0.02733184,0.028414153,0.04749416,0.10456358,0.2763629,0.04624858,0.020846853,0.06094629,0.007834169,0.0074607837,0.04245432,0.026129067,0.0390944,0.046613764,0.066275865,0.06847117
Great Wall Of China - China/37.jpg,0.13473018,0.039610192,0.044704966,0.032390464,0.04918072,0.034511518,0.17041853,0.016078563,0.0062172227,0.048045598,0.013665328,0.035652176,0.092581496,0.04199258,0.096598715,0.028392555,0.06875558,0.046473645
Great Wall Of China - China/39.D869_26_591_1200(1).jpg,0.094083406,0.008747732,0.007016069,0.06525085,0.0483465,0.05116632,0.017943816,0.017006671,0.04613853,0.021352312,0.27961928,0.108052194,0.06899298,0.035478417,0.07270105,0.011034415,0.026112208,0.020957269
Great Wall Of China - China/39.D869_26_591_1200.jpg,0.07771667,0.037893992,0.030123936,0.047053564,0.061199617,0.068591505,0.07097377,0.06611897,0.031619616,0.06854495,0.049209967,0.051230013,0.042309236,0.05921122,0.027846614,0.05356029,0.08907263,0.06772351
Great Wall Of China - China/39.jpg,0.109099746,0.0011460994,0.00041832135,0.0033218039,0.036163963,0.0051014223,0.74609774,0.004644709,0.0045169983,0.0025587936,0.0042164815,0.0004388699,0.008596034,0.0029512602,0.032976326,0.02742889,0.0028045676,0.0075179674
Great Wall Of China - China/4.CH-Beijing-GreatWall-3.jpg,0.01861339,0.03325029,0.114249155,0.029479416,0.03257413,0.039212015,0.24640025,0.03135918,0.010500646,0.088558376,0.021918913,0.009100419,0.042345073,0.0462532,0.019444803,0.023923362,0.17967342,0.013144053
Great Wall Of China - China/4.jpg,0.0991833,0.02274784,0.02252458,0.037629757,0.051349886,0.055299636,0.11962552,0.061387647,0.018249374,0.08023428,0.023775915,0.03320511,0.060525764,0.053409524,0.024690602,0.0509867,0.10772619,0.077448376
Great Wall Of China - China/41.jpg,0.023871334,0.013797478,0.046509735,0.0245407,0.01457302,0.056525987,0.35642225,0.03382901,0.005100855,0.034917142,0.010060203,0.0068831933,0.10457639,0.033202387,0.021595681,0.0155529715,0.14479534,0.05324614
Great Wall Of China - China/42.jpg,0.022891184,0.05999891,0.036910404,0.029088827,0.13156645,0.07617462,0.20001484,0.060614023,0.008829925,0.020193001,0.021307154,0.026407864,0.031697113,0.09445518,0.078727044,0.022059541,0.048791714,0.030272217
Great Wall Of China - China/42.landscape-1474556272-great-wall-of-china.jpg,0.074222766,0.11250491,0.17976688,0.021968845,0.027770896,0.027792167,0.1376364,0.047588363,0.013635121,0.049627997,0.019429862,0.01607686,0.075381,0.0656004,0.030210173,0.007970483,0.074911736,0.017905245
Great Wall Of China - China/43.great-wall-of-china-facts-2(1).jpg,0.072605245,7.8913115e-05,0.0010531326,0.030873878,0.0028434717,0.005317591,0.776491,0.034650117,0.00088833703,0.00037813184,0.022587739,0.00011524508,0.012058442,0.008282621,0.00084745424,0.0035635324,0.023492701,0.0038724872
Great Wall Of China - China/43.great-wall-of-china-facts-2.jpg,0.05657967,0.0046685706,0.003461257,0.0139865875,0.01313855,0.07185463,0.43429506,0.020267798,0.0018992443,0.032792296,0.0055992026,0.0043917373,0.053465325,0.048198365,0.0062580304,0.036656246,0.14263158,0.0498558
Great Wall Of China - China/43.jpg,0.22650936,0.016437681,0.12035566,0.0154899,0.07658334,0.05125033,0.048576716,0.020882338,0.0128154885,0.13337424,0.0140671255,0.01809154,0.021884315,0.08008928,0.009526176,0.05940328,0.049974203,0.024689183
Great Wall Of China - China/44.The-Great-Wall-of-China-pg-50-main-1024x496(1).jpg,0.004205512,0.0021184378,0.0034296103,0.0042981124,0.0040789465,0.018156623,0.6098992,0.004413406,0.00030040822,0.02175082,0.0026647062,0.0005015619,0.06446979,0.038028825,0.0072824988,0.0027112938,0.20835161,0.0033384836
Great Wall Of China - China/44.The-Great-Wall-of-China-pg-50-main-1024x496.jpg,0.0033938575,0.0054241107,0.0033580994,0.007987935,0.008258491,0.027181234,0.7876475,0.0031455895,0.00065483106,0.009243996,0.0070134792,0.0009890549,0.03473591,0.027653491,0.018844506,0.0021399157,0.045245457,0.00708258
Great Wall Of China - China/44.jpg,0.06965101,0.01201458,0.01322612,0.055946164,0.02722251,0.09646348,0.08207313,0.050057482,0.04375789,0.04256964,0.03545313,0.03696519,0.10145477,0.04070876,0.020488817,0.039177813,0.19404858,0.03872098
Great Wall Of China - China/45.china_wall_01_big.jpg,0.016390743,0.015554017,0.026218086,0.036195263,0.010494006,0.02076986,0.6163099,0.014591963,0.0046440098,0.0032819225,0.034404807,0.0013005793,0.05834843,0.058426898,0.0069594085,0.0018376473,0.068344176,0.005928192
Great Wall Of China - China/45.jpg,0.15546061,0.12150222,0.015683303,0.034974836,0.050289266,0.030739777,0.09307732,0.014897763,0.010460621,0.020678332,0.00579466,0.023602968,0.06692243,0.017943285,0.23302282,0.06132168,0.028360171,0.015267996
Great Wall Of China - China/46.china-1200x430.jpg,0.018496027,0.013667102,0.022105016,0.04715418,0.0103259375,0.03200542,0.19332251,0.03248142,0.012245121,0.0076296334,0.0372073,0.0035411674,0.24776256,0.06179843,0.011154298,0.004086835,0.2400563,0.0049606315
Great Wall Of China - China/46.jpg,0.0031584,0.002489913,0.018213982,0.02064906,0.0009467961,0.0017084711,0.81459206,0.00045697455,0.00059636595,0.0004700528,0.04636978,6.482495e-05,0.024430724,0.02287666,0.00082585507,9.816895e-06,0.04186236,0.00027792156
Great Wall Of China - China/47.jamie-street-zhiQORykuwQ-unsplash-956x377.jpg,0.12645921,0.007729178,0.0046161497,0.006491749,0.57345736,0.0102225635,0.013025603,0.0036057467,0.0030552964,0.0018078664,0.0017526174,0.010936591,0.004974682,0.0029231193,0.101853594,0.10705117,0.0007847473,0.019252764
Great Wall Of China - China/47.jpg,0.025665771,0.032804742,0.07005734,0.030849192,0.045535598,0.028250158,0.25538588,0.02259163,0.004032482,0.043261338,0.014937543,0.010197318,0.10701711,0.03835921,0.08788566,0.014251876,0.14491151,0.024005644
Great Wall Of China - China/48.1500x450.1509643124.jpg,0.022878256,0.0044056894,0.008005754,0.0069430238,0.013615919,0.057819746,0.41054264,0.028090514,0.002427967,0.041849665,0.0034945991,0.0019585995,0.12361957,0.030228863,0.014803381,0.030138647,0.113817476,0.085359655
Great Wall Of China - China/48.jpg,0.0025227633,0.006479421,0.0075318166,0.022046063,0.0032377327,0.010005986,0.8078573,0.0036709122,0.0013061328,0.00058212277,0.03784148,0.0002841735,0.028803527,0.032957464,0.0032673285,0.00017585754,0.030063882,0.0013660494
Great Wall Of China - China/49.greatwallofchina(1).jpg,0.046385527,0.038117737,0.087751545,0.03552507,0.03960769,0.049607873,0.17886195,0.029063512,0.011019869,0.05325144,0.04076309,0.019727016,0.08677614,0.059845407,0.041296847,0.030485418,0.12583068,0.026083082
Great Wall Of China - China/49.greatwallofchina.jpg,0.20503406,0.02445481,0.0026763831,0.018500425,0.0067668664,0.020430105,0.12459656,0.0018361011,0.0030524167,0.017343324,0.008912217,0.018699916,0.34432283,0.015633421,0.14039657,0.013317416,0.025942827,0.008083689
Great Wall Of China - China/49.jpg,0.04150794,0.076107435,0.053834498,0.027636118,0.10079463,0.052127436,0.07908951,0.10564817,0.036239523,0.042687993,0.024222372,0.06869503,0.034663618,0.040231988,0.053864017,0.027690029,0.022735374,0.112224296
Great Wall Of China - China/5.great-wall-china-jinshanling-1714198_1920_p.jpg,0.04281637,0.04922707,0.14419802,0.022969661,0.042847253,0.033397518,0.15116036,0.07597779,0.0071794493,0.066539265,0.015179573,0.021317722,0.04160646,0.071290106,0.021149915,0.01961299,0.14913003,0.024400339
Great Wall Of China - China/5.jpg,0.05869631,0.0008586825,0.00011856062,0.0038283705,0.13537821,0.009871681,0.6252189,0.007654266,0.00065008574,0.0016108714,0.0022225447,0.0007875406,0.0020302783,0.0032706931,0.09311381,0.02851794,0.00076961785,0.025401726
Great Wall Of China - China/50.223165_82iK5JCB(1).jpg,0.008419557,0.026536461,0.034624573,0.020216111,0.009483531,0.023798654,0.3406685,0.009812299,0.0061195632,0.0661149,0.0040304735,0.0014247922,0.062635355,0.017965542,0.02663259,0.020750374,0.31495142,0.0058153225
Great Wall Of China - China/50.223165_82iK5JCB.jpg,0.022953104,0.040228974,0.042497814,0.006790362,0.0111897355,0.045266043,0.11697892,0.011661841,0.026168142,0.020585794,0.04427583,0.009206559,0.4088925,0.07098945,0.008011462,0.003437737,0.107512206,0.0033536137
Great Wall Of China - China/51.jpg,0.03569123,0.006345445,0.0012280574,0.01049441,0.08861497,0.044093024,0.57330257,0.033782,0.001446313,0.0057611363,0.008392603,0.0062585645,0.01108325,0.051011283,0.030066319,0.018345015,0.013076842,0.0610069
Great Wall Of China - China/51.voyage-grande-muraille-chine-huangyaguan-1(1).jpg,0.051878277,0.07940474,0.045244094,0.05125512,0.0990065,0.0656819,0.074942596,0.052984398,0.040964853,0.050204374,0.05608147,0.06994254,0.025138633,0.06908218,0.03020784,0.047952022,0.0488325,0.041195862
Great Wall Of China - China/51.voyage-grande-muraille-chine-huangyaguan-1.jpg,0.039792802,0.1490405,0.03373416,0.04223598,0.07802568,0.07464191,0.10035083,0.028562399,0.029151576,0.041303765,0.04669498,0.054363433,0.040029533,0.08046896,0.05901717,0.02937327,0.04550061,0.02771244
Great Wall Of China - China/52.great-wall-china.jpg,0.036431234,0.039786167,0.17441414,0.071072236,0.056652725,0.025090251,0.11588493,0.054375645,0.010586053,0.040316477,0.08757729,0.022309493,0.0334988,0.06754433,0.02770318,0.01413305,0.108168714,0.014455331
Great Wall Of China - China/52.jpg,0.0578253,0.102116585,0.030863008,0.029237455,0.07768434,0.07216788,0.10368198,0.05438868,0.03544903,0.047676355,0.036166407,0.10245336,0.02030781,0.08940825,0.028317776,0.039116923,0.03015798,0.042980723
Great Wall Of China - China/53.Stretch-of-the-Great-Wall-of-China--China-Tours--On-The-Go-Tours-279841450457645_crop_683_341.jpg,0.01858977,0.020061886,0.08236909,0.015548674,0.0063410653,0.024482321,0.24641089,0.010566075,0.003707391,0.08965132,0.003961543,0.0021522532,0.066166475,0.01801499,0.011906376,0.02364379,0.34949797,0.0069281296
Great Wall Of China - China/53.jpg,0.06671825,0.035090484,0.093432136,0.035329424,0.074128725,0.06474261,0.13286784,0.055258553,0.015182821,0.039253924,0.038392678,0.0485819,0.046873666,0.06290364,0.060523592,0.032661065,0.04685146,0.051207274
Great Wall Of China - China/54.china-greatwallaerialatdawn-1000x500.jpg,0.022426996,0.013615993,0.032637853,0.024605075,0.02004034,0.033285927,0.5114308,0.020094216,0.000830701,0.014371979,0.007061387,0.0023558335,0.03871543,0.07213339,0.019101918,0.008686785,0.13851629,0.020088924
Great Wall Of China - China/54.jpg,0.08161146,0.06687872,0.09642336,0.07048267,0.054523263,0.026711434,0.05630137,0.047224924,0.026799675,0.02039028,0.05353881,0.076221295,0.073584974,0.0400255,0.0774701,0.025871176,0.06601763,0.039923403
Great Wall Of China - China/55.DSC06592.jpg,0.007948475,0.018040828,0.013905763,0.016509423,0.021350037,0.021739464,0.7620479,0.0077422336,0.0006123498,0.0073621776,0.007575455,0.0011339904,0.010299491,0.044709984,0.019236986,0.0015705317,0.034335155,0.0038797113
Great Wall Of China - China/56.Chariot_China.jpg,0.026831727,0.023428017,0.06339205,0.09496554,0.013402794,0.017700437,0.40617546,0.023507766,0.015923066,0.005034325,0.08378422,0.0049607344,0.08618251,0.038752463,0.0096219415,0.0017138215,0.07079964,0.013823575
Great Wall Of China - China/56.jpg,0.038844123,0.0035500443,0.0015791432,0.01448667,0.17557749,0.020311307,0.45461807,0.027748773,0.0047406903,0.0023284077,0.009511161,0.0025840783,0.018493442,0.010143496,0.11194258,0.02460025,0.004532166,0.07440811
Great Wall Of China - China/57.b5b3c637-running-from-the-mourne-wall-to-the-great-wall-696x343.jpg,0.01561349,0.038757533,0.033284176,0.045345187,0.44599792,0.016557137,0.04249719,0.026285158,0.03491538,0.012364858,0.016974127,0.027059695,0.0064126994,0.008429636,0.12433237,0.039251372,0.009235345,0.056686796
Great Wall Of China - China/57.jpg,0.2690266,0.004644955,0.0077141705,0.008747098,0.026481347,0.027580194,0.20156461,0.028518882,0.045488704,0.017381474,0.023518814,0.0049254796,0.17154592,0.019521972,0.009540593,0.071536504,0.05116235,0.0111003015
Great Wall Of China - China/58.China_20Great_20Wall-AP.jpg,0.078133635,0.024389489,0.086039506,0.04115143,0.03511936,0.038818125,0.17898737,0.019843437,0.027731225,0.02084764,0.12977631,0.017022977,0.13543063,0.060443696,0.024179418,0.010760607,0.05767128,0.0136539545
Great Wall Of China - China/59.jpeg,0.032289267,0.02957623,0.03445483,0.07686181,0.03301101,0.06647269,0.2291781,0.045970224,0.027562326,0.012877972,0.09892749,0.015035497,0.084173106,0.07182586,0.026536336,0.015672654,0.06951527,0.03005936
Great Wall Of China - China/6.great-wall-of-china-fact.jpg,0.033474255,0.009160702,0.044041004,0.038207136,0.013697547,0.027676487,0.16940537,0.019491611,0.02915191,0.009816635,0.11599201,0.0052080224,0.2529111,0.05450377,0.0055436497,0.005649353,0.15971729,0.0063522262
Great Wall Of China - China/6.jpg,0.017545056,0.16818777,0.17694421,0.018998515,0.039787125,0.033385843,0.20378543,0.1265987,0.0064632664,0.027681867,0.007730033,0.0061033117,0.027559767,0.053717103,0.020066326,0.004340172,0.03609614,0.025009146
Great Wall Of China - China/60.jpg,0.047811426,0.07006308,0.030168993,0.031271406,0.045791667,0.06787706,0.05698594,0.05828613,0.07662624,0.037736066,0.046355452,0.09101492,0.08467917,0.050621893,0.060789406,0.03857203,0.04255817,0.06279104
Great Wall Of China - China/60.the-great-wall-of-china-great-wall-of-china-is-a-series-of-fortifications-made-of-stone-brick-banner-long-format-RAH738.jpg,0.08144173,0.012952798,0.018737918,0.012306382,0.024681645,0.07902366,0.24267104,0.038047865,0.0060923793,0.065316714,0.01030977,0.007852575,0.1286669,0.060245045,0.02885069,0.037664637,0.09256472,0.052573554
Great Wall Of China - China/61.great-wall-of-china-flinders-ranges-south-australia-640x319.jpg,0.08203919,0.028209716,0.031849984,0.027497988,0.1061342,0.03998452,0.07190448,0.06800412,0.013909791,0.019066684,0.023485929,0.090963595,0.04888393,0.039980307,0.117730245,0.022917353,0.0183545,0.14908348
Great Wall Of China - China/61.jpg,0.013453309,0.008254217,0.016456079,0.012334904,0.06632452,0.039005283,0.46524477,0.019860893,0.00277314,0.01842936,0.0070613213,0.004901556,0.06853063,0.034523156,0.063737996,0.021517342,0.078225136,0.059366383
Great Wall Of China - China/62._E9_95_BF_E5_9F_8E_E6_8B_BC_E5_9B_BE1_20jp.jpg,0.047160383,0.08578283,0.049171742,0.059513852,0.06606846,0.07964083,0.06810038,0.03828424,0.054651383,0.05973311,0.06360091,0.05482627,0.027248321,0.04962662,0.045464665,0.05097621,0.04779811,0.052351687
Great Wall Of China - China/62.jpg,0.07690696,0.025879571,0.012341447,0.022264421,0.009457686,0.0574907,0.1352977,0.02189924,0.0118465535,0.05630318,0.015449184,0.021302888,0.26013032,0.050092343,0.036982354,0.025865724,0.13215108,0.028338663
Great Wall Of China - China/63.great-wall-china-landscape-260nw-36821797.jpg,0.017742647,0.110521406,0.056028478,0.022151327,0.011354871,0.023593634,0.23552562,0.022476796,0.002123414,0.042383485,0.0194672,0.011704571,0.13464841,0.043377798,0.043522343,0.0047296225,0.19582668,0.002821748
Great Wall Of China - China/64.Simatai_Great_Wall_banner.jpg,0.020576231,0.043591924,0.16466698,0.030364806,0.09690728,0.04665605,0.16537023,0.058095478,0.019794706,0.08154887,0.012444419,0.008360115,0.027325222,0.017897073,0.031176459,0.047150057,0.07643791,0.051636156
Great Wall Of China - China/64.jpg,0.005076871,0.0054504834,0.02395646,0.007984766,0.0021883307,0.019116167,0.4809833,0.004434188,0.0007746104,0.02716705,0.0018617759,0.000500376,0.062745325,0.012121504,0.0073405528,0.005851813,0.32797968,0.0044667344
Great Wall Of China - China/65.great-wall-panorama3-small.jpg,0.0039666076,0.0943416,0.28294894,0.02142598,0.050087456,0.031649146,0.31132555,0.03076607,0.004705984,0.019538175,0.011194343,0.0021540595,0.013956708,0.02272997,0.021202244,0.0056383424,0.065126605,0.0072422577
Great Wall Of China - China/66.excursion-privada-gran-muralla-china.jpg,0.074184984,0.046921007,0.025245752,0.07572629,0.061554573,0.070659585,0.08200605,0.040353112,0.031848487,0.089741014,0.0651228,0.060804192,0.025869612,0.078699574,0.027930167,0.040936597,0.06955331,0.03284295
Great Wall Of China - China/66.jpg,0.0042013866,0.013597781,0.001153363,0.0037248344,0.03911717,0.014902863,0.8281899,0.012449148,0.00032752386,0.00089207175,0.0044335746,0.00083110464,0.0021710144,0.05767989,0.008698891,0.00055744726,0.0049223322,0.0021495924
Great Wall Of China - China/67.16967026-beijing-great-wall-of-china.jpg,0.24058788,0.017576758,0.029219644,0.011260066,0.045975763,0.014183393,0.041005414,0.036494087,0.07299643,0.053391445,0.055794645,0.022036223,0.2692759,0.010375102,0.014760852,0.026140608,0.034783207,0.0041427193
Great Wall Of China - China/68.jpg,0.10626949,0.019100038,0.0153237255,0.049043737,0.025617449,0.07097251,0.10072754,0.04179381,0.022507327,0.05916538,0.03491545,0.043437768,0.12801865,0.0511159,0.03928016,0.04950126,0.092275575,0.05093424
Great Wall Of China - China/69.15596387983375.jpg,0.022406388,0.027569313,0.010385177,0.03591076,0.018090922,0.026874505,0.2921437,0.00702688,0.011155814,0.061719004,0.019373858,0.008307356,0.16562748,0.02941932,0.10742706,0.0166666,0.12632756,0.013568309
Great Wall Of China - China/69.jpg,0.00022997265,2.4494415e-05,2.6280926e-05,0.0007480723,0.0009910371,0.0006072517,0.9900401,0.0006089242,2.0323767e-05,1.2678821e-05,0.0019941928,2.2556628e-06,0.0008485395,0.0018364191,0.0009356907,1.888611e-05,0.00070274284,0.0003522508
Great Wall Of China - China/7.Discovering-the-Great-Wall-featured-image-1.jpg,0.012266318,0.015617492,0.035764787,0.023524236,0.0050378735,0.03152762,0.3654702,0.0058420794,0.0025896889,0.042378932,0.00845079,0.0017908091,0.06721257,0.016718948,0.015351241,0.013567339,0.33318135,0.0037077917
Great Wall Of China - China/7.jpg,0.034983262,0.011867279,0.036698435,0.015265601,0.013795637,0.03782645,0.23845488,0.028807173,0.002437285,0.042136554,0.009468494,0.008843183,0.19816132,0.0515051,0.02044938,0.012864992,0.19425079,0.042184293
Great Wall Of China - China/70.DSC_0023.jpg,0.10288349,0.034046553,0.09858606,0.029079689,0.04660648,0.044688705,0.09890287,0.039794452,0.0059572496,0.15873815,0.021746559,0.0386103,0.021009624,0.107055314,0.015872218,0.02333674,0.079685315,0.033400238
Great Wall Of China - China/70.jpg,0.027438719,0.029037986,0.17921059,0.058167093,0.054513983,0.06800364,0.07307475,0.032725137,0.058746804,0.06524508,0.069955714,0.023103956,0.02576695,0.025235612,0.027294047,0.05775108,0.09918872,0.025540173
Great Wall Of China - China/71.jpg,0.045756247,0.022762083,0.008821903,0.025387732,0.005281276,0.04982068,0.26260084,0.009761219,0.0057125357,0.06955151,0.008357945,0.004260114,0.16514632,0.025289604,0.023123259,0.033508014,0.22496158,0.009897113
Great Wall Of China - China/72.china-great-wall-charity-challenge-main.jpg,0.04497959,0.0064038113,0.00612013,0.0073510134,0.093296394,0.10570174,0.17666543,0.22945549,0.0049371156,0.0056038667,0.012377115,0.017968599,0.030457882,0.09876632,0.02516089,0.030967955,0.025827311,0.07795937
Great Wall Of China - China/72.jpg,0.013807998,0.0063263336,0.039850254,0.083225735,0.04525679,0.121696524,0.056042813,0.014934128,0.105550215,0.02087079,0.329228,0.010213608,0.017663183,0.013549446,0.014810359,0.022275476,0.07257879,0.012119635
Great Wall Of China - China/73.613chinesehistory.jpg,0.14550008,0.071254775,0.014363172,0.021416325,0.015628306,0.032759625,0.09740703,0.019639121,0.007821822,0.03503489,0.013433245,0.033684593,0.2638438,0.029714298,0.1020982,0.026685312,0.05498034,0.014735044
Great Wall Of China - China/73.jpg,0.06329676,0.07320586,0.058393296,0.054252062,0.0855263,0.055084046,0.07513926,0.0540428,0.035523154,0.0532648,0.044330817,0.07032762,0.027091319,0.060311127,0.037360407,0.04925529,0.053275574,0.050319582
Great Wall Of China - China/74.china_great_wall_10.jpg,0.034683436,0.04688189,0.028981214,0.037564483,0.045117438,0.059968892,0.07417647,0.10512692,0.104486175,0.09483436,0.013375544,0.01472064,0.073730946,0.022500046,0.03224125,0.056633435,0.084174365,0.07080252
Great Wall Of China - China/74.jpg,0.10954039,0.010850629,0.02161798,0.05825692,0.042867936,0.102693334,0.102522545,0.040008117,0.0154228825,0.039362445,0.13046852,0.050325003,0.05804261,0.051285677,0.035958726,0.033076916,0.054364923,0.043334518
Great Wall Of China - China/75.great-wall-of-china.jpg,0.102433264,0.0480484,0.06612137,0.018734315,0.024223745,0.03036629,0.15065345,0.050645586,0.008580201,0.08497465,0.014867692,0.039407417,0.071551375,0.0932249,0.016838385,0.0206068,0.13204634,0.026675848
Great Wall Of China - China/75.jpg,0.052448936,0.01626661,0.088967524,0.021951122,0.17445336,0.0721085,0.111096375,0.0802686,0.0061645852,0.028200815,0.024221756,0.024901088,0.02791459,0.10123368,0.05158349,0.029852083,0.043281917,0.045085076
Great Wall Of China - China/76.great-wall-of-china.jpg,0.004487381,0.004375299,0.004581072,0.03910241,0.050203845,0.03177678,0.07111959,0.0046267672,0.56127316,0.045499735,0.06909491,0.00658432,0.006477809,0.002476792,0.026576547,0.026188813,0.026262157,0.01929268
Great Wall Of China - China/76.jpg,0.023377107,0.02769914,0.021556154,0.068404436,0.0215752,0.07061496,0.173455,0.04164144,0.024136668,0.015318269,0.07374698,0.0136742955,0.16675332,0.07089155,0.028037388,0.014091469,0.12798922,0.017037574
Great Wall Of China - China/77.great-wall-of-china3.jpg,0.015432561,0.12756348,0.0089707915,0.03216995,0.10213192,0.012339496,0.15073463,0.0028169525,0.015516524,0.085863285,0.0468954,0.008647115,0.009831399,0.02287853,0.33245337,0.0059614787,0.014726148,0.005066954
Great Wall Of China - China/77.jpg,0.16715482,0.027107833,0.034214623,0.02511726,0.03884439,0.06371637,0.12577723,0.03280313,0.015052623,0.049140546,0.036196217,0.049779773,0.08455508,0.07395497,0.043649103,0.045170218,0.043099754,0.04466612
Great Wall Of China - China/78.Peking_Great_Wall.jpg,0.11763717,0.06024578,0.05626168,0.05036037,0.07424495,0.04754929,0.053492147,0.042130306,0.078249454,0.06694619,0.04317596,0.060130864,0.03823659,0.02898657,0.052227743,0.048438914,0.027231121,0.054454844
Great Wall Of China - China/79.cropped-great-wall-china-953399.jpg,0.014348424,0.10455427,0.04842709,0.017976558,0.06985827,0.07440057,0.27700412,0.07376199,0.003559097,0.022177052,0.014051431,0.012012302,0.01872301,0.16882445,0.024083123,0.0072639543,0.03221064,0.016763626
Great Wall Of China - China/79.jpg,0.06922784,0.06997323,0.023951061,0.04836939,0.054723885,0.09385406,0.067082584,0.037979145,0.03919697,0.057957396,0.05818511,0.072732076,0.03989691,0.06690586,0.032313008,0.052920092,0.06140108,0.053330332
Great Wall Of China - China/8.000241_20Badaling_20Great_20Wall_20001(1).JPG,0.027246729,0.03434534,0.050696127,0.050665185,0.15141979,0.026641453,0.13106513,0.017568253,0.019255163,0.025298296,0.04146709,0.051368907,0.04439034,0.033604637,0.18695505,0.01912852,0.03417793,0.054706123
Great Wall Of China - China/8.000241_20Badaling_20Great_20Wall_20001.JPG,0.21298955,0.01765327,0.011763984,0.04696427,0.034803547,0.03301669,0.045208395,0.012086008,0.055296946,0.022075672,0.14784233,0.078143604,0.10988075,0.02383729,0.08913426,0.015815645,0.024314957,0.01917277
Great Wall Of China - China/8.jpg,0.009043045,0.011553272,0.007929935,0.023313342,0.013270389,0.017308002,0.4539596,0.0039057669,0.004837793,0.07497081,0.011903966,0.003483184,0.08628406,0.026145428,0.058419373,0.0089272335,0.17506316,0.00968176
Great Wall Of China - China/80.voyage-chine-grande-muraille-chine-jinshanling-4.jpg,0.121904545,0.01274807,0.012835107,0.02855361,0.048310526,0.052426577,0.22579844,0.0421406,0.0068804137,0.042235315,0.011965623,0.029114222,0.059361815,0.027454697,0.03622897,0.056171786,0.049219936,0.13664965
Great Wall Of China - China/81.China-great-wall-of-china-16.jpg,0.007803762,0.005742766,0.020881366,0.006839291,0.006977241,0.017743265,0.44652575,0.003384258,0.0010297787,0.013055715,0.0010159728,0.00047859846,0.053220175,0.00793626,0.01853178,0.029384702,0.35466328,0.00478606
Great Wall Of China - China/81.jpg,0.04415802,0.011248586,0.05122526,0.106701605,0.02787738,0.033221297,0.18655246,0.036484025,0.034000345,0.020642193,0.22247384,0.014667588,0.040673085,0.046190545,0.0072338325,0.013653821,0.08970477,0.013291338
Great Wall Of China - China/82.6841179584_8cebbc8b16_b.jpg,0.041127253,0.023660803,0.09386012,0.04082393,0.039267518,0.043479554,0.15457411,0.04090217,0.02306978,0.04387006,0.022675434,0.02326064,0.08417964,0.031642906,0.03811489,0.03479926,0.16426826,0.0564237
Great Wall Of China - China/83.Beijing-Layover-Great-Wall-1100x534.jpg,0.06375871,0.07491889,0.03653819,0.050125882,0.06365402,0.08311015,0.053318962,0.044275966,0.049940884,0.04510461,0.058136415,0.07491872,0.03747281,0.056600373,0.049794327,0.047712043,0.054604497,0.056014497
Great Wall Of China - China/84.Great-Wall-of-China-273526-950px-16x7.jpg,0.061969902,0.02321626,0.03715449,0.06877557,0.03561826,0.07736693,0.09723652,0.05063177,0.039379057,0.038814608,0.13037544,0.03535837,0.06684347,0.05202936,0.032340966,0.034223337,0.08143646,0.037229247
Great Wall Of China - China/84.jpg,0.00879153,0.034068435,0.019662114,0.015078047,0.035211854,0.035794906,0.55439186,0.01772192,0.0016108808,0.016362192,0.017618505,0.0051400205,0.052855395,0.07112011,0.030969746,0.004423685,0.0728555,0.0063233036
Great Wall Of China - China/85.great-wall-autumn_29191.jpg,0.06068324,0.032582927,0.023173617,0.04223329,0.042449877,0.053756952,0.18166023,0.028543904,0.018297518,0.079310566,0.020304479,0.019590667,0.088031195,0.03967693,0.04870348,0.061033912,0.11170616,0.048261054
Great Wall Of China - China/86.badaling-447106.jpg,0.058346678,0.024897542,0.04790536,0.03509602,0.01608847,0.051407184,0.19198674,0.028090896,0.007811633,0.15642115,0.028503507,0.024474083,0.034143567,0.09891147,0.011068486,0.023493571,0.13265336,0.028700255
Great Wall Of China - China/86.jpg,0.01916164,0.009509304,0.015716251,0.019639434,0.038458545,0.03096513,0.43132856,0.009252333,0.004556924,0.032047253,0.008868465,0.008029421,0.11235503,0.024359114,0.058874037,0.017627109,0.112805985,0.046445515
Great Wall Of China - China/87.the-great-wall-of-china-ond-the-mountains-china-panorama-stock-picture-288842.jpg,0.005806706,0.022603698,0.74357706,0.010451727,0.017455352,0.0064499974,0.04009022,0.012203003,0.0025539384,0.028126888,0.0020687198,0.0022671071,0.0036200571,0.0067132907,0.004853922,0.0088429805,0.07823288,0.004082693
Great Wall Of China - China/88.2235deed950fb4461ccc8be7c3009848.jpg,0.34302312,0.036066756,0.006295308,0.02485932,0.022419663,0.019892965,0.033172455,0.004837408,0.012491531,0.0155255515,0.016474793,0.06915523,0.13527997,0.013013451,0.1746307,0.035676643,0.012147243,0.025037907
Great Wall Of China - China/89.jpg,0.008326343,0.011504174,0.029308185,0.009149303,0.0033654156,0.0203117,0.36790037,0.0036675187,0.0013033445,0.040293857,0.001566734,0.0005312044,0.06700656,0.011436992,0.010058399,0.017869394,0.39395413,0.0024462857
Great Wall Of China - China/89.str2_mcgreatwall_PLEASEUSE.PDF.jpg,0.074733876,0.055789523,0.032601185,0.056547597,0.050047126,0.08697591,0.041881904,0.037019446,0.05500651,0.05805269,0.07262434,0.059305318,0.04948336,0.045806225,0.051581386,0.062689215,0.062001843,0.04785252
Great Wall Of China - China/9.great-wall-china-sunrisepanoramic-view-260nw-1140068909(1).jpg,0.009233813,0.00455307,0.006855106,0.048612237,0.0069151437,0.022619748,0.6342114,0.016351633,0.0034720148,0.0013991933,0.051451877,0.00077617326,0.070258096,0.0436271,0.00849335,0.0013800384,0.0653614,0.0044286195
Great Wall Of China - China/9.great-wall-china-sunrisepanoramic-view-260nw-1140068909.jpg,0.023517227,0.02397868,0.028162787,0.0258752,0.0073258164,0.02830974,0.23246072,0.011132521,0.008003312,0.07545842,0.0072568776,0.0038731305,0.11376304,0.019896444,0.027390733,0.029510617,0.32394087,0.010143816
Great Wall Of China - China/9.jpg,0.022178752,0.01870803,0.017161645,0.023256643,0.007439069,0.036372777,0.32802418,0.0129466895,0.002546885,0.03800131,0.008904096,0.0035665513,0.16948508,0.034296803,0.01925666,0.0104859425,0.23780452,0.009564439
Great Wall Of China - China/90.2170-Muralla.jpg,0.17393558,0.011348762,0.0058773956,0.06259314,0.06400797,0.033271924,0.06597669,0.0048204176,0.024029719,0.0071537327,0.260949,0.09474645,0.036668163,0.015500787,0.10317069,0.009759123,0.007189009,0.019001514
Great Wall Of China - China/92.jpg,0.0033809266,0.0003616642,0.00056286284,0.060052507,0.005349056,0.006452544,0.39164236,0.0014551125,0.009911574,0.0010215562,0.4889993,0.0018760494,0.006794203,0.007842025,0.0044659674,0.00056087784,0.006681919,0.0025895357
Great Wall Of China - China/93.jpg,0.11771766,0.019582296,0.1226023,0.030374061,0.11458782,0.061429203,0.06844681,0.037146483,0.0124857975,0.035951134,0.060776763,0.034501668,0.036186334,0.073915616,0.07079911,0.035496958,0.030167688,0.037832227
Great Wall Of China - China/94.jpg,0.25109777,0.020125052,0.047957774,0.025589507,0.058922715,0.076917686,0.08076027,0.00972481,0.018257488,0.076574385,0.018277919,0.017822536,0.050341886,0.038988885,0.029154792,0.10509239,0.051485617,0.022908505
Great Wall Of China - China/97.jpg,0.029203067,0.006841863,0.008938931,0.05453154,0.091254056,0.051209647,0.040226113,0.011066781,0.016668037,0.04640976,0.40289173,0.033574563,0.020749079,0.03966678,0.10253093,0.0071887975,0.02149844,0.015550001
Great Wall Of China - China/99.jpg,0.09501038,0.030987067,0.04348941,0.024914222,0.09992578,0.058702704,0.15191092,0.063284695,0.0069237384,0.05301606,0.00873781,0.023778075,0.04299904,0.070098594,0.046921693,0.043676995,0.055973485,0.079649374
Himalaya - India/1.Tour-Himalayas3.jpg,0.031048002,0.012871449,0.024100445,0.038190164,0.13543628,0.071776226,0.028804969,0.20308898,0.050662067,0.029216293,0.03660587,0.039046288,0.04617845,0.026073473,0.044130847,0.03179116,0.052893076,0.09808601
Himalaya - India/10.Borasupass.jpg,0.011874109,0.12831368,0.07978335,0.036763296,0.11801776,0.028214164,0.026659941,0.18168783,0.034157448,0.048387043,0.059718594,0.11755049,0.009053619,0.055140257,0.015482211,0.0075729005,0.03448535,0.007137884
Himalaya - India/101.jpg,0.13158374,0.0208028,0.013274093,0.046952423,0.030510766,0.08396483,0.0746156,0.047550015,0.021825239,0.07925206,0.032011293,0.039325885,0.07312011,0.041426208,0.020068806,0.05996599,0.124490775,0.0592594
Himalaya - India/11.Himalayas_3.jpg,0.059313692,0.04317495,0.026130944,0.055186573,0.059549812,0.068625435,0.02772882,0.12351284,0.06058111,0.033856455,0.07550958,0.13697514,0.035629284,0.038736913,0.039821826,0.023743276,0.039180547,0.05274286
Himalaya - India/11.jpg,0.03199374,0.018515982,0.015636923,0.07164426,0.12058398,0.05789126,0.01948924,0.15002745,0.08272449,0.03340838,0.107812226,0.06712246,0.030574745,0.018900247,0.056133185,0.033142235,0.052573115,0.03182615
Himalaya - India/12.Karakoram-pass.jpg,0.03122856,0.056737777,0.053821806,0.01970341,0.0909823,0.07617711,0.07055646,0.2056566,0.034757677,0.03668524,0.031028524,0.07510571,0.017688647,0.077609986,0.0146881,0.023308529,0.035078168,0.0491854
Himalaya - India/12.jpg,0.033527583,0.0494043,0.014691517,0.047429003,0.23161115,0.027469277,0.020712582,0.109057344,0.075328134,0.09045955,0.02334048,0.02366221,0.012361143,0.0074212225,0.056844804,0.08609661,0.010164218,0.08041893
Himalaya - India/13.himalayas.jpg,0.012580939,0.03280316,0.024161523,0.016703928,0.08808239,0.109190084,0.02950561,0.35549933,0.07319044,0.014806421,0.032082424,0.095603615,0.007005766,0.033716436,0.007645464,0.011139497,0.020346193,0.035936777
Himalaya - India/13.jpg,0.06031399,0.014764761,0.014914527,0.08467309,0.1005752,0.04510168,0.034196407,0.2015611,0.045544133,0.029806428,0.076041356,0.055001922,0.043133505,0.012545272,0.024495715,0.08486072,0.046158463,0.026311722
Himalaya - India/14.himalayas-mountain-landscape-panoramic-view-of-himalaya-peaks-india-R8EG7Y.jpg,0.03372358,0.15527038,0.051158365,0.03340885,0.06327263,0.050234426,0.06439664,0.11163531,0.034532133,0.052879684,0.038200352,0.13898204,0.0134866,0.07216632,0.014993779,0.016305339,0.025515381,0.029838236
Himalaya - India/14.jpg,0.0029918733,0.21502122,0.09676854,0.0051914216,0.05266027,0.013361995,0.011080167,0.4542632,0.027353413,0.04907989,0.0025435893,0.027516361,0.002825281,0.0040778844,0.0042405347,0.008684567,0.011553991,0.010785846
Himalaya - India/15.Asia-Indian-Sub-India-Himalaya.jpg,0.067607276,0.054576308,0.024640763,0.0496506,0.28642043,0.022421092,0.036833525,0.03613257,0.033677205,0.030151777,0.021900894,0.055094466,0.03144846,0.010782382,0.11905594,0.06850856,0.013581505,0.03751612
Himalaya - India/16.jpg,0.034624856,0.022116069,0.024248853,0.07872213,0.062011495,0.11504421,0.047106914,0.07732318,0.07343736,0.040865634,0.11951551,0.041172247,0.025931073,0.022501022,0.050537292,0.03461671,0.059536874,0.07068855
Himalaya - India/16.large_5XlunyWi2wlbahIjyXzDszY_5Gf_wtv2E04VbuGp4Bg.jpg,0.04043317,0.0010040439,0.0066377684,0.008953406,0.69481796,0.005842846,0.0012235929,0.07455832,0.0075354944,0.013267449,0.013536511,0.012300067,0.005468858,0.00027442828,0.0022382212,0.10824528,0.0011711648,0.0024914455
Himalaya - India/17.jpg,0.005178315,0.002024074,0.0023775017,0.0027208594,0.92137235,0.0007140573,0.0007016674,0.018197853,0.0027445296,0.0007466796,0.0012074715,0.0046917847,0.0013684636,0.00045362543,0.023727585,0.0093700085,0.0006165858,0.0017867264
Himalaya - India/17.sandakphu-trek.JPG,0.12175059,0.00219409,0.0037507277,0.032690935,0.037493706,0.034040634,0.004772915,0.02719683,0.06489881,0.002675419,0.30762067,0.1900855,0.09682015,0.023978429,0.029582426,0.0015401692,0.012470482,0.0064374716
Himalaya - India/18.himachal2.jpg,0.01688819,0.003903551,0.008494778,0.016892849,0.13555104,0.09182102,0.041803133,0.37528488,0.0070164395,0.005596607,0.017171273,0.015384478,0.024864629,0.035348784,0.037841767,0.019371286,0.017458707,0.12930654
Himalaya - India/18.jpg,0.009473525,0.08690287,0.06842453,0.012638817,0.11100183,0.06791873,0.069853,0.23300177,0.071327746,0.039839737,0.005694113,0.016921325,0.004884306,0.011108013,0.008073725,0.0312548,0.012296406,0.13938475
Himalaya - India/19.jpg,0.026889225,0.016755031,0.021565631,0.012592628,0.06119992,0.07513646,0.076656565,0.21409895,0.023032665,0.058763053,0.009022708,0.017298834,0.02735268,0.025083534,0.02111984,0.037927203,0.025614822,0.2498902
Himalaya - India/19.mountain.jpg,0.042996354,0.0644176,0.085055456,0.023709495,0.03910126,0.06918883,0.036741406,0.14299835,0.06871851,0.10028417,0.027013713,0.05829865,0.04024433,0.039078686,0.01930679,0.031131405,0.06338902,0.04832606
Himalaya - India/2.istock_540840250_nepal_himalaya_mt_everest_letterbox.jpg,0.054755025,0.081674695,0.0323211,0.049827095,0.07804823,0.088940285,0.05779184,0.04363559,0.039544966,0.04418332,0.06772293,0.0778967,0.02974731,0.07114876,0.03907224,0.040774226,0.056062024,0.046853665
Himalaya - India/2.jpg,0.038267672,0.015900582,0.025825974,0.081175834,0.07017385,0.06778772,0.07300473,0.21630509,0.01823938,0.0152271595,0.06051069,0.037918102,0.05228842,0.04560988,0.03212949,0.03131553,0.052301295,0.06601859
Himalaya - India/20.0.32611600_1549266625_gettyimages-888710930.jpg,0.008090383,0.01662665,0.002197332,0.045142,0.11210406,0.035052534,0.006316115,0.12856102,0.36354,0.018894041,0.07173537,0.11049118,0.010491401,0.0023501562,0.030212007,0.012852945,0.018359076,0.006983859
Himalaya - India/20.jpg,0.05327303,0.020520391,0.026861211,0.015836101,0.060901128,0.04404807,0.079395294,0.078209184,0.045051727,0.09614505,0.017132835,0.028909009,0.059833523,0.033878956,0.058752753,0.048650008,0.03655086,0.19605093
Himalaya - India/21.dry-mountain-rang-landscapes-of-the-indian-himalaya-near-leh-ladak-india-P9FDA0.jpg,0.025634846,0.01743433,0.02143993,0.029636336,0.084618576,0.04249593,0.06368177,0.118109144,0.041954577,0.0786767,0.010962593,0.014711311,0.019791404,0.012226468,0.030170115,0.046822466,0.02247471,0.3191588
Himalaya - India/21.jpg,0.13276298,0.035891265,0.030769411,0.049124084,0.037974253,0.0714914,0.03708096,0.043667417,0.05153269,0.05155394,0.06852745,0.0726131,0.06139669,0.036939695,0.049291987,0.0655958,0.054710895,0.049075987
Himalaya - India/22.Indian-Himalayas-India.jpg,0.028707027,0.046405215,0.024941238,0.026522124,0.051999222,0.10689162,0.030613068,0.20316528,0.07980073,0.033593483,0.051213164,0.09381041,0.032648083,0.03489899,0.02465763,0.021521345,0.035393946,0.07321741
Himalaya - India/22.jpg,0.0115547,0.018554159,0.004378939,0.10103041,0.06730981,0.06195819,0.0155877685,0.16035533,0.033712536,0.020761166,0.1985084,0.12446363,0.04356237,0.02065868,0.028250735,0.015275088,0.061935224,0.012142869
Himalaya - India/23.h-pbanner.jpg,0.0268412,0.015083397,0.019619199,0.066935495,0.063499615,0.07367981,0.04554833,0.17296702,0.051101156,0.015147282,0.15978281,0.06874848,0.052476503,0.037948783,0.018042862,0.025507241,0.06434987,0.022720944
Himalaya - India/24.jpg,0.22100757,0.011375642,0.0716697,0.039562143,0.07527781,0.014078674,0.04327318,0.20351721,0.04549079,0.019423049,0.051375315,0.019122526,0.055066884,0.012434394,0.012840206,0.04309852,0.035982013,0.025404375
Himalaya - India/24.mount-kamet.jpg,0.0091612665,0.016266135,0.0063752434,0.016202578,0.068469144,0.06833259,0.01136961,0.48006046,0.067119166,0.008176046,0.060801562,0.10769394,0.0074786665,0.012590707,0.013884282,0.0075715575,0.009573286,0.028873766
Himalaya - India/25.discover-himalaya-banner-2(1).jpg,0.06486545,0.024238423,0.04387977,0.025905522,0.04264065,0.06102394,0.041334994,0.07999953,0.10548103,0.14896466,0.019934766,0.019404138,0.034776732,0.018100264,0.017170196,0.08663207,0.05052723,0.11512067
Himalaya - India/25.discover-himalaya-banner-2.jpg,0.031277906,0.048489437,0.02915665,0.023686482,0.093353055,0.08610328,0.08390574,0.10768437,0.037242305,0.0315764,0.027369356,0.06339145,0.042367473,0.05694532,0.046933897,0.029344099,0.03075296,0.13041979
Himalaya - India/25.jpg,0.28498152,0.03578184,0.024552234,0.021466848,0.04294607,0.022056775,0.033879332,0.015581531,0.028671939,0.018508492,0.01888635,0.12355067,0.08363408,0.02184656,0.08335792,0.069461934,0.020540636,0.05029525
Himalaya - India/26.jpg,0.03315399,0.03096068,0.029906744,0.08984228,0.055199444,0.045241203,0.030646803,0.11323044,0.052849606,0.03809796,0.10558729,0.0998488,0.07681231,0.030985296,0.031147594,0.025121283,0.083245106,0.028123159
Himalaya - India/26.stock-photo-kabru-range-and-kanchenjunga-sikkim-himalaya-india-59997805.jpg,0.12344104,0.0020846406,0.0025467123,0.025168523,0.31760523,0.011944331,0.027679533,0.15495561,0.049996987,0.016732413,0.1511695,0.018138414,0.028103344,0.0027722856,0.007045513,0.049570292,0.0072149793,0.0038306485
Himalaya - India/27.jpg,0.0046204464,0.020706946,0.020093199,0.009587313,0.37800428,0.007813808,0.005512648,0.11955646,0.34846774,0.022325883,0.008083181,0.008302464,0.0015792073,0.0013321799,0.007106479,0.011910012,0.0022742276,0.022723481
Himalaya - India/27.liveindia-ganga120(1).jpg,0.0013056468,0.11195105,0.044098336,0.010242874,0.09428093,0.022800358,0.008509325,0.49819362,0.09799336,0.043358132,0.00283355,0.012119661,0.002514148,0.0014604364,0.0038111843,0.01941012,0.017994642,0.0071227197
Himalaya - India/27.liveindia-ganga120.jpg,0.16350412,0.02082288,0.023967074,0.024540689,0.02737492,0.09241234,0.05114572,0.048715975,0.029111983,0.09038647,0.041798756,0.04831941,0.053639676,0.057453148,0.0234611,0.062965535,0.08521414,0.055166017
Himalaya - India/28.Chhota-Shigri-Glacier-5300-m-a.s.l-Copy.jpg,0.007519081,0.057527278,0.024444567,0.010378979,0.17755438,0.02652327,0.01565716,0.46001372,0.10531137,0.016396062,0.008021228,0.0239867,0.004310774,0.0056381244,0.006487425,0.014459504,0.0070760055,0.028694402
Himalaya - India/28.jpg,0.0058403523,0.015486893,0.0041712946,0.032761756,0.07603547,0.041332584,0.0030404,0.37330464,0.036635894,0.009494917,0.21079083,0.14026314,0.005331312,0.012923049,0.009943062,0.0022835785,0.01857426,0.0017867676
Himalaya - India/29.himalayas-India-Luxury-Travel-Ker-Downey.jpg,0.8280188,7.3009805e-06,3.860499e-05,0.00011032034,0.055996213,0.00038479446,0.006811798,0.0071333875,0.010535881,0.001608065,0.010958268,9.361837e-05,0.0018843362,7.5921726e-06,0.00011431475,0.07617928,6.498772e-05,5.246959e-05
Himalaya - India/29.jpg,0.01402018,0.019324552,0.022876017,0.033010688,0.1751665,0.08716253,0.033930253,0.26114795,0.06551771,0.014614791,0.042379312,0.057682496,0.012157863,0.024786614,0.027599638,0.025377396,0.02489124,0.058354385
Himalaya - India/3.himalayas.jpg,0.01940253,0.028811205,0.040430322,0.0066355774,0.054987047,0.057378143,0.07414041,0.36432007,0.014196639,0.02696969,0.006458315,0.018575706,0.025688339,0.040586967,0.020931672,0.018135363,0.02516778,0.1571842
Himalaya - India/30.himalaya-main(1).jpg,0.030468028,0.061464604,0.058923397,0.029996315,0.18309729,0.039432015,0.045886,0.23775594,0.058162406,0.04206581,0.014675291,0.025054809,0.017584536,0.013554236,0.019138878,0.030561768,0.021726705,0.070452
Himalaya - India/30.himalaya-main.jpg,0.084144965,0.028331669,0.023930863,0.036201783,0.051352795,0.07770739,0.076667055,0.0674979,0.035887726,0.05461402,0.03978585,0.06633983,0.0511065,0.065014,0.022214005,0.053298533,0.093259685,0.072645396
Himalaya - India/30.jpg,0.04518155,0.016088331,0.010424931,0.050601754,0.074856326,0.10811273,0.02778173,0.08680953,0.102137834,0.027415276,0.1689459,0.08274642,0.030627102,0.031836238,0.041527968,0.02213624,0.027222874,0.045547295
Himalaya - India/33.dzongri-kangchenjunganational-park-sikkim-himalaya-260nw-56711470(1).jpg,0.08108546,0.014852962,0.009838414,0.040580608,0.08077615,0.07979556,0.12274153,0.16402206,0.013796046,0.022633743,0.025080493,0.084242135,0.018064195,0.034892835,0.020300519,0.029531984,0.026181493,0.1315839
Himalaya - India/33.dzongri-kangchenjunganational-park-sikkim-himalaya-260nw-56711470.jpg,0.0064119166,0.06039246,0.057753813,0.02692041,0.15978281,0.0378873,0.026739528,0.30124244,0.06733786,0.030239582,0.048641462,0.061630655,0.008990666,0.033795547,0.012796143,0.012218526,0.0361647,0.011054136
Himalaya - India/33.jpg,0.03504039,0.053485706,0.012440758,0.06692523,0.1517506,0.03759437,0.051540278,0.107173495,0.055330925,0.055803783,0.059159905,0.05288801,0.021571571,0.017215017,0.07507544,0.07623311,0.01919527,0.051576145
Himalaya - India/34.jpg,0.0061566983,0.003022402,0.0050665066,0.013614279,0.7084911,0.010290494,0.00470777,0.14699699,0.005398491,0.0022742967,0.006025126,0.008911113,0.0063829455,0.0042826287,0.03471031,0.016024396,0.00622174,0.011422559
Himalaya - India/34.lord-shiva_1397.jpg,0.221963,0.013857389,0.026951266,0.017166916,0.13882424,0.03245143,0.020110268,0.069942825,0.05044916,0.031394992,0.01981771,0.030329054,0.028963923,0.008337444,0.026396774,0.20380388,0.0096242055,0.049615555
Himalaya - India/35.0.99008900_1439363192_himalayas_large(1).jpg,0.00927962,0.01850549,0.008128511,0.021714564,0.081131674,0.097273216,0.011068456,0.3567885,0.080568366,0.008236051,0.08480622,0.15485092,0.0045195874,0.022460824,0.0071667214,0.0072458624,0.013989995,0.012265622
Himalaya - India/35.0.99008900_1439363192_himalayas_large.jpg,0.010034975,0.050974477,0.01917775,0.011595532,0.2056515,0.030480733,0.015713634,0.37504184,0.13731472,0.016996536,0.010336159,0.03221091,0.0053183697,0.0056093736,0.00850465,0.019211024,0.0063009597,0.03952684
Himalaya - India/35.jpg,0.1652961,0.0148590235,0.01774175,0.016450718,0.08062129,0.044722237,0.028271439,0.100658156,0.04228012,0.031254865,0.03386208,0.03456934,0.09749876,0.023013081,0.022368373,0.16829894,0.047394563,0.030839168
Himalaya - India/36.himalayas(1).jpg,0.052549217,0.026204674,0.039639816,0.026098294,0.06834749,0.07271096,0.04715934,0.14211643,0.06230934,0.043055072,0.02491353,0.037559457,0.053057335,0.04661112,0.042426616,0.053745158,0.05816533,0.10333076
Himalaya - India/36.himalayas.jpg,0.14142229,0.019237975,0.020158855,0.03627711,0.02592263,0.08280757,0.041706607,0.061560806,0.041125417,0.0898676,0.05149153,0.04885172,0.053650152,0.041762218,0.020852076,0.069851376,0.10263146,0.05082273
Himalaya - India/36.jpg,0.0090456065,0.06790847,0.03187281,0.005663573,0.0730033,0.052311674,0.022053694,0.52317613,0.021704175,0.015549589,0.015082249,0.07657204,0.0051198974,0.03832942,0.005643387,0.005910836,0.011485659,0.019567521
Himalaya - India/37.jpg,0.029077224,0.008397517,0.023260819,0.04386653,0.17677484,0.024306612,0.014599787,0.41441694,0.021589052,0.013111429,0.030640554,0.047099568,0.03414239,0.0107369805,0.020143813,0.028820274,0.03639082,0.022624811
Himalaya - India/38.5d054a2f6fc92022ec20e502-750-375.jpg,0.019787362,0.049401198,0.019286204,0.01660137,0.16986604,0.085800186,0.07245583,0.15808657,0.046946924,0.028211705,0.021125497,0.05949759,0.010658901,0.025958423,0.030319063,0.035340562,0.008956934,0.14169954
Himalaya - India/38.jpg,0.09639119,0.023576826,0.021485291,0.06126912,0.031998865,0.060120635,0.05385066,0.06781216,0.030564267,0.080984555,0.053346872,0.037333217,0.08279198,0.035267945,0.036910992,0.04902023,0.11216129,0.06511382
Himalaya - India/39.Almora-bannerr-1517982696.jpg,0.007342198,0.055010356,0.011428763,0.007137184,0.09104855,0.0659172,0.014677035,0.5401763,0.03304227,0.010530746,0.024119934,0.07293378,0.0052079344,0.02464141,0.0057082693,0.0063096257,0.007805047,0.016963335
Himalaya - India/4.jpg,0.04822707,0.033597574,0.036771294,0.039555103,0.077905655,0.07303667,0.0788357,0.09934847,0.032211743,0.044066347,0.05582451,0.08085497,0.0446803,0.09885553,0.025066629,0.026467994,0.07189091,0.03280359
Himalaya - India/40.21200809141_ca1f587b47_b.jpg,0.019087942,0.046992127,0.044409312,0.028101945,0.1010228,0.09835846,0.05791831,0.13039947,0.11216486,0.033680595,0.04046563,0.043229867,0.016753618,0.02737621,0.034362055,0.03450602,0.032486472,0.098684356
Himalaya - India/40.jpg,0.06747583,0.014421126,0.015896318,0.06829474,0.04617093,0.06813924,0.033134453,0.11824018,0.04412742,0.027813796,0.07503751,0.07384492,0.10130603,0.040246394,0.03870316,0.02152363,0.09781722,0.047807135
Himalaya - India/41.himalaya_signature.jpg,0.057991497,0.071911596,0.060880564,0.060836937,0.07805655,0.062037546,0.062329553,0.03758765,0.03905204,0.044210568,0.06313585,0.056645617,0.035636403,0.050705116,0.05029195,0.06001094,0.06535254,0.043327063
Himalaya - India/41.jpg,0.10008495,0.034302317,0.025069429,0.046876993,0.14855064,0.038743403,0.060045276,0.04969503,0.01979712,0.01743012,0.030230721,0.10795512,0.037180193,0.044494215,0.09566756,0.03531081,0.028212657,0.080353454
Himalaya - India/44.jpg,0.04347327,0.02514432,0.021091191,0.036758788,0.029278662,0.079685204,0.08835685,0.06543143,0.03295223,0.10943132,0.033493448,0.0264278,0.09474739,0.055337634,0.02151199,0.03540483,0.15623276,0.045240894
Himalaya - India/44.the-garhwal-himalaya.jpg,0.073542535,0.04188776,0.02858877,0.04469575,0.07529078,0.08128039,0.07896275,0.06725897,0.032836474,0.055865113,0.045241453,0.068031654,0.032450598,0.07177702,0.02296488,0.053249743,0.07036396,0.05571132
Himalaya - India/45.butterflies_bees_indian_himalayas_c.jonathan-escolar_h3_5271.jpg,0.045851447,0.054987725,0.07369161,0.094919644,0.057535555,0.03599627,0.07538722,0.0884481,0.041724097,0.033023328,0.11145444,0.055525318,0.049768467,0.03730415,0.034403704,0.022153897,0.05179589,0.03602911
Himalaya - India/45.jpg,0.049366694,0.08149405,0.031489078,0.045446564,0.07718033,0.081604466,0.0989064,0.03738394,0.032040495,0.052762315,0.03488039,0.045716327,0.050097376,0.058853768,0.05587396,0.051707264,0.05770754,0.057488963
Himalaya - India/47.indian-himalayas.jpg,0.018869672,0.04724857,0.03202123,0.02647845,0.07901271,0.04370372,0.015772624,0.27023768,0.057262536,0.015851296,0.06764498,0.18713234,0.018249488,0.047844592,0.01796467,0.006153734,0.033162653,0.015388963
Himalaya - India/47.png,0.0442822,0.029192537,0.029021928,0.07721736,0.14412904,0.051763467,0.033333335,0.11168594,0.06074926,0.054469783,0.07701198,0.045111533,0.026254168,0.027529633,0.05897965,0.03381542,0.028749011,0.06670377
Himalaya - India/48.53414521-panorama-of-the-yumthang-valley-in-north-sikkim-himalaya-india.jpg,0.022256188,0.050595384,0.046623457,0.014287272,0.10505936,0.02751053,0.05385574,0.28445578,0.019694058,0.034332085,0.004692077,0.015145794,0.013340272,0.012472432,0.031700283,0.022761365,0.013426965,0.22779092
Himalaya - India/49.deoria-tal-trek.jpg,0.022750722,0.035909228,0.03274662,0.01926743,0.06714115,0.0897813,0.11430935,0.16633777,0.038550746,0.07503061,0.012000798,0.015455851,0.035012253,0.025487352,0.02314556,0.044678345,0.036656618,0.14573833
Himalaya - India/49.jpg,0.00947923,0.07267563,0.43056285,0.0052015893,0.08604208,0.02007594,0.028984569,0.20856316,0.013599737,0.028202768,0.0073567564,0.012627554,0.0039950605,0.026891347,0.003951481,0.008144837,0.021668835,0.011976592
Himalaya - India/5.istock528064966_india_himalayas_800c2400.jpg,0.0054975706,0.16267061,0.01991356,0.008381667,0.121654235,0.053297546,0.023880158,0.30592754,0.15779597,0.02652084,0.0074444404,0.041369144,0.005011052,0.009863438,0.0062603513,0.020133654,0.009478938,0.014899313
Himalaya - India/50.jpg,0.010651195,0.00807764,0.010404473,0.01738863,0.104953006,0.050356146,0.044486787,0.18672949,0.035048343,0.068485744,0.006562302,0.0030720439,0.0078123943,0.006599173,0.018681722,0.046270832,0.015090607,0.35932946
Himalaya - India/50.prayer_flags_india_himalaya.jpg,0.04323573,0.067689,0.067546554,0.038138743,0.108658135,0.054155543,0.066988096,0.091842376,0.044012316,0.041981354,0.03524406,0.08283134,0.027929286,0.060406655,0.03092469,0.038433485,0.042320024,0.05766264
Himalaya - India/51.jpg,0.01923918,0.08689528,0.254947,0.01882544,0.08729503,0.029833617,0.03192073,0.1587345,0.026161645,0.0505002,0.032090824,0.056054134,0.011727668,0.05963498,0.009100048,0.01304083,0.04259229,0.011406547
Himalaya - India/52.jpg,0.28746697,0.009274332,0.035408493,0.015376063,0.1252744,0.018373715,0.009039888,0.08569248,0.07418964,0.0573079,0.03971768,0.04160431,0.03934139,0.0047826073,0.012451694,0.120610476,0.0098623205,0.014225731
Himalaya - India/53.8640194721_97cb10017d_b.jpg,0.023200193,0.09405971,0.018954504,0.026761534,0.06765314,0.033294514,0.025120847,0.25209332,0.09880082,0.03501168,0.016806437,0.089165546,0.051265478,0.020520035,0.052805044,0.025042163,0.04298159,0.026463494
Himalaya - India/53.jpg,0.013860358,0.018116966,0.032861974,0.03344898,0.13437402,0.08929702,0.045541704,0.24547988,0.0431843,0.03223834,0.022234814,0.019571323,0.014217807,0.017709738,0.037292484,0.030079326,0.031501472,0.1389895
Himalaya - India/54.NandaDevisunnylittle_000.jpg,0.018021107,0.00869208,0.0063628107,0.015155499,0.56159854,0.0053983578,0.00642888,0.12557088,0.03416783,0.0032518206,0.01241345,0.08690161,0.013349869,0.0048074424,0.07026795,0.008309036,0.007167726,0.012135115
Himalaya - India/54.jpg,0.020037334,0.021281125,0.03526821,0.030903593,0.2414503,0.039146706,0.031462017,0.2565898,0.019313244,0.011053296,0.019506337,0.04438042,0.02784639,0.02713088,0.05806739,0.023039997,0.026606876,0.06691599
Himalaya - India/55.Satopanth.jpg,0.017489014,0.013263631,0.039602738,0.13048704,0.07816505,0.018367771,0.031119341,0.3059765,0.018909758,0.011865174,0.10065204,0.048231445,0.044150095,0.025535766,0.017148057,0.006619974,0.07691226,0.0155043565
Himalaya - India/55.jpg,0.019733949,0.024136038,0.02160456,0.023746394,0.36139905,0.01247454,0.025650661,0.18664947,0.045307487,0.021376617,0.0062694587,0.025885701,0.009941097,0.0073273005,0.06039236,0.029689236,0.012148739,0.1062672
Himalaya - India/56.jpg,0.017026966,0.03817808,0.015128239,0.02928697,0.08007578,0.051899884,0.011768387,0.29076153,0.03071069,0.01707763,0.17092076,0.14700074,0.010893206,0.029964902,0.019141275,0.006070758,0.025382282,0.008712007
Himalaya - India/57.india-2.jpg,0.07029039,0.0050700735,0.0038081312,0.06504584,0.01624856,0.0797477,0.019474212,0.059518017,0.05476297,0.014658329,0.108482026,0.06855041,0.21882822,0.037243992,0.013903287,0.009089635,0.13814732,0.017130848
Himalaya - India/57.jpg,0.030383259,0.05360755,0.02119054,0.043921154,0.082981914,0.033485077,0.02034821,0.21116102,0.12672345,0.07797161,0.041932944,0.07866683,0.011884256,0.009342482,0.036296323,0.020712404,0.01966335,0.07972755
Himalaya - India/58.beautiful-colorful-panoramic-landscape-taken-gandala-pass-himalaya-mountains-ladakh-india-beautiful-colorful-127475251.jpg,0.11500345,0.017340358,0.011650268,0.03375083,0.08759762,0.041114464,0.033870764,0.0761683,0.052444004,0.03249319,0.07199221,0.114615925,0.03218039,0.020622948,0.104730986,0.014727903,0.014149441,0.12554695
Himalaya - India/58.jpg,0.008063543,0.28518465,0.17463785,0.01288226,0.04532154,0.016569879,0.027234765,0.2056219,0.013109448,0.046966117,0.011387238,0.059504054,0.009911858,0.024438506,0.011401224,0.007355987,0.034757845,0.005651396
Himalaya - India/59.Himalaya-Destination-4.jpg,0.0046360134,0.10586231,0.047458585,0.012691885,0.1585191,0.015197953,0.011635735,0.47772503,0.027560944,0.018916626,0.009218778,0.033466566,0.010459952,0.009764784,0.013322122,0.0116532,0.02604877,0.0058616945
Himalaya - India/6.North-East-India.jpg,0.029862538,0.04241037,0.02167677,0.057827685,0.10476075,0.059167992,0.06698976,0.20290107,0.016886063,0.036288276,0.08011738,0.12452872,0.009635378,0.072979264,0.019587751,0.008335163,0.026333176,0.019711895
Himalaya - India/6.jpg,0.055601954,0.043831676,0.035323422,0.08958033,0.22938107,0.024191497,0.024907527,0.09364085,0.05079029,0.040873643,0.038167924,0.040988058,0.014921806,0.017043816,0.054481126,0.056598112,0.031219775,0.058457248
Himalaya - India/60.jpg,0.014702577,0.0034366825,0.004654634,0.03791773,0.25725716,0.026624037,0.015974445,0.40612766,0.0121317785,0.004321205,0.038177676,0.042647768,0.027791206,0.008730802,0.029140249,0.027878912,0.0323221,0.010163455
Himalaya - India/60.tthim_himalayas.jpg,0.08086383,0.023177585,0.020754809,0.022575386,0.075410776,0.0672268,0.1122888,0.10735046,0.022370443,0.07677953,0.020158699,0.048217088,0.030255426,0.07924837,0.009032994,0.059172772,0.081793815,0.063322455
Himalaya - India/61.1050px-Panoramic_view_of_the_Himalayas_from_Kausani_2C_Uttarakhand.jpg,0.07791692,0.010812956,0.007538836,0.05512524,0.039010495,0.064430885,0.018262882,0.07967242,0.091832615,0.020084511,0.078129895,0.10192981,0.14745235,0.033536732,0.036269765,0.016493766,0.07845351,0.04304645
Himalaya - India/61.jpg,0.051429637,0.030208662,0.03832024,0.035706233,0.08995136,0.06073668,0.077641524,0.1036892,0.03507141,0.042985845,0.03719579,0.052312244,0.04645991,0.056031946,0.042135358,0.041919976,0.06371388,0.094490156
Himalaya - India/62.Pindari-Glacier-Trek.jpg,0.041334238,0.045616556,0.06850115,0.042377,0.058057103,0.03415394,0.07757269,0.09006161,0.04074402,0.1579906,0.017005088,0.016203621,0.040334817,0.024851872,0.033390947,0.06116447,0.07118874,0.07945172
Himalaya - India/63.hangchendzonga-national-par.jpg,0.054712813,0.038536638,0.02652606,0.038345464,0.09441479,0.09884379,0.051284157,0.113938995,0.040944435,0.02962439,0.04705567,0.10329868,0.022794683,0.052877665,0.034377623,0.03294902,0.03392116,0.08555403
Himalaya - India/64.jpg,0.022805553,0.12172042,0.04002966,0.028488593,0.09987467,0.06691381,0.09560742,0.124911085,0.029006768,0.026762232,0.044750478,0.08107503,0.023195973,0.0953551,0.024511967,0.018344609,0.038854625,0.017791992
Himalaya - India/65.jpg,0.0092223175,0.17484494,0.04026609,0.0066926526,0.2908337,0.005708335,0.0040569454,0.3067037,0.04970011,0.046982497,0.0030213029,0.021729834,0.0022123693,0.0015370506,0.009725728,0.016138578,0.0031805814,0.0074432036
Himalaya - India/66.india-trekking-himalaya.jpg,0.015187253,0.0075220587,0.013067629,0.04133439,0.31390804,0.032951977,0.031376813,0.0579402,0.104130246,0.03231323,0.03299302,0.016723402,0.014198417,0.008297409,0.08003872,0.034854364,0.0132585615,0.14990431
Himalaya - India/67.0.23186100_1549439091_gettyimages-687401904.jpg,0.03248152,0.016312819,0.016101655,0.15407263,0.042646386,0.048530392,0.034259055,0.1475108,0.02703911,0.01981371,0.14294852,0.063089676,0.07812704,0.022193074,0.022289585,0.021843651,0.09313604,0.017604327
Himalaya - India/68.himalaya3-2.jpg,0.07605526,0.00011470031,0.0013849294,0.034670826,0.0038564594,0.0069625084,0.74711347,0.041126072,0.0010736515,0.0005098334,0.024617447,0.00016965273,0.014563143,0.010374839,0.0012213857,0.0045579188,0.026332285,0.005295625
Himalaya - India/69.dry-mountain-rang-landscapes-of-the-indian-himalaya-near-leh-ladak-india-P9FDAF.jpg,0.0031612744,0.1419029,0.042038124,0.008089053,0.151691,0.0073164003,0.005675869,0.44603974,0.09666302,0.042568106,0.0018953306,0.016803525,0.0014049779,0.00085367507,0.004320309,0.014105667,0.005099543,0.0103712855
Himalaya - India/7.jpg,0.020006152,0.011495005,0.008932052,0.011172369,0.10078642,0.03020363,0.028453631,0.29420924,0.011093937,0.028539503,0.0034318678,0.016392414,0.006508233,0.0033566796,0.026637139,0.05117078,0.003711507,0.34389955
Himalaya - India/7.pin-parvati.jpg,0.044267606,0.015759164,0.023234522,0.039591484,0.09486705,0.10558999,0.03692592,0.17828675,0.053210843,0.03522384,0.036064323,0.029600957,0.030328805,0.027869841,0.043846007,0.044353027,0.036377814,0.124602064
Himalaya - India/70.jpg,0.0047459616,0.08928263,0.05028374,0.010975472,0.14371675,0.015562303,0.0116602825,0.500101,0.04021025,0.025313834,0.00970464,0.04338702,0.004747641,0.011314393,0.005939276,0.007764,0.011470272,0.013820624
Himalaya - India/70.logo-kedarnath1.jpg,0.025234785,0.018611934,0.0065518827,0.066490814,0.0334101,0.07661799,0.018554004,0.08041149,0.031649023,0.014154258,0.08003919,0.09019071,0.20539355,0.035373177,0.034973558,0.017638195,0.14338896,0.021316247
Himalaya - India/71.eco1.jpg,0.05025439,0.0029446725,0.01315498,0.071775764,0.24475951,0.0482263,0.012165185,0.059939694,0.13034797,0.009919842,0.122636825,0.07020634,0.026689077,0.010700069,0.050941296,0.015980627,0.013823599,0.045533795
Himalaya - India/71.jpg,0.034031063,0.012576511,0.009017589,0.015278832,0.08057363,0.12267868,0.05459434,0.29948765,0.0103524,0.0079501765,0.033350002,0.055670787,0.011208336,0.036688026,0.030157436,0.012497883,0.007753214,0.16613343
Himalaya - India/72.127750177-view-landscape-of-himalayas-or-himalaya-range-mountain-with-confluence-of-the-indus-and-zanskar-rive.jpg,0.04955977,0.028859474,0.04255917,0.03366218,0.14184839,0.057889067,0.08238567,0.13674292,0.031154795,0.0565453,0.0300216,0.03710439,0.022395555,0.037473626,0.020005569,0.06062324,0.057567902,0.07360153
Himalaya - India/73.jpg,0.05714846,0.028128302,0.07739811,0.089179896,0.08108843,0.043653335,0.1165846,0.10627831,0.041625105,0.024599016,0.04555764,0.019243069,0.07235169,0.033778183,0.019362569,0.033544127,0.07263616,0.037842974
Himalaya - India/74.jpg,0.11456866,0.032201976,0.039710928,0.029290337,0.3128828,0.019409558,0.015576107,0.061943725,0.050267193,0.03709631,0.023163809,0.04795592,0.023387522,0.009975792,0.041590102,0.10067207,0.011077677,0.029229429
Himalaya - India/74.panoramic-view-himalaya-mountain-range-as-seen-northeast-india-pelling-mountains-left-to-right-kabru-metres-talung-109135260.jpg,0.03969431,0.038213078,0.033509046,0.035180192,0.10841237,0.07081521,0.067403995,0.1254206,0.039528508,0.04302252,0.045071695,0.04972659,0.032135013,0.055291332,0.034917127,0.035174247,0.058682993,0.08780103
Himalaya - India/75.5f46890b866ec4da0328d1815476bd16_northindia.himalayatour.441.jpg,0.041634955,0.018468361,0.024279578,0.008847092,0.060737595,0.025957849,0.06360054,0.32352215,0.007192587,0.03326783,0.0048220195,0.022273608,0.025051633,0.0133226225,0.033599243,0.043514337,0.019299643,0.23060836
Himalaya - India/75.jpeg,0.04397163,0.0061829314,0.0045838174,0.0058250334,0.08117386,0.10167621,0.20373648,0.25481322,0.0047696647,0.004537644,0.010749364,0.014780546,0.028307417,0.07468805,0.023659036,0.033983584,0.019713283,0.0828482
Himalaya - India/76.jpg,0.017240297,0.035309013,0.011843146,0.024520485,0.14143604,0.082021534,0.012934243,0.23100404,0.14662063,0.032776643,0.071509436,0.10630747,0.0053708283,0.027609924,0.010158836,0.011254532,0.013938865,0.018144118
Himalaya - India/77.Kashmir-Great-Lakes-Trek.jpg,0.014905407,0.014560906,0.012439613,0.026495483,0.57741296,0.014038955,0.013930576,0.11784261,0.009450211,0.0080899075,0.005598149,0.011449663,0.008201587,0.005063266,0.054364316,0.054087777,0.008427372,0.04364117
Himalaya - India/77.jpg,0.014168101,0.07831444,0.043784615,0.02905539,0.10352002,0.10147675,0.07955693,0.14886396,0.0950798,0.05346943,0.015406428,0.0270253,0.012967074,0.019150693,0.019040888,0.04526217,0.026183296,0.08767478
Himalaya - India/78.1200px-Kabru_Complex.jpg,0.13158374,0.0208028,0.013274093,0.046952423,0.030510766,0.08396483,0.0746156,0.047550015,0.021825239,0.07925206,0.032011293,0.039325885,0.07312011,0.041426208,0.020068806,0.05996599,0.124490775,0.0592594
Himalaya - India/79.Kanji-La.jpg,0.020344244,0.011056062,0.007054837,0.041659594,0.08424756,0.1103626,0.015115694,0.21603978,0.054825213,0.008669486,0.095854364,0.17603828,0.02683729,0.021357257,0.022463618,0.011747445,0.021443358,0.054883275
Himalaya - India/8.jpeg,0.023587063,0.08492185,0.062217135,0.025552342,0.08058233,0.03974615,0.027980108,0.25658005,0.056171566,0.038979348,0.020419735,0.0790027,0.029593918,0.023461688,0.035290916,0.021933848,0.03606615,0.057913054
Himalaya - India/80.jpeg,0.03220566,0.0052450052,0.007988146,0.06718196,0.10196459,0.066898435,0.026217476,0.022644047,0.059002616,0.023687119,0.3995281,0.042451195,0.021688037,0.018377297,0.050353393,0.011619049,0.019403784,0.023544187
Himalaya - India/81.indian-himalaya-panorama.jpg,0.07215234,0.021093529,0.033346094,0.04430501,0.070656985,0.05296651,0.07917869,0.112470746,0.02314388,0.08996329,0.03770434,0.030083396,0.03624933,0.039541937,0.023439083,0.053364072,0.09002009,0.0903208
Himalaya - India/81.png,0.018562106,0.015315411,0.014815847,0.024478544,0.2506956,0.032031596,0.018888595,0.25732106,0.02878455,0.012066645,0.04527756,0.08829118,0.030239878,0.018543001,0.060196843,0.02652573,0.036217846,0.02174802
Himalaya - India/82.jpg,0.0019091232,0.059180938,0.034832235,0.016750403,0.09160109,0.027291805,0.0067086234,0.5812101,0.046117917,0.032533087,0.017733082,0.030927457,0.0027650755,0.0068048486,0.004973679,0.0065607657,0.027907882,0.0041920077
Himalaya - India/84.jammu-3396131_960_720.jpg,0.03863273,0.07524981,0.046393428,0.03380952,0.1690395,0.059270732,0.069808364,0.06881515,0.038428046,0.021562867,0.037793577,0.09089763,0.022817263,0.06665844,0.039970566,0.04000947,0.03599165,0.044851284
Himalaya - India/84.jpg,0.011817874,0.0054503945,0.010159208,0.02488889,0.3024712,0.025104843,0.01650261,0.4149947,0.008334178,0.004006428,0.021422017,0.032356694,0.02062037,0.011249077,0.027781526,0.02277749,0.022950383,0.017112158
Himalaya - India/85.jpg,0.25186044,0.028067524,0.055389177,0.010911554,0.03217329,0.049912665,0.057754338,0.03550329,0.015144383,0.12937497,0.010975695,0.023601785,0.06296502,0.06278701,0.018286787,0.062473293,0.042246792,0.05057203
Himalaya - India/86.jpg,0.038130555,0.020792117,0.00704172,0.07399691,0.10062964,0.058382813,0.016643332,0.17031342,0.032544304,0.031293903,0.08912004,0.1207273,0.0461974,0.01162622,0.034652412,0.07579683,0.048931517,0.023179594
Himalaya - India/88.pic1.jpg,0.14133157,0.00654907,0.01621944,0.0033975802,0.51421696,0.0063230824,0.0035318143,0.020265961,0.03372962,0.010690943,0.0029461205,0.011367319,0.007768233,0.0009807751,0.018459203,0.18986991,0.0014527481,0.010899612
Himalaya - India/89.banner-1.jpg,0.086254306,0.016387159,0.007845994,0.07597642,0.09616989,0.048792228,0.03031323,0.040577948,0.079181135,0.027156925,0.15444022,0.10454409,0.0346278,0.017855037,0.08810016,0.027473483,0.031893253,0.032410722
Himalaya - India/89.jpg,0.027592469,0.014060833,0.016356794,0.059431095,0.049686138,0.13724588,0.052287985,0.04150963,0.12585326,0.052856896,0.1671615,0.027708128,0.02529787,0.023170557,0.031292617,0.0448207,0.06113402,0.042533644
Himalaya - India/9.jpg,0.03474265,0.07151979,0.046131294,0.050807964,0.11310241,0.08398587,0.07135297,0.047415312,0.06416265,0.03661827,0.05603945,0.048415728,0.02282732,0.03532436,0.05827311,0.055867605,0.03981448,0.06359864
Himalaya - India/9.pdhpvqzeuf-1465986681.jpg,0.03372358,0.15527038,0.051158365,0.03340885,0.06327263,0.050234426,0.06439664,0.11163531,0.034532133,0.052879684,0.038200352,0.13898204,0.0134866,0.07216632,0.014993779,0.016305339,0.025515381,0.029838236
Himalaya - India/91.jpg,0.058636982,0.01773186,0.023585726,0.025144516,0.06407559,0.088283524,0.07493711,0.1271851,0.033756595,0.04445739,0.03107143,0.062236354,0.056955412,0.069288395,0.030587792,0.03927785,0.06796384,0.08482451
Himalaya - India/91.kabru-range-kanchenjunga-sikkim-himalaya-260nw-57145231.jpg,0.022226812,0.008847608,0.015988328,0.04102642,0.252666,0.039299026,0.015377056,0.30772668,0.026098277,0.009935766,0.026941206,0.036528856,0.02689805,0.01414824,0.049897943,0.034436382,0.029575396,0.04238193
Himalaya - India/92.jpg,0.025390042,0.050720815,0.028507207,0.029107835,0.14346658,0.08403953,0.078736715,0.17297934,0.023860885,0.01937793,0.034102928,0.06867641,0.012954282,0.13469335,0.016681919,0.017471312,0.028939368,0.030293522
Himalaya - India/96.jpg,0.0515372,0.044696786,0.02299138,0.02643052,0.06334557,0.07832667,0.03143185,0.08885487,0.03932508,0.016094657,0.054386165,0.17933936,0.047508594,0.036822513,0.05559101,0.015617833,0.016647602,0.13105235
Himalaya - India/98.jpg,0.061749175,0.0037975477,0.011630402,0.0737025,0.1086089,0.10553593,0.023077311,0.08268298,0.03682503,0.012695306,0.22841333,0.06444414,0.034922715,0.026741035,0.044636585,0.013521127,0.028725138,0.038290855
Himalaya - India/99.jpg,0.0030559634,0.0077048684,0.0024891137,0.01429087,0.068703726,0.06325715,0.0047279377,0.062285077,0.6580238,0.010304848,0.036739573,0.018800588,0.0040250216,0.002086283,0.007145107,0.021239802,0.006159053,0.008961288
Machu Pichu/1.latin-america-peru-machu-picchu-unesco-world-heritage-site.jpg,0.010985058,0.0015431341,0.0030269613,0.040867787,0.11212883,0.080190346,0.008175045,0.014490319,0.4832946,0.014349155,0.14593181,0.010082238,0.005153188,0.0023679258,0.012986032,0.023528226,0.006482173,0.024417197
Machu Pichu/10.jpg,0.046723947,0.0344105,0.02210424,0.089958966,0.066314414,0.0778795,0.05173236,0.050728533,0.04588339,0.050547082,0.15054756,0.04752871,0.035543602,0.048744377,0.04906103,0.030948406,0.05715356,0.044189844
Machu Pichu/10.top-destination-machu-picchu-1.jpg,0.0052383156,0.0063221315,0.016966077,0.044500038,0.121089876,0.013514236,0.024208074,0.012047109,0.53620094,0.10659901,0.03470696,0.0056707226,0.0028754012,0.0023930802,0.012300399,0.014921096,0.0132003855,0.027246168
Machu Pichu/100.jpg,0.035183925,0.051303715,0.03142207,0.037267037,0.060925517,0.10291843,0.04150918,0.11872273,0.114484146,0.032207526,0.055216737,0.07912968,0.03468474,0.04591327,0.028729834,0.034282032,0.049187418,0.046912033
Machu Pichu/102.jpeg,0.0053724637,0.0019533874,0.008040418,0.031313416,0.06241124,0.033380024,0.01380138,0.0064857295,0.6533984,0.03466645,0.070762135,0.00398717,0.004137589,0.0015120022,0.010036523,0.022431152,0.013764693,0.022545736
Machu Pichu/104.jpg,0.027215721,0.005701452,0.003587031,0.04523521,0.032597467,0.065519616,0.018067004,0.008364831,0.08198755,0.084450856,0.441579,0.025170866,0.026070114,0.027755234,0.04050666,0.013082268,0.042785533,0.010323636
Machu Pichu/105.jpg,0.036048535,0.04157507,0.1757711,0.04280714,0.061241545,0.065980494,0.041997988,0.098404214,0.06286832,0.085781075,0.022089474,0.02296298,0.01631707,0.014303843,0.020244727,0.05130838,0.05871006,0.08158792
Machu Pichu/106.jpeg,0.038670618,0.10895973,0.041791826,0.04713599,0.07464998,0.08605284,0.06302746,0.034607556,0.05141772,0.047947932,0.066034965,0.058656707,0.032889783,0.057196468,0.047227446,0.04426482,0.046076477,0.053391695
Machu Pichu/108.jpg,0.018243855,0.0060949223,0.015008039,0.010609488,0.03200621,0.008743618,0.009117964,0.0036437316,0.18164483,0.609853,0.040026598,0.0046440233,0.0043533863,0.0065084123,0.015599113,0.013493925,0.011180468,0.009228356
Machu Pichu/109.jpg,0.010164365,0.0012388927,0.0009108276,0.024011249,0.03623767,0.010028407,0.0058638267,0.0014393736,0.7555839,0.015132629,0.044239998,0.007349365,0.023924509,0.0011150816,0.03813418,0.009778835,0.006815402,0.008031302
Machu Pichu/11.large_gLB3MNqnwx9JgPCfOqykKWZ_TJjuKU593UjJkVRoEXk.jpg,0.0032465109,0.000113411545,0.00039813493,0.013694753,0.017280672,0.008895449,0.004045044,0.0004220744,0.20462132,0.009738126,0.7240779,0.0016189151,0.001493766,0.0011996458,0.0044731833,0.0005570495,0.0033211866,0.0008027674
Machu Pichu/112.jpg,0.2624899,0.025916256,0.04262216,0.028668094,0.072794095,0.02999331,0.015988763,0.02142749,0.16334112,0.057346825,0.050075594,0.043989692,0.055976078,0.0111690555,0.030232104,0.048749376,0.00879505,0.030425096
Machu Pichu/113.jpg,0.031365156,0.022999784,0.10010434,0.13942903,0.03649035,0.018787472,0.1483074,0.04278837,0.068345234,0.014827457,0.20673065,0.021111133,0.03326664,0.01960013,0.015878877,0.0063297832,0.05857023,0.015067973
Machu Pichu/12.istock_000034717900_machu_picchu.jpg,0.02209686,0.018372357,0.02422567,0.037443247,0.056385443,0.12791921,0.054484926,0.044937316,0.19011529,0.05486316,0.09252049,0.023544015,0.024026027,0.020457137,0.03213624,0.05590378,0.059960924,0.060607865
Machu Pichu/13.Machu-Picchu.jpg,0.0064397026,0.00017638155,0.0009579819,0.035399828,0.02735091,0.024832156,0.004006784,0.00091820915,0.37909704,0.0051286756,0.4874561,0.0038844105,0.005475163,0.0012468733,0.005577825,0.0025132312,0.0070404727,0.0024982884
Machu Pichu/13.jpg,0.021999273,0.016377239,0.04960136,0.05317495,0.03818871,0.13672328,0.06934791,0.023981676,0.19075787,0.052865885,0.08796004,0.013219776,0.021953242,0.012621812,0.021230094,0.06455828,0.07364266,0.05179586
Machu Pichu/14.Ciudadela.jpg,0.06451132,0.071331404,0.035909146,0.06735685,0.059246417,0.07723743,0.041120317,0.047611635,0.04131533,0.055167515,0.09076619,0.06532987,0.03266631,0.04743098,0.056536984,0.039123327,0.059207037,0.04813202
Machu Pichu/15.jpg,0.0294715,0.013740494,0.0124773765,0.049944405,0.09378572,0.055594843,0.01805941,0.02810611,0.38630006,0.04914676,0.040729783,0.023560017,0.015251793,0.0044348906,0.027992366,0.07164526,0.012702517,0.06705666
Machu Pichu/15.panoramic-view-of-Machu-Picchu-in-Peru.jpg,0.005465079,0.010064384,0.0035969287,0.023661876,0.08918029,0.053679854,0.008844626,0.038397584,0.60975564,0.024399856,0.02361717,0.012277891,0.005008739,0.0015490266,0.013992173,0.04761447,0.007859165,0.021035286
Machu Pichu/16.jpg,0.084600694,0.023784194,0.0088456925,0.07200838,0.029833525,0.08048063,0.064666055,0.028214963,0.060289007,0.07893675,0.043696582,0.03468909,0.09259381,0.03230397,0.042652465,0.08635555,0.09840754,0.03764113
Machu Pichu/16.machu_sf19_big.jpg,0.15921383,0.056603745,0.054636933,0.017547267,0.14877719,0.02997059,0.019176235,0.028786762,0.08536726,0.041272353,0.029996978,0.053282853,0.051999114,0.008323675,0.04498667,0.12601517,0.026115496,0.017927846
Machu Pichu/17.jpg,0.17702915,0.004857511,0.0029645436,0.018709991,0.11116791,0.012327079,0.002328532,0.036901895,0.15001547,0.0067545674,0.040058393,0.15199506,0.18391146,0.005864705,0.06074628,0.009738479,0.017736962,0.006892087
Machu Pichu/18.jpg,0.021675672,0.35536143,0.021547152,0.023831828,0.11456911,0.0075408146,0.01896181,0.046161294,0.031321395,0.03974549,0.019135684,0.098982885,0.014940977,0.010687498,0.14397258,0.009412553,0.0076959897,0.014455841
Machu Pichu/18.salkantay-Trek-to-Machu-picchu.jpg,0.011156428,0.0027086977,0.0065809875,0.02286673,0.14601439,0.0035405403,0.006128012,0.0030461228,0.7007971,0.02076203,0.01982774,0.004574547,0.0038253425,0.0006164709,0.016228847,0.0101892855,0.0018956434,0.019241113
Machu Pichu/19.Machu-Picchu-willian-justen-de-vasconcellos-798x338.jpg,0.14814247,0.028267728,0.0085688075,0.031724975,0.061255693,0.010873692,0.014429009,0.056723054,0.0801351,0.008980523,0.03407517,0.2351656,0.08400257,0.008727252,0.13949662,0.007253609,0.015398298,0.026779918
Machu Pichu/19.jpg,0.15773703,0.010409285,0.04688649,0.025722763,0.38600165,0.029826278,0.009576601,0.01069384,0.090435065,0.019922432,0.034839276,0.020119073,0.013082074,0.003739216,0.025819601,0.08568965,0.004167671,0.025332157
Machu Pichu/2.jpg,0.0023286303,0.00446624,0.01470372,0.03345157,0.21414143,0.011089317,0.0104971165,0.01222599,0.57961243,0.035337582,0.017865535,0.0017284073,0.0017248801,0.00042014502,0.0068522557,0.027844522,0.0054198382,0.020290386
Machu Pichu/2.png,0.0664134,0.08229454,0.026671926,0.03205614,0.14770001,0.022865202,0.018723963,0.07065666,0.19907315,0.055435173,0.007506618,0.04453046,0.015903654,0.002930562,0.038033992,0.07506834,0.006813018,0.08732332
Machu Pichu/20.jpg,0.013995049,0.01752634,0.009397707,0.018546054,0.14870065,0.0018304631,0.0055011073,0.0050631813,0.63443387,0.062041692,0.005239793,0.007882618,0.0020426866,0.0005468546,0.027103776,0.010184418,0.001138986,0.028824747
Machu Pichu/21.jpg,0.0047846218,0.007007729,0.0075067068,0.022609156,0.079667024,0.048505828,0.023828713,0.013495177,0.56458086,0.04237289,0.019483037,0.0041688858,0.003910528,0.0011958077,0.012906159,0.07347679,0.0075406274,0.06295955
Machu Pichu/21.machu-picchu-facts.jpg,0.0028107294,0.001321513,0.0023977526,0.02034515,0.0794589,0.006158874,0.0051829945,0.002925665,0.77847123,0.040116467,0.022379424,0.00204846,0.0010846098,0.00042471458,0.00691147,0.0076568867,0.0024430242,0.017862178
Machu Pichu/22.jpg,0.103118815,0.017111797,0.07185884,0.012643047,0.34052664,0.013364905,0.0061473106,0.013909846,0.22771104,0.0707705,0.0075802812,0.0070958966,0.0049106474,0.0020857605,0.0072281687,0.073981546,0.004770044,0.015184977
Machu Pichu/22.the-magic-of-machu-picchu.jpg,0.02835799,0.01484631,0.034662507,0.03804551,0.1243878,0.0388091,0.037949283,0.037296068,0.29080975,0.0802208,0.06251316,0.018134514,0.0126700895,0.0077926912,0.042910818,0.03834278,0.0245645,0.06768629
Machu Pichu/23.jpg,0.004392273,0.0010695552,0.0018513349,0.019073851,0.0826255,0.00834079,0.002898181,0.0063349353,0.7836565,0.007969884,0.042978533,0.007858263,0.004348182,0.00083389686,0.009328774,0.0051450892,0.0034582,0.0078365235
Machu Pichu/23.visitors-machu-picchu-2018-44-1553004744.jpg,0.07751905,0.009317238,0.009947618,0.016842596,0.51609534,0.0030647877,0.004554818,0.025650974,0.1795044,0.014877205,0.027310785,0.036539916,0.01751754,0.0013398613,0.031712767,0.020581959,0.0058522183,0.0017710392
Machu Pichu/24.1.jpg,0.013426714,0.004704669,0.026660083,0.03870387,0.091029875,0.035810202,0.014790492,0.0051494474,0.58673584,0.037701603,0.045614988,0.0051516574,0.008671923,0.0020191418,0.010465524,0.038012896,0.010149581,0.025201559
Machu Pichu/25.jpeg,0.06650493,0.06184739,0.036110163,0.04604234,0.07406916,0.072978735,0.07290226,0.0474575,0.03728368,0.053234115,0.047288224,0.06937395,0.036024474,0.07493959,0.029907677,0.054426674,0.06733575,0.052273337
Machu Pichu/25.machu-picchu-trek.jpg,0.1075197,0.1132968,0.035893727,0.00672659,0.0139564,0.04203093,0.03795912,0.017142558,0.030153695,0.06290086,0.0064607817,0.018186932,0.27874002,0.044167545,0.066077,0.036566943,0.069511354,0.012709165
Machu Pichu/26.shutterstock_574021051-machupicchu.jpg,0.0016997772,0.002040979,0.0013886078,0.009573319,0.08224915,0.013459656,0.0037090383,0.013976008,0.7957653,0.018103274,0.029025458,0.0043271896,0.0011395811,0.0006020277,0.0051313653,0.00805526,0.0027405582,0.007013458
Machu Pichu/27.jpg,0.008230147,0.006395741,0.009796189,0.017734878,0.080475286,0.0029212385,0.0076363552,0.003061182,0.63091266,0.1398014,0.017349454,0.0049172393,0.0050030123,0.0020635843,0.035111453,0.0065349354,0.004410251,0.01764505
Machu Pichu/28.000_FO9T9-750x375.jpg,0.0056333076,0.00053010625,0.0007212531,0.03757223,0.05019282,0.025825795,0.005357813,0.0020254124,0.47339818,0.0243733,0.31781784,0.005320737,0.007099107,0.002203352,0.018904693,0.0061552804,0.009479733,0.007389024
Machu Pichu/28.jpeg,0.24626632,0.024331257,0.01107817,0.00818162,0.43898693,0.0012149443,0.0013299328,0.0049608336,0.11859599,0.02053294,0.0059801023,0.02719692,0.012346098,0.0006421158,0.04147759,0.033663496,0.0008416243,0.0023732483
Machu Pichu/28.jpg,0.008053577,0.06790526,0.07462524,0.031547293,0.070755385,0.03983004,0.033346035,0.14279634,0.32426846,0.04758142,0.014239504,0.038972303,0.008782242,0.0068701166,0.008106452,0.023659373,0.026677487,0.031983454
Machu Pichu/29.jpg,0.007345396,0.0016615507,0.0016240192,0.051349085,0.0657094,0.040822428,0.006064184,0.010202231,0.41635722,0.008310398,0.29730463,0.024959167,0.01694345,0.0044166413,0.018539364,0.005933364,0.017360408,0.005097087
Machu Pichu/3.twenty20_2f8c587e-94d4-46d6-a2d3-8184a5f8ad29-1400x500.jpg,0.41594824,0.0123679945,0.02727375,0.008085405,0.2482798,0.009058074,0.005256226,0.0050785807,0.116371796,0.03654752,0.0066905697,0.0131951915,0.0076497183,0.0034408504,0.008029091,0.06701654,0.0020468233,0.007663504
Machu Pichu/30.macchu-p_1024x1024.jpg,0.015026297,0.0013983563,0.0021997038,0.033883967,0.08219852,0.013703112,0.004643447,0.0020307223,0.7106697,0.027293209,0.050279576,0.0041520232,0.0073279007,0.0009865038,0.016243506,0.014630201,0.0030001483,0.0103330845
Machu Pichu/31.new-regulations-for-machu-picchu-peru-725x320.jpg,0.031888805,0.032150753,0.015291911,0.04864722,0.111879155,0.04072285,0.020482568,0.02611261,0.21985115,0.07401891,0.006930351,0.010093379,0.009736321,0.0022413707,0.026634596,0.18613721,0.008138373,0.1290424
Machu Pichu/33.Machu-Picchu.jpg,0.041027945,0.016439045,0.004534018,0.008147698,0.7713582,0.0020456458,0.0019240986,0.013442907,0.016491499,0.008008194,0.0024941063,0.01216643,0.0025069907,0.000514655,0.038634375,0.05267045,0.0005720233,0.0070217256
Machu Pichu/34.Machu-Picchu-Llama.jpg,0.15292631,0.028331954,0.06317748,0.021587126,0.17016417,0.008188909,0.0087726135,0.08025828,0.10147866,0.121151775,0.06417672,0.07436233,0.032856584,0.006273377,0.015937047,0.03176095,0.008742278,0.009853448
Machu Pichu/34.jpg,0.012517629,0.004542326,0.008321197,0.054170277,0.10365265,0.051742394,0.020040333,0.011246103,0.49613345,0.02933219,0.0573538,0.009348878,0.009194169,0.0023195609,0.022741098,0.04669873,0.013016217,0.04762893
Machu Pichu/35.THINGS-TO-KNOW-BEFORE-YOU-GO-TO-MACHU-PICCHU_HEADER-IMAGE-750x375.jpg,0.009245718,0.036390007,0.014254836,0.02489004,0.21964602,0.05147923,0.038407423,0.03615012,0.27821243,0.044722557,0.010830934,0.009435284,0.0071507166,0.0041544237,0.029597247,0.11480313,0.008833102,0.061796766
Machu Pichu/35.jpg,0.04018415,0.08030103,0.019895157,0.04640749,0.09182541,0.09652424,0.04476466,0.049297802,0.097319655,0.059765548,0.08772401,0.04833182,0.021370837,0.033000063,0.0485858,0.05406584,0.02624278,0.054393813
Machu Pichu/36.jpg,0.069216385,0.0726085,0.027571693,0.04947542,0.065679744,0.0765442,0.059765622,0.051459752,0.06479343,0.11976807,0.06568736,0.051118612,0.017025685,0.05262149,0.025011633,0.060828682,0.041253,0.029570652
Machu Pichu/36.per_machupicchu_is_000015090741x_fromted12.jpg,0.04054998,0.0032144545,0.004908336,0.07372495,0.11544356,0.039353963,0.020808997,0.0049019787,0.2878172,0.017098151,0.18586281,0.025811765,0.025449302,0.0041897106,0.066801265,0.035061248,0.019109236,0.029893002
Machu Pichu/37.jpg,0.09652155,0.0118255345,0.009944874,0.05940534,0.097228006,0.053102646,0.028175948,0.01160895,0.10376149,0.028073726,0.15664542,0.068962,0.04538053,0.017479116,0.10441296,0.042191185,0.023249831,0.04203098
Machu Pichu/37.lifelist-machupicchu-631.jpg,0.44651237,0.0027282885,0.0010084315,0.00083871547,0.17902265,0.0018819537,0.0011868575,0.00025603804,0.20752119,0.016156908,0.0185141,0.02121422,0.02936282,0.0003254724,0.054710053,0.017488278,0.0010269391,0.00024471138
Machu Pichu/38.jpg,0.021193113,0.053110413,0.008355555,0.0384861,0.13767849,0.0041731307,0.0046540587,0.007908445,0.41207716,0.19231401,0.0040702005,0.005649445,0.0036162827,0.0007687517,0.051854044,0.029964544,0.0021622991,0.021964015
Machu Pichu/38.sacred-valley-machu-picchu-2-days-machu-picchu.jpg,0.051592495,0.10385215,0.032520127,0.045977615,0.07106084,0.0800822,0.07198788,0.029926704,0.062433325,0.04504416,0.05747873,0.0822321,0.028224073,0.04812277,0.04725199,0.05685633,0.033825193,0.0515313
Machu Pichu/39.560x250.jpg,0.040725734,0.019421147,0.023207814,0.0553769,0.1202944,0.042887393,0.03475546,0.045526404,0.11846753,0.05456547,0.07900199,0.042480893,0.03650017,0.021235522,0.09497032,0.040762313,0.03479598,0.095024444
Machu Pichu/4.Diferencia.jpg,0.0019288915,0.00071346905,0.001075082,0.020985898,0.0671313,0.07341977,0.0041391994,0.014149704,0.48537925,0.004800816,0.2879185,0.012488324,0.0030934913,0.0025181465,0.004267335,0.005505683,0.00728775,0.0031973575
Machu Pichu/4.jpg,0.0027574345,0.0018741525,0.003382643,0.0038224102,0.034968812,0.0008188671,0.0024304076,0.0015808872,0.8921428,0.031878635,0.001461936,0.0007695435,0.00064651604,9.609359e-05,0.00517744,0.0043167793,0.000595195,0.011279409
Machu Pichu/40.jpg,0.12087153,0.03460053,0.02266423,0.06122908,0.0791066,0.049100198,0.031227006,0.040195905,0.056489725,0.02850248,0.08259509,0.09229012,0.054394178,0.026020298,0.07991031,0.045402538,0.045071855,0.05032839
Machu Pichu/41.Machu-Picchu-by-Michael-Mong-1024x313.jpg,0.0498828,0.037859835,0.028006835,0.07295325,0.056511946,0.09251618,0.046414223,0.039589096,0.0670394,0.04923114,0.11315655,0.05192021,0.044330172,0.03603364,0.057832323,0.049359582,0.05424622,0.053116728
Machu Pichu/41.jpg,0.15353428,0.041289143,0.020847114,0.048228327,0.07172979,0.032115165,0.033033095,0.023146853,0.05494913,0.027727662,0.050864346,0.12491333,0.04563631,0.020612141,0.122035176,0.046014164,0.022742745,0.060581226
Machu Pichu/42.cusco-machu-picchu-valle-sagrado.jpg,0.046552096,0.10056433,0.012846105,0.052143075,0.063754074,0.098083526,0.08361474,0.011358197,0.064609565,0.05504214,0.05366701,0.04055084,0.047652405,0.039904248,0.08648738,0.0674958,0.03889958,0.03677494
Machu Pichu/42.jpg,0.007137912,0.008930464,0.0058192187,0.033297583,0.10141704,0.05161975,0.011119493,0.0227207,0.5281821,0.032893155,0.031853028,0.009166677,0.0043961685,0.0009458383,0.017025715,0.08459662,0.0065665278,0.04231209
Machu Pichu/43.10-things-you-didnt-know-about-machu-picchu-725x320.jpg,0.08791471,0.030258158,0.025920566,0.08109089,0.087332085,0.046728425,0.038962126,0.062351607,0.07029767,0.08561762,0.025231417,0.05944696,0.030545281,0.01824034,0.020390308,0.08886017,0.032675717,0.108135946
Machu Pichu/43.jpg,0.04745804,0.0050704386,0.008006831,0.054256197,0.109412946,0.030480746,0.017156916,0.0068786037,0.3557982,0.028583271,0.10982109,0.024469107,0.035525024,0.00610894,0.07154309,0.031679038,0.01575425,0.041997265
Machu Pichu/44.day03_adobestock_62846316.jpg,0.07727684,0.023641152,0.035846,0.038580973,0.09728624,0.028779538,0.034876067,0.018359132,0.22601463,0.09517098,0.05114714,0.027865436,0.022813484,0.011312798,0.03737434,0.1121091,0.032298837,0.029247323
Machu Pichu/45.jpg,0.10483702,0.032415424,0.023983633,0.04425293,0.053452246,0.06933196,0.033932585,0.024729164,0.05546423,0.032129973,0.08209818,0.08793657,0.08405605,0.03576708,0.09179507,0.041113023,0.044518176,0.05818669
Machu Pichu/45.machu-picchu-attraction1.jpg,0.028921543,0.022943836,0.043694373,0.06541605,0.09601082,0.061511524,0.021765847,0.09264814,0.19709258,0.061168015,0.04003104,0.030721325,0.009352763,0.0032826357,0.022506753,0.05951843,0.017839577,0.1255748
Machu Pichu/46.GettyImages-680837425feature.jpg,0.08386551,0.03906371,0.02471673,0.012177443,0.48203653,0.0015465682,0.0019532824,0.013356052,0.1645465,0.056815203,0.019776369,0.035836402,0.0083526755,0.0010220091,0.034332052,0.01691831,0.0014331039,0.0022514453
Machu Pichu/47.amazon-voyage-extension-machu-picchu.jpg,0.032417882,0.01400687,0.0143845575,0.044626907,0.112071574,0.10107384,0.015462434,0.16286077,0.1453065,0.02691249,0.06323958,0.05668,0.01815853,0.0118009485,0.03332116,0.035883114,0.018358562,0.09343432
Machu Pichu/49.inca-e1508989539381.jpg,0.011921652,0.0058082817,0.014548621,0.024148362,0.08460521,0.010538258,0.01683144,0.0029746227,0.5366043,0.17652288,0.0421296,0.006247907,0.0048282063,0.0027676485,0.017231029,0.017867168,0.008932763,0.015492097
Machu Pichu/5.jpg,0.15782422,0.018053558,0.034173425,0.0298371,0.19192375,0.043179322,0.011859133,0.01785983,0.21922582,0.07443358,0.018346785,0.014625713,0.010948256,0.004896198,0.008982199,0.0891304,0.0052897604,0.049410854
Machu Pichu/5.machu-picchu-how-to-get-there.jpg,0.11763717,0.06024578,0.05626168,0.05036037,0.07424495,0.04754929,0.053492147,0.042130306,0.078249454,0.06694619,0.04317596,0.060130864,0.03823659,0.02898657,0.052227743,0.048438914,0.027231121,0.054454844
Machu Pichu/50.jpg,0.22486667,0.033324886,0.017389176,0.008318996,0.111666955,0.018561713,0.008624731,0.06149169,0.09032993,0.077220134,0.011969863,0.038186282,0.05077686,0.0033967586,0.02707638,0.1924752,0.011811321,0.012512433
Machu Pichu/50.machu-picchu-cusco.jpg,0.0045177024,0.73390347,0.0011912689,0.006106453,0.030876925,0.0054409816,0.006864409,0.014478174,0.024218265,0.06474858,0.004881429,0.032077234,0.0033244218,0.0025108592,0.059096813,0.0029155002,0.0017671417,0.0010803578
Machu Pichu/51.003690_20Machu_20Picchu_2C_20Peru_013_Laura_20Mason_Personal_20Trip_May_202013.jpg,0.004888464,0.00093447266,0.0018155298,0.015756559,0.050142225,0.0071510407,0.003650291,0.0014056753,0.8152672,0.018306267,0.039655495,0.0028317298,0.0050993944,0.00071518007,0.013218177,0.0070650936,0.0029566213,0.00914043
Machu Pichu/52.Machu-Picchu-Peru-328641-950px-16x7.jpg,0.017271005,0.04358284,0.17471611,0.039174274,0.07577136,0.05672006,0.045874633,0.08243987,0.1911562,0.060038336,0.027082862,0.030450769,0.011019866,0.015282243,0.009150849,0.03209016,0.043222472,0.044956133
Machu Pichu/52.jpg,0.14639574,0.09082459,0.028023828,0.007913762,0.07010796,0.015320288,0.008179553,0.07188982,0.1475252,0.096992455,0.0062947776,0.035638694,0.12967938,0.0057957256,0.037588164,0.064753376,0.029713748,0.00736291
Machu Pichu/53.MapiGratis-1240x500-o3exvht1sg1b3cmc37xm4fuaf08aljfk0xns74db48.jpg,0.49015775,0.0073436946,0.012401893,0.003982585,0.19465637,0.0070371563,0.0033099533,0.007896511,0.10647876,0.037389502,0.006218065,0.017184148,0.007823109,0.0018089442,0.0056914575,0.08126208,0.00086427806,0.008493722
Machu Pichu/53.jpg,0.079198554,0.017277535,0.0060254284,0.032462608,0.3150252,0.030100852,0.03419491,0.008857114,0.038612243,0.02020744,0.014378354,0.046525955,0.012573266,0.005293924,0.10269177,0.13149704,0.0048932135,0.10018456
Machu Pichu/54.Full-days-exploring-machupicchu-2.jpg,0.01484131,0.0037409996,0.0031371808,0.02480306,0.19644342,0.0690753,0.009454749,0.043275777,0.3459648,0.022839336,0.12750769,0.026777545,0.009934637,0.007409931,0.03105348,0.022395,0.0068576,0.034488123
Machu Pichu/54.jpg,0.18650433,0.010300674,0.08773857,0.016855096,0.1004493,0.016418224,0.007209741,0.0142697785,0.4115865,0.034922633,0.032611556,0.013296651,0.0153225,0.002843791,0.0077191475,0.020906512,0.0050495565,0.015995275
Machu Pichu/55.jpg,0.0866784,0.017673897,0.015866278,0.039329737,0.15954432,0.011765822,0.020386392,0.017923787,0.30146036,0.015927102,0.016648794,0.08957065,0.017793436,0.0027119685,0.06840807,0.03682636,0.008719491,0.072765276
Machu Pichu/56.562A8316.jpg,0.002386155,0.000452386,0.00057800545,0.015912348,0.099584244,0.033952825,0.001543988,0.007438566,0.5703769,0.0067258854,0.23011719,0.0098577095,0.0020221141,0.0008188318,0.005515428,0.005410019,0.0029047232,0.004402716
Machu Pichu/57.68.jpg,0.0051468057,0.0011618825,0.0018426602,0.014499139,0.29609478,0.0074367044,0.0071403496,0.0027576415,0.5514476,0.009274634,0.02952615,0.0040106038,0.0029873766,0.00067385775,0.025545202,0.018413683,0.0013820125,0.020658923
Machu Pichu/58.Cusco-inca-ruins_FT1.jpg,0.009793393,0.0046471236,0.0054384368,0.021592844,0.10237386,0.023998072,0.008280412,0.013433299,0.6432374,0.026440896,0.031808265,0.005811908,0.0035921817,0.0009747842,0.013770442,0.036211394,0.0036668566,0.044928573
Machu Pichu/58.jpg,0.017033584,0.074097954,0.033741646,0.02781118,0.09499663,0.07550182,0.04445114,0.07120525,0.22186922,0.044766806,0.020935647,0.031823363,0.016539974,0.011434629,0.029664794,0.07849618,0.015578311,0.0900518
Machu Pichu/59.machupicchu-valle-sagrado-3.jpg,0.008551423,0.0246343,0.015773386,0.029603945,0.105647616,0.1136605,0.044435356,0.0482988,0.38603902,0.034606244,0.03188781,0.024175256,0.008411952,0.012574642,0.008556761,0.0551273,0.026873553,0.021142177
Machu Pichu/6.jpg,0.040248767,0.035856605,0.035041176,0.050424896,0.07524229,0.07870265,0.08010138,0.01990317,0.08548139,0.031281658,0.06542789,0.05681671,0.044097412,0.026818074,0.08809226,0.06668219,0.052171286,0.06761024
Machu Pichu/60.jpg,0.014120332,0.016466629,0.009524423,0.048196528,0.049895555,0.045509983,0.049771294,0.009277303,0.3672565,0.08544372,0.01134972,0.005732462,0.028677704,0.0037526255,0.039920248,0.13714422,0.036922116,0.041038726
Machu Pichu/60.machu-picchu-remains-the-dream-destination-of-2018_5a7832b94b153-1024x512.jpg,0.033026263,0.0045540314,0.00962016,0.048747763,0.1434027,0.025690796,0.014283418,0.020305665,0.37053934,0.029636413,0.13035576,0.027833,0.016733114,0.0052550947,0.047206894,0.017747434,0.014730109,0.040332146
Machu Pichu/61.jpg,0.018581701,0.043040663,0.01801401,0.021948539,0.10547645,0.09065765,0.018994201,0.22762294,0.16207428,0.02757565,0.042085174,0.102479644,0.0081597315,0.0150666805,0.011523417,0.02595293,0.011974984,0.048771374
Machu Pichu/61.picturesque-panoramic-view-terraces-machu-260nw-553918687.jpg,0.09360201,0.060826868,0.047063332,0.009904828,0.02812428,0.02653073,0.018608352,0.058566142,0.058659613,0.05543564,0.01150395,0.027829586,0.2776434,0.031137392,0.034626454,0.041186407,0.10835615,0.010394856
Machu Pichu/62.best_way_to_visit_machu_picchu_andrew_browning_620.jpg,0.042768043,0.014320724,0.011408214,0.070116416,0.034591448,0.11383381,0.04026553,0.022891201,0.047583543,0.052065436,0.32247463,0.030955628,0.02992536,0.032893892,0.03603028,0.028714836,0.051545255,0.017615804
Machu Pichu/62.jpg,0.08918837,0.011058404,0.017122801,0.009664002,0.42676497,0.011593422,0.0043746866,0.086806096,0.026391769,0.027187362,0.01262896,0.031689588,0.016611364,0.002371172,0.025694154,0.18676624,0.007017816,0.0070689525
Machu Pichu/63.mp-1110-425-1.jpg,0.13888834,0.0059357374,0.0019515131,0.012166193,0.22678515,0.016034557,0.03528853,0.022875078,0.027569162,0.018983195,0.013724524,0.05975551,0.01054548,0.0023440637,0.10441573,0.22839536,0.0021314179,0.07221043
Machu Pichu/64.best-machu-picchu-trek-a-comparison.jpg,0.009557408,0.028528117,0.035691246,0.023139255,0.093588434,0.0057853735,0.018842693,0.023808075,0.56450725,0.06930297,0.003450003,0.007308928,0.001726635,0.0006257294,0.008782691,0.023115622,0.003563672,0.07867604
Machu Pichu/65.jpeg,0.08654152,0.10029476,0.00022952515,0.0075423485,0.18668644,0.0015125183,0.00148013,0.0024056842,0.033779547,0.022420812,0.001830717,0.016414566,0.0069840658,0.00014801322,0.47799146,0.052315656,0.00045508394,0.000967199
Machu Pichu/65.tzoo.hd.87937.4969.414852.SumaqMachuPicchuHotel.jpg,0.0616295,0.027301433,0.01111481,0.04779329,0.07018892,0.10060634,0.030325174,0.021773316,0.106864095,0.032153983,0.13112707,0.07474124,0.05483404,0.022863109,0.08808566,0.042412385,0.024023976,0.052161675
Machu Pichu/66.jpg,0.007046557,0.00367127,0.004514458,0.029772166,0.09149047,0.034381054,0.008034035,0.03239215,0.6249763,0.018149242,0.06211508,0.012716305,0.004167766,0.002058101,0.011243191,0.020536082,0.0079723615,0.02476351
Machu Pichu/66.peru-part-2-exploring-machu-picchu-3.jpg,0.0435502,0.03195369,0.012787449,0.07393732,0.07231646,0.08110911,0.027710168,0.060016617,0.08785412,0.094495915,0.085798725,0.034941465,0.021230463,0.018927246,0.050443508,0.050610445,0.0294972,0.1228199
Machu Pichu/67.MachuPicchu_1200x450px.jpg,0.0056866556,0.010791918,0.004569849,0.009343764,0.056523602,0.0031397315,0.00558022,0.0072161024,0.7986096,0.048169486,0.0035897715,0.0036579578,0.0018679493,0.0003992583,0.013298469,0.01021145,0.001600569,0.015743801
Machu Pichu/68.Machu-Picchu-1268-x-400.jpg,0.14705695,0.032558758,0.086451866,0.0020370812,0.009322369,0.021385627,0.022963231,0.0070404643,0.038910404,0.04153869,0.01399025,0.008698262,0.44778386,0.051194977,0.010314153,0.0099635245,0.044675883,0.004113675
Machu Pichu/68.jpg,0.044859752,0.035045397,0.045322344,0.03254917,0.2977975,0.03222002,0.016012978,0.036716066,0.08758892,0.03522429,0.006936297,0.00984467,0.008147673,0.0039331317,0.019925684,0.2004807,0.009034292,0.07836098
Machu Pichu/69.1500x450.jpg,0.057446875,0.019118128,0.011402224,0.045479476,0.04527756,0.08483751,0.014295307,0.11775139,0.08207877,0.01054822,0.11757297,0.19833219,0.053700257,0.03508083,0.035129946,0.012446639,0.029554326,0.02994744
Machu Pichu/7.Peru_MachuPicchu.jpg,0.030803315,0.009915697,0.0032180876,0.10517188,0.03405389,0.11972375,0.014964941,0.024040384,0.318855,0.026915062,0.060570993,0.020759823,0.039300967,0.0044229343,0.041311577,0.08425169,0.03923023,0.022489918
Machu Pichu/7.jpeg,0.013703542,0.0033367092,0.0074876654,0.03818263,0.12637608,0.03208404,0.011727645,0.012833672,0.52307886,0.01612245,0.10017246,0.016753094,0.011131995,0.0033111614,0.026336124,0.021424454,0.011662038,0.024275403
Machu Pichu/70.https_3A_2F_2Fcdn.evbuc.com_2Fimages_2F54855670_2F243121038147_2F1_2Foriginal.jpg,0.0007889562,0.0013626384,0.0017296566,0.0043036356,0.03506736,0.0030832551,0.0042175674,0.0022418767,0.8741174,0.038617782,0.0016301603,0.00036667884,0.0005217893,9.980448e-05,0.0029201838,0.011666207,0.0011124257,0.016152607
Machu Pichu/70.jpg,0.0030949942,0.0037025032,0.0068444693,0.022322755,0.037739843,0.030583387,0.016241677,0.0068683005,0.7605997,0.03345752,0.021024114,0.0028237533,0.0027987768,0.0006875955,0.0050940383,0.023335062,0.011669642,0.011111891
Machu Pichu/71.116906-900x336.jpg,0.001248379,0.002784482,0.00073840556,0.005481044,0.06563121,0.00658713,0.0015430358,0.015771562,0.85812765,0.0087679345,0.011951864,0.0068080183,0.0012878746,0.00035112165,0.0043089413,0.0045854575,0.0013371971,0.002688668
Machu Pichu/72.sli017657.jpg,0.002966446,0.0015143548,0.0018967753,0.003112038,0.040247604,0.0016018199,0.0020654872,0.0025326288,0.9032654,0.012104728,0.0043009426,0.0018520876,0.0015303517,0.00020165388,0.007630702,0.004296412,0.00074695423,0.008133673
Machu Pichu/73.jpg,0.03569481,0.14202516,0.019473365,0.036218856,0.09594002,0.1032692,0.049809713,0.036179595,0.09246962,0.04592897,0.07190463,0.051007763,0.018103553,0.036323193,0.050006624,0.051657353,0.021027269,0.04296041
Machu Pichu/73.where-is-machu-picchu-location-1140x530.jpg,0.03332142,0.030406583,0.097965136,0.105764575,0.098068014,0.04612593,0.057963554,0.06496724,0.08517648,0.035715908,0.0901783,0.029369755,0.022357564,0.017847601,0.028423723,0.04827696,0.072871074,0.03520013
Machu Pichu/74.Machu-Picchu-Panoramic-3-1024x377.jpg,0.13862129,0.009274475,0.0050552725,0.02418747,0.019492043,0.015213966,0.01593226,0.003750946,0.07936889,0.020268492,0.09837528,0.094537385,0.26370332,0.019727122,0.14821158,0.0061695785,0.02185486,0.016255701
Machu Pichu/75.Machu-Picchu-Panorama.jpg,0.014912261,0.049896277,0.050832693,0.07340567,0.12589537,0.01369756,0.024545386,0.040283978,0.35033816,0.10351637,0.008901227,0.015830068,0.003878108,0.0013773622,0.011469231,0.0562854,0.01397319,0.04096188
Machu Pichu/75.jpg,0.03433571,0.0013686826,0.0028824776,0.023162652,0.056465548,0.023888286,0.0045654094,0.0054214387,0.406379,0.013853915,0.2850981,0.03402696,0.043910515,0.0066069765,0.03221927,0.0045749824,0.014595694,0.006644348
Machu Pichu/76.blogs-the-wanderlust-guide-to-the-best-of-machu-picchu.jpg,0.19181937,0.09180664,0.074374184,0.014972953,0.07933366,0.048393767,0.01654833,0.018241882,0.100748666,0.073565274,0.012914763,0.06725327,0.032548502,0.012649738,0.0232255,0.068358846,0.007019663,0.066224985
Machu Pichu/77.6.jpg,0.061919652,0.045807905,0.028582571,0.057469614,0.08682867,0.056822132,0.018193072,0.08711391,0.06377205,0.040270664,0.058489047,0.07205665,0.08149075,0.026302634,0.06604454,0.048957497,0.074669234,0.02520946
Machu Pichu/77.jpeg,0.04038745,0.039929833,0.02819513,0.03369289,0.06455846,0.05732998,0.04739038,0.05377782,0.11856318,0.10445204,0.018481646,0.024345666,0.025086923,0.01061227,0.03421352,0.08873084,0.021007296,0.18924461
Machu Pichu/78.133358_98ccce75.jpg,0.022626737,0.004391862,0.0062052216,0.039188355,0.11282622,0.03786688,0.009531183,0.02084294,0.4543235,0.023657285,0.110229634,0.024931146,0.016792795,0.00506074,0.03274646,0.019455804,0.0127168335,0.046606254
Machu Pichu/78.jpg,0.05218522,0.14600627,0.014586796,0.0331408,0.14687644,0.017463796,0.019164614,0.08494574,0.1240169,0.13862441,0.011745499,0.051826894,0.005437462,0.0017226789,0.03297845,0.0335731,0.0038740835,0.081830785
Machu Pichu/79.Machu-Picchu-5-2-640x280.jpg,0.058021124,0.0072359876,0.39357537,0.018720048,0.10314278,0.02019299,0.008090905,0.014878755,0.25484344,0.027794663,0.02095061,0.005069629,0.006034606,0.0017854141,0.0041330447,0.026525723,0.013272254,0.01573264
Machu Pichu/8.jpg,0.13140152,0.005703091,0.001029476,0.007950726,0.22846287,0.015094983,0.02883767,0.00605437,0.033139955,0.012743658,0.010456202,0.036662217,0.008109307,0.0015154312,0.08831002,0.3417713,0.0015155222,0.04124163
Machu Pichu/8.latin-america-peru-machu-picchu-and-the-sacred-valley-mh.jpg,0.10711112,0.054603867,0.01638502,0.032448273,0.22226852,0.04051599,0.013554071,0.021421485,0.16984822,0.027165323,0.038514983,0.09053745,0.017390624,0.005989799,0.039368063,0.0717254,0.004117829,0.02703383
Machu Pichu/80.5874615svmp_banner-640x300.jpg,0.018936792,0.002629326,0.010745035,0.027318195,0.12954533,0.038458075,0.008004089,0.003864339,0.5988666,0.018533621,0.03654363,0.0039677033,0.0034960601,0.00052171166,0.009317672,0.057890043,0.0027486333,0.028613133
Machu Pichu/80.jpg,0.038476866,0.03401754,0.0529692,0.094299376,0.21112582,0.017995093,0.024681108,0.08007065,0.08149738,0.048674963,0.14159574,0.038040806,0.018847343,0.014323142,0.037984084,0.021558663,0.025744751,0.018097766
Machu Pichu/81.machu_picchu_1325320_letterbox.jpg,0.008090383,0.01662665,0.002197332,0.045142,0.11210406,0.035052534,0.006316115,0.12856102,0.36354,0.018894041,0.07173537,0.11049118,0.010491401,0.0023501562,0.030212007,0.012852945,0.018359076,0.006983859
Machu Pichu/82.MachuPicchu-Big-1024x459.jpg,0.003996841,0.0007987722,0.001492812,0.018996455,0.064978965,0.0088050505,0.0058810636,0.0021047194,0.74729383,0.028843809,0.07455548,0.00249748,0.0025781598,0.0009910879,0.014604083,0.005924033,0.0036957916,0.011961667
Machu Pichu/82.jpg,0.03545274,0.038445055,0.03014835,0.047955357,0.06940411,0.11138888,0.04866439,0.06452464,0.106342226,0.04526163,0.07213286,0.04401744,0.031779714,0.033314444,0.040534575,0.05430086,0.059205256,0.067127496
Machu Pichu/83.amanecer.jpg,0.0494722,0.003911155,0.0074379747,0.0832709,0.07572,0.042854834,0.03251969,0.00702611,0.17495176,0.011569922,0.36991262,0.028547782,0.02032271,0.0065911734,0.037940674,0.012926287,0.02130691,0.013717306
Machu Pichu/83.jpg,0.48749918,0.025195573,0.01359574,0.0029448578,0.047819685,0.024475407,0.023022087,0.013525488,0.044504736,0.02746261,0.008595312,0.0092807235,0.135134,0.010156359,0.045114387,0.06186765,0.008914726,0.01089145
Machu Pichu/84.jpg,0.13866402,0.09905635,0.028977254,0.014325277,0.1362777,0.027626218,0.011276663,0.021774054,0.10695226,0.0895642,0.010103146,0.041132916,0.043227963,0.009562337,0.04786632,0.14841537,0.014780693,0.010417296
Machu Pichu/85.jpeg,0.011214705,0.0026007784,0.0040976787,0.05326823,0.086810075,0.028718041,0.009096271,0.013612876,0.53569365,0.028246704,0.13627712,0.011510404,0.008602092,0.0024470587,0.021074956,0.012811559,0.015890878,0.01802688
Machu Pichu/85.social-share-machu-picchu.jpg,0.026089264,0.0038129291,0.0010122139,0.0035290222,0.7622739,0.0011097012,0.0011229212,0.0074539697,0.068747096,0.006714445,0.0046544727,0.0098592155,0.003382134,0.0003182628,0.07980348,0.016667966,0.00044653643,0.003002505
Machu Pichu/86.jpg,0.030568572,0.01814343,0.2691385,0.017527219,0.06731375,0.031947248,0.010864633,0.017879564,0.33807877,0.052346073,0.013429202,0.009564639,0.012459459,0.002472621,0.0057484074,0.0399094,0.009720186,0.052888248
Machu Pichu/87.IMG_8266-1200x565.jpg,0.08609653,0.017130438,0.024039328,0.050438307,0.099082574,0.035891466,0.06492621,0.030275531,0.19687524,0.017999845,0.069915876,0.07561735,0.033850666,0.010281775,0.062139753,0.038971566,0.036620956,0.049846727
Machu Pichu/88.jpg,0.011181536,0.04224697,0.011943399,0.036885396,0.10542394,0.115587935,0.049490087,0.054490317,0.27161127,0.049999207,0.026283534,0.019222133,0.017087283,0.008061869,0.032294415,0.08499404,0.020876616,0.04232007
Machu Pichu/88.stunning-views-on-the-route-of-the-machu-picchu-trek.jpg,0.0036695166,0.0022003213,0.0039455118,0.013397633,0.04516993,0.005688097,0.006591176,0.0033890873,0.8356075,0.028953008,0.009893225,0.0023345319,0.003831901,0.0004774454,0.009021038,0.010727116,0.004201967,0.010901053
Machu Pichu/89.banner-73201.jpg,0.039864115,0.00093767873,0.0016624692,0.049973525,0.047560982,0.024896767,0.0059075663,0.002279544,0.2848303,0.0082487855,0.395684,0.025842698,0.047958378,0.0061487528,0.038648672,0.0045072194,0.010310463,0.0047380165
Machu Pichu/89.jpg,0.013123995,0.00047581524,0.001324283,0.049966004,0.06336437,0.02805396,0.0048177294,0.003645352,0.31367415,0.013207056,0.45595685,0.007865986,0.0073096934,0.0027270499,0.0146061685,0.004701376,0.008879025,0.0063012387
Machu Pichu/9.2390same2012a-machu-picchu.jpg,0.0080295615,0.006183563,0.0038392765,0.03163241,0.12470921,0.0059077055,0.013019012,0.0046198647,0.6773318,0.031869087,0.011482531,0.0064414977,0.0027003954,0.0006143434,0.018846177,0.024657061,0.00339055,0.024725808
Machu Pichu/9.jpg,0.27727023,0.01051868,0.0015369798,0.00090898835,0.014981759,0.0023325314,0.0004021808,0.004453946,0.05170956,0.010147781,0.0040426655,0.11144971,0.46086407,0.0012249631,0.03285506,0.007211873,0.0069096787,0.0011793096
Machu Pichu/90.cusco-to-iquitos-luxury-amazon-river-cruise-aria-machu-picchu-1113x500.jpg,0.0051473887,0.0046647005,0.0082209315,0.028932845,0.62212354,0.012871465,0.017843548,0.044019215,0.052687902,0.014720874,0.021637648,0.0076463046,0.0036038791,0.002736927,0.0693217,0.027802713,0.008226175,0.04779227
Machu Pichu/90.jpg,0.021863239,0.02261788,0.010177228,0.028143983,0.11341866,0.027691465,0.018628368,0.03156311,0.4984263,0.028014656,0.019806301,0.048330605,0.012714646,0.0025612097,0.0277416,0.042431448,0.009287666,0.036581703
Machu Pichu/91.mp-s.jpg,0.0052934755,0.01512897,0.011266365,0.026971497,0.10325165,0.04388144,0.028043946,0.034077343,0.54670244,0.030493064,0.016784897,0.0080938395,0.007253483,0.0028828706,0.013124617,0.060248315,0.012764285,0.033737417
Machu Pichu/92.jpeg,0.09731588,0.0068827234,0.0076636462,0.051458832,0.0737696,0.07249218,0.009952232,0.063618615,0.10209236,0.008710927,0.104180776,0.18191518,0.0762823,0.024439719,0.040070746,0.014760128,0.021572193,0.042822022
Machu Pichu/92.jpg,0.003200674,0.0027785776,0.0072167036,0.024166247,0.14268503,0.025176102,0.0070118033,0.010395801,0.63385016,0.02381801,0.06605746,0.0037009227,0.0022439312,0.00096634653,0.0070152255,0.020064913,0.0049720756,0.014680186
Machu Pichu/92.lists-5-things-i-wish-id-known-about-machu-picchu.jpg,0.026439779,0.003571744,0.010043085,0.0538508,0.033230867,0.090413384,0.025678672,0.006810367,0.1291179,0.023505801,0.46592972,0.017159931,0.025026467,0.01338264,0.020627184,0.01194275,0.032306485,0.010962404
Machu Pichu/93.Machu-Picchu.jpg,0.13311878,0.010010645,0.0073410133,0.021913651,0.18788475,0.009143217,0.009949878,0.023338865,0.35027677,0.028192895,0.044353455,0.04034528,0.036655925,0.0030047572,0.04694935,0.03414212,0.009429751,0.0039488827
Machu Pichu/94.jpg,0.008304122,0.06856155,0.10848201,0.012927712,0.18974027,0.05930077,0.04088962,0.22645336,0.08806668,0.026816828,0.019724328,0.042267837,0.0057228976,0.029600449,0.0073057697,0.02275575,0.02405423,0.019025706
Machu Pichu/97.jpg,0.055200987,0.04957855,0.01363312,0.04581709,0.07053068,0.10311658,0.033400282,0.044615842,0.101184115,0.08910263,0.07193063,0.03785756,0.023264281,0.018738091,0.051475585,0.074926905,0.031051815,0.08457519
Machu Pichu/99.jpg,0.116029404,0.12852144,0.027458087,0.028487062,0.19257729,0.013446837,0.009685357,0.038891412,0.085109055,0.09922864,0.008194037,0.0447742,0.028683905,0.007407001,0.06209252,0.08196067,0.014271513,0.013181363
Niagara Falls/1.water-going-over-niagara-falls-866x350.jpg,0.40699634,0.01852348,0.042434458,0.018731363,0.13873875,0.040503483,0.029472232,0.011396528,0.0137736965,0.054864485,0.018340917,0.039042637,0.016028045,0.050004,0.011704247,0.057478093,0.012944496,0.019022606
Niagara Falls/10.Image-AB2.jpg,0.021415003,0.09340949,0.04131186,0.016393239,0.12400971,0.040895093,0.021526797,0.16463834,0.08208044,0.06601455,0.0033679253,0.01452945,0.0059239133,0.003411882,0.013420098,0.08638537,0.007033042,0.19423372
Niagara Falls/10.jpg,0.12431786,0.03872418,0.02066385,0.04521794,0.04159481,0.04711049,0.07382323,0.024449958,0.03360381,0.1756775,0.036125787,0.050722387,0.02824496,0.06408064,0.016845902,0.07529913,0.07147922,0.03201843
Niagara Falls/100.jpg,0.01421094,0.03259963,0.15811825,0.007302159,0.009158491,0.004774105,0.0074423654,0.014719141,0.018382711,0.6747956,0.0018132024,0.0031199926,0.005734808,0.004392168,0.0027592888,0.010643999,0.024105968,0.005927112
Niagara Falls/102.jpg,0.008311829,0.15627696,0.22921042,0.026343472,0.03198879,0.032917928,0.03512775,0.12895489,0.031307336,0.18979491,0.009044795,0.018766386,0.005182168,0.010501774,0.007318879,0.016093498,0.04336787,0.019490223
Niagara Falls/11.Main_20image_20-_20Iconic_20Niagara_20Falls.jpg,0.00877502,0.0020514857,0.008708651,0.002447894,0.004038072,0.0006530594,0.0022242295,0.0012299129,0.005343494,0.9474063,0.0005645913,0.0007004431,0.0011267015,0.0028271163,0.00059836474,0.0017255795,0.0076134033,0.0019656809
Niagara Falls/11.jpg,0.07155505,0.016069844,0.06222746,0.015165585,0.010153287,0.026789345,0.06654756,0.01120436,0.008746743,0.40005907,0.011457482,0.008876334,0.03897264,0.060899407,0.0074143414,0.026219642,0.14866808,0.008973721
Niagara Falls/12.excursion-cataratas-niagara-autobus.jpg,0.058401804,0.03495604,0.0698077,0.047996957,0.0502214,0.042842526,0.03412609,0.056134906,0.09034823,0.21716467,0.018537238,0.024815474,0.01556376,0.013594023,0.009242304,0.09934271,0.06367202,0.053232197
Niagara Falls/12.jpg,0.042387076,0.06925544,0.12527932,0.04538891,0.035663232,0.037191506,0.0632548,0.03644431,0.044774916,0.26843938,0.017445644,0.020388063,0.010514739,0.029727899,0.011750988,0.048586503,0.06595037,0.02755686
Niagara Falls/13.industries_parks_niagarafalls_t1.jpg,0.032250226,0.08165703,0.060247246,0.02958691,0.116514854,0.0618849,0.1045804,0.10115849,0.031756792,0.03421299,0.03230576,0.062121153,0.031131882,0.07067822,0.038773973,0.025714034,0.037848283,0.047576815
Niagara Falls/13.jpg,0.0653953,0.045293808,0.04404873,0.013096646,0.04915432,0.065523714,0.111187726,0.13554856,0.016071359,0.063057326,0.01024066,0.047210105,0.026777772,0.06890206,0.020669887,0.04941758,0.030077374,0.13832714
Niagara Falls/14.freezing-niagara-falls-866x350.jpg,0.019973394,0.0005216192,0.0017254805,0.0019858356,0.0032324956,0.0011953005,0.011556725,0.0007714177,0.0021215747,0.8983648,0.0033745961,0.0010156926,0.0040919953,0.020888304,0.00088565436,0.002368426,0.024346946,0.0015797496
Niagara Falls/15.jpg,0.023767127,0.029136064,0.21701758,0.03169438,0.053455833,0.016972894,0.032837953,0.038704827,0.04924773,0.33999294,0.007880336,0.011116832,0.008095018,0.0110909855,0.0048195207,0.03701515,0.05187914,0.035275806
Niagara Falls/16.001544-Hornblower-boat-cruise-Niagara-Falls-Cr-Imagine-Ontario-001.jpg,0.09867377,0.041102484,0.039007083,0.03529207,0.04565267,0.058653686,0.06375554,0.038722254,0.059898246,0.1009586,0.031725574,0.04802049,0.043175075,0.052935973,0.021526849,0.11462034,0.063651666,0.042627674
Niagara Falls/17.Niagara_Falls_1_featured.jpg,0.026764203,0.01438059,0.039824188,0.010361135,0.021753784,0.011886833,0.016929626,0.019540321,0.15043661,0.54511005,0.0049742176,0.0044382093,0.016788874,0.0059730266,0.008379488,0.0361173,0.02340325,0.04293832
Niagara Falls/17.jpg,0.04065511,0.139286,0.011999838,0.02647251,0.1752683,0.014150854,0.012179324,0.006169522,0.059187215,0.15983233,0.043352634,0.033051588,0.01808198,0.012923105,0.21335559,0.013273639,0.0058664912,0.014893923
Niagara Falls/18.holidayinn-niagara-falls-2-e1453482975581-1.jpg,0.116529234,0.0108063845,0.0019706453,0.047318038,0.007805743,0.042702816,0.10809737,0.012862563,0.008357976,0.046008132,0.015641328,0.022230327,0.30666524,0.034833252,0.03320065,0.019424025,0.14483698,0.020709362
Niagara Falls/18.jpg,0.062375326,0.0073558413,0.011929508,0.047488596,0.017673057,0.11914277,0.030018542,0.029048419,0.046744578,0.15515402,0.16823533,0.019562867,0.04772673,0.04102897,0.016306017,0.02861791,0.13343684,0.01815464
Niagara Falls/19.b76d27b8-city-11592-163dad773de.jpg,0.051518384,0.02970003,0.042882003,0.028727498,0.2683377,0.031561572,0.026343338,0.0663223,0.09703972,0.037562974,0.011006088,0.014691597,0.015871152,0.008387051,0.04105668,0.11050616,0.012310936,0.10617489
Niagara Falls/19.jpg,0.12874562,0.028134407,0.019847374,0.03688569,0.041727573,0.033711165,0.09791761,0.03619858,0.02264021,0.1731592,0.016849741,0.043403115,0.035184167,0.059972323,0.009216758,0.07705308,0.0849804,0.054373033
Niagara Falls/2.1-169327lcarousel-940x338.jpg,0.05638923,0.032503538,0.01069017,0.043565385,0.03325328,0.031202592,0.12275445,0.017493615,0.03409391,0.23962207,0.0096244775,0.012166825,0.056826685,0.022002157,0.041924156,0.08208857,0.11920387,0.034595028
Niagara Falls/2.jpg,0.044952597,0.105643794,0.022643281,0.04212526,0.08095948,0.062560625,0.085959755,0.021296324,0.07059791,0.060882784,0.07504462,0.06604212,0.021249482,0.042271726,0.088854365,0.043055512,0.026882121,0.03897817
Niagara Falls/20.800px-Niagara_falls_panorama.jpg,0.026753893,0.0112063475,0.021982186,0.021742588,0.004254512,0.03494624,0.16087793,0.012681146,0.0064378446,0.07175429,0.0063002524,0.0030643078,0.080250286,0.014493732,0.01313319,0.031372253,0.4695029,0.009246144
Niagara Falls/20.jpeg,0.09213428,0.033265114,0.009737882,0.020451931,0.46918267,0.010863428,0.005603537,0.016136548,0.065677814,0.038435135,0.011369103,0.021062953,0.01238844,0.002867722,0.07402448,0.096547306,0.0022582824,0.017993461
Niagara Falls/21.IAG-generic-Niagara-Falls.jpg,0.053650532,0.054381277,0.12600884,0.06792852,0.09984339,0.030484984,0.053786077,0.060014565,0.035244096,0.028363151,0.07113302,0.05051082,0.036707558,0.033548266,0.05875171,0.049034365,0.05742269,0.0331862
Niagara Falls/21.png,0.07334276,0.0103756925,0.017125104,0.022140892,0.023433305,0.011950239,0.026874758,0.01161848,0.022847552,0.5759224,0.031889968,0.012117072,0.019755304,0.04473323,0.016166572,0.015008583,0.049223218,0.015474805
Niagara Falls/22.jpg,0.24394333,0.05680028,0.045684528,0.006280806,0.046956316,0.036743104,0.025967829,0.026880812,0.06697785,0.06585753,0.026577841,0.038655493,0.15876698,0.023001457,0.03816181,0.04783727,0.024896579,0.020010239
Niagara Falls/23.jpg,0.106613494,0.057922747,0.2425153,0.023178967,0.02389114,0.03152731,0.029285677,0.0133939115,0.025621565,0.21614942,0.008772062,0.016945234,0.025668817,0.023800846,0.018621176,0.04870254,0.07556283,0.011827031
Niagara Falls/23.nf-1_1.jpg,0.03220523,0.0052639865,0.0051992866,0.020955374,0.03417597,0.01831526,0.012787281,0.0048879823,0.07587977,0.46068797,0.19626962,0.010727937,0.013553673,0.026412617,0.042376097,0.009392581,0.02247004,0.008439396
Niagara Falls/24.jpg,0.02512795,0.029307866,0.03391723,0.11072984,0.078259446,0.079260185,0.04418646,0.07912852,0.10358683,0.09139767,0.09380571,0.020749047,0.015743017,0.015725123,0.022154542,0.049934413,0.05437916,0.052606825
Niagara Falls/25.jpg,0.051845726,0.01918758,0.022249205,0.028479788,0.019398544,0.07090286,0.13986817,0.03844898,0.0186343,0.0963871,0.015162071,0.013613408,0.14038363,0.039250206,0.025094843,0.036991622,0.162167,0.06193485
Niagara Falls/25.niagara-falls-fall-866x350.jpg,0.030756207,0.024038132,0.01815136,0.014285618,0.01575869,0.013091148,0.020909013,0.027844891,0.04577767,0.6511772,0.0016505795,0.001733576,0.023103533,0.005637603,0.011757738,0.023925653,0.03777326,0.03262818
Niagara Falls/26.gallery-aquarium.jpg,0.018243855,0.0060949223,0.015008039,0.010609488,0.03200621,0.008743618,0.009117964,0.0036437316,0.18164483,0.609853,0.040026598,0.0046440233,0.0043533863,0.0065084123,0.015599113,0.013493925,0.011180468,0.009228356
Niagara Falls/26.jpg,0.10160019,0.018727235,0.014439369,0.041192137,0.027970279,0.041113075,0.06171448,0.031571824,0.027395515,0.21532106,0.03062671,0.034604304,0.04749682,0.065837815,0.020372111,0.049478076,0.13357748,0.036961447
Niagara Falls/27.excursion-cataratas-niagara.jpg,0.06008403,0.025837382,0.020928139,0.045622863,0.04999528,0.061928228,0.04627575,0.10082323,0.07024193,0.15502502,0.028872475,0.019392427,0.028181357,0.02107043,0.020825295,0.07278647,0.048104014,0.124005735
Niagara Falls/27.jpg,0.0514001,0.011637455,0.24329375,0.04946444,0.06554836,0.050572667,0.02621367,0.010678012,0.13357255,0.086627744,0.1171013,0.012517265,0.01931677,0.01628645,0.018365983,0.024403684,0.050312594,0.012687096
Niagara Falls/28.jpg,0.038204562,0.023075048,0.031097557,0.02443784,0.021169275,0.012510013,0.040591106,0.007950196,0.025146738,0.58413243,0.013487496,0.010690257,0.016853355,0.043907654,0.015473223,0.015320811,0.06673331,0.009218967
Niagara Falls/28.niagara_falls_photo_wallpaper-866x350.jpg,0.030332826,0.08320157,0.019506574,0.06730419,0.051648606,0.048078697,0.09230347,0.025248434,0.0853824,0.19225527,0.029176787,0.030380337,0.023784246,0.030454725,0.040403053,0.058229752,0.065475695,0.0268334
Niagara Falls/29.jpg,0.09734849,0.013874728,0.02681607,0.022594854,0.012129089,0.033921175,0.036101807,0.028724914,0.022192363,0.45824078,0.011966983,0.011029741,0.021320881,0.020811047,0.0035044784,0.06903936,0.08355106,0.026832096
Niagara Falls/3.jpg,0.20451823,0.06425949,0.062215924,0.03645205,0.05252662,0.041634463,0.038559377,0.020331373,0.048666596,0.06417661,0.013535189,0.037223674,0.06913739,0.02286183,0.07441093,0.080163375,0.03906502,0.030261816
Niagara Falls/3.niagara-ecotourism-866x350.jpg,0.058627732,0.014166343,0.005943527,0.023771873,0.2507196,0.028059328,0.082794875,0.02953751,0.018185314,0.027923672,0.010567399,0.026981689,0.0112051405,0.0054538813,0.13169958,0.08121362,0.0064399736,0.18670893
Niagara Falls/30.jpg,0.07040489,0.03170494,0.19025415,0.0143606905,0.014406672,0.029116588,0.068286546,0.027856806,0.017516179,0.24088344,0.0134403175,0.01903937,0.05195247,0.035595655,0.010112665,0.031704683,0.105083905,0.028280096
Niagara Falls/30.niagarafallsatnight.jpg,0.071944594,0.009914248,0.008516007,0.03492219,0.02188857,0.041885734,0.02658633,0.020121062,0.04797941,0.4233899,0.081733935,0.013721423,0.019591095,0.023805521,0.023547055,0.04464773,0.061700456,0.024104768
Niagara Falls/31.jpg,0.057497635,0.1413244,0.029413404,0.048465908,0.08800686,0.056020487,0.08249514,0.05367942,0.038417988,0.0721312,0.052875318,0.0932256,0.009272484,0.041362543,0.047167886,0.032366406,0.018656174,0.03762125
Niagara Falls/31.niagara-falls-2-istock.jpg,0.09206805,0.016245903,0.10572851,0.029462116,0.047218326,0.07661076,0.06436922,0.027196482,0.013313548,0.19512495,0.034329582,0.017083144,0.022286152,0.07362528,0.0073941792,0.036757972,0.12254445,0.018641312
Niagara Falls/32.falls-avenue-resort-niagara-falls.jpg,0.058346678,0.024897542,0.04790536,0.03509602,0.01608847,0.051407184,0.19198674,0.028090896,0.007811633,0.15642115,0.028503507,0.024474083,0.034143567,0.09891147,0.011068486,0.023493571,0.13265336,0.028700255
Niagara Falls/32.jpg,0.09857545,0.031137273,0.083567224,0.034275744,0.026985202,0.036530674,0.103052035,0.067219675,0.017587679,0.11814702,0.01728568,0.03306056,0.044791147,0.044518054,0.010296565,0.040931545,0.106867455,0.085170984
Niagara Falls/33.jpg,0.025973212,0.026789308,0.02546353,0.032183483,0.073789135,0.043896347,0.027353853,0.07573406,0.06921076,0.073242255,0.008765566,0.020508327,0.0067579797,0.0033399996,0.020406296,0.05992763,0.0055287955,0.4011294
Niagara Falls/33.panoramic-view-of-niagara-falls-1-1.jpg,0.17870305,0.021319048,0.019537378,0.018103816,0.18056197,0.025218263,0.009418318,0.032174222,0.09572645,0.065139905,0.018504856,0.04972912,0.0226972,0.004797379,0.027002333,0.19571725,0.0050588376,0.030590557
Niagara Falls/34.jpg,0.036365643,0.012446913,0.038162407,0.013402709,0.029581463,0.05606634,0.17834337,0.06113549,0.014300884,0.13040306,0.003175484,0.0023387626,0.052466642,0.01129112,0.013187219,0.08930352,0.10722708,0.15080188
Niagara Falls/34.tzoo.hd.12081.793.821554.NiagaraFalls-GettyImages-RF-530611401.jpg,0.012852456,0.0074380743,0.0063474327,0.06709694,0.06263821,0.06324421,0.03859765,0.015375131,0.16630174,0.13579068,0.26372546,0.0103307525,0.009122517,0.013556967,0.040007576,0.021966927,0.036453947,0.029153282
Niagara Falls/35.How-Did-Niagara-Falls-Form-1.jpg,0.0040241354,0.0010442178,0.0010653337,0.029268205,0.04396662,0.023367343,0.009781242,0.0010870566,0.17064664,0.118528634,0.53684163,0.0036842453,0.002844706,0.0058459984,0.030294433,0.0033177708,0.010114455,0.0042773304
Niagara Falls/35.jpg,0.018239636,0.012635738,0.017280407,0.018621068,0.060499523,0.004429734,0.012111674,0.0057064616,0.0724492,0.69036806,0.013416112,0.0069725835,0.0038828703,0.010339223,0.016460652,0.008637369,0.010635641,0.017314201
Niagara Falls/36.Destination-Niagara-Falls-768x255.jpg,0.017810276,0.0067234924,0.008798988,0.0381296,0.036579087,0.029933615,0.019820057,0.0037537466,0.06978398,0.28152403,0.35665676,0.010456842,0.008246422,0.028720077,0.041714083,0.0066493405,0.029353525,0.0053461664
Niagara Falls/36.jpg,0.15050378,0.030244352,0.1921457,0.022837218,0.054931134,0.0183304,0.026785307,0.04455139,0.07282785,0.04626405,0.08882712,0.029829802,0.114625834,0.029461028,0.015158245,0.012828454,0.03536738,0.014480941
Niagara Falls/37.7661538niagara-2day4.jpg,0.16908784,0.044224247,0.027880963,0.014687411,0.01694573,0.047285322,0.17487234,0.024910538,0.0072737355,0.07420718,0.008352474,0.01867438,0.117947556,0.060135614,0.049839694,0.036590986,0.08058581,0.026498191
Niagara Falls/37.jpg,0.19001664,0.012846799,0.034674235,0.010699968,0.459171,0.013028021,0.0072194827,0.019888485,0.034943298,0.023508381,0.011407825,0.023410188,0.01496821,0.00636318,0.017829739,0.10103806,0.0034684478,0.015518099
Niagara Falls/38.jpg,0.045933083,0.010986503,0.019373056,0.07598194,0.072084144,0.075749636,0.058910888,0.026114738,0.03432734,0.033681173,0.3239435,0.03854759,0.031148722,0.039368227,0.044816982,0.01613558,0.027946342,0.024950627
Niagara Falls/38.niagara_falls_0.jpg,0.04815448,0.029493233,0.0390082,0.050388567,0.101174355,0.062998086,0.065243304,0.1126663,0.046250995,0.067040235,0.04490419,0.028670304,0.024030555,0.031671945,0.0305769,0.058939297,0.06900958,0.08977965
Niagara Falls/39.jpeg,0.054771688,0.09672895,0.038658768,0.059111934,0.08298572,0.069142126,0.06948751,0.032859813,0.035965875,0.04875483,0.07316541,0.06987729,0.02615794,0.06928217,0.04168552,0.04472728,0.049038988,0.03759799
Niagara Falls/39.wyndham-garden-niagara-falls-fallsview-falls-cam.jpg,0.056192916,0.016772466,0.0029552658,0.049806852,0.026882615,0.009923254,0.07444086,0.004647927,0.01771109,0.4249919,0.0390955,0.024477202,0.025237009,0.08549235,0.047268044,0.010057754,0.075188436,0.008858487
Niagara Falls/4.jpg,0.021311091,0.0068374868,0.008003825,0.01986256,0.022256417,0.005942965,0.037746914,0.0041971533,0.024818392,0.69541925,0.023268482,0.0070164055,0.014123304,0.033815302,0.012529925,0.008771912,0.047739666,0.0063388427
Niagara Falls/4.sdf.jpg,0.040587503,0.0044594253,0.011305369,0.008127342,0.005412501,0.005083667,0.02806783,0.0047814236,0.004929663,0.79264617,0.0054458342,0.0031623854,0.006437129,0.0191907,0.0016430237,0.008496344,0.042780057,0.007443747
Niagara Falls/40.Niagara_Falls_Overview.jpg,0.009289335,0.10297519,0.17140482,0.040390793,0.079072066,0.08224778,0.10080104,0.06480896,0.083225854,0.09387767,0.020137956,0.021618744,0.0039592185,0.01874911,0.0063548014,0.032857213,0.042900097,0.025329327
Niagara Falls/40.jpg,0.086549975,0.04880307,0.016896669,0.087325625,0.09607303,0.022337435,0.028293066,0.012377106,0.028454255,0.02410352,0.10982301,0.091018505,0.053128228,0.02080701,0.21279545,0.024699602,0.01923002,0.017284375
Niagara Falls/41.NiagaraFalls.jpg,0.054029714,0.016767327,0.020769747,0.01900518,0.036319777,0.006432383,0.021974027,0.010751027,0.05148906,0.6361186,0.009439971,0.011551174,0.011937521,0.02068202,0.011089842,0.014415342,0.027296128,0.019931145
Niagara Falls/41.jpg,0.10207693,0.04886642,0.113672204,0.038297962,0.048420973,0.07159683,0.059671056,0.03125296,0.014152193,0.1247258,0.056628276,0.041443117,0.023542881,0.09234112,0.034818556,0.021022128,0.052150495,0.025320174
Niagara Falls/42.Destination-Niagara-Falls-1024x341.jpg,0.035701673,0.041719604,0.03408829,0.023055905,0.05461645,0.057061303,0.03332923,0.077429615,0.10501359,0.15096436,0.0035758184,0.0038329542,0.023880584,0.004512006,0.017896207,0.13820037,0.026478093,0.16864397
Niagara Falls/43.jpg,0.08013616,0.040636856,0.033611976,0.048568398,0.031996325,0.07738884,0.059420966,0.021322148,0.07803517,0.090725444,0.080195434,0.0366816,0.047149487,0.0360892,0.04167512,0.108541615,0.06231997,0.025505276
Niagara Falls/44.jpg,0.07542427,0.035920095,0.09969733,0.026704187,0.02593869,0.057570476,0.075234674,0.02751833,0.021496015,0.20493555,0.019734798,0.02021183,0.041390292,0.06731495,0.01601691,0.05005623,0.111514136,0.023321422
Niagara Falls/44.niagara-falls.jpg,0.042274576,0.014097624,0.049107857,0.026743285,0.041273624,0.016448442,0.04158998,0.018217633,0.038944803,0.49924612,0.02179874,0.013647081,0.017102934,0.03493435,0.012648049,0.02752595,0.06097862,0.02342038
Niagara Falls/45.Niagara-Falls-1400x500.jpg,0.10693514,0.015776329,0.015993847,0.04421037,0.031907912,0.07026769,0.065922566,0.07130478,0.03505468,0.08125565,0.031470776,0.045180324,0.06755179,0.048491374,0.01740341,0.05137098,0.13552704,0.06437535
Niagara Falls/45.jpg,0.14669597,0.0121541,0.035802543,0.0143685285,0.006587124,0.026509266,0.04874317,0.024755515,0.009682939,0.37003404,0.010433875,0.015749607,0.03325211,0.044415943,0.0039000874,0.039889447,0.13505581,0.021970013
Niagara Falls/46.jpg,0.06088416,0.03643786,0.035634622,0.08282245,0.07555698,0.07822825,0.032896917,0.08701757,0.050843433,0.041953374,0.09987699,0.05061036,0.030088115,0.030270403,0.050102968,0.046108827,0.062690824,0.047975738
Niagara Falls/46.niagara-falls-one-day-trip-by-plane-close-up-900x435.jpg,0.06058883,0.053501595,0.03804704,0.021509623,0.06318077,0.042474713,0.02512411,0.07300554,0.08870133,0.140942,0.0041600014,0.011971709,0.018319303,0.0062776934,0.0149167,0.10959706,0.015567395,0.21211448
Niagara Falls/47.jpg,0.0875097,0.11533671,0.07522369,0.033730086,0.059788413,0.024666201,0.04312658,0.03699234,0.101396225,0.045803085,0.018784216,0.106531724,0.032349683,0.017895237,0.057866577,0.051771436,0.02258265,0.06864544
Niagara Falls/47.man-survives-niagara-falls.jpg,0.005486462,0.0022502558,0.0020129099,0.0060886024,0.02206367,0.00074789353,0.005003968,0.0008013455,0.023748001,0.89179045,0.013199286,0.0018763304,0.0011521941,0.0074115116,0.008756048,0.0011688338,0.0033173745,0.0031247833
Niagara Falls/48.american-falls1-2__medium.jpg,0.048865266,0.077650286,0.056210633,0.03494526,0.08595387,0.07036544,0.081644654,0.06944828,0.043885287,0.060693946,0.044948068,0.07972604,0.022896618,0.07214778,0.02725492,0.044085052,0.03980095,0.039477676
Niagara Falls/49.Capture_2.JPG,0.0952591,0.062741846,0.052598484,0.046663493,0.0443971,0.05850214,0.053164184,0.04498726,0.051215142,0.101986766,0.04582385,0.055330742,0.03305393,0.04591301,0.030834937,0.0774534,0.058224045,0.041850623
Niagara Falls/49.jpg,0.09734849,0.013874728,0.02681607,0.022594854,0.012129089,0.033921175,0.036101807,0.028724914,0.022192363,0.45824078,0.011966983,0.011029741,0.021320881,0.020811047,0.0035044784,0.06903936,0.08355106,0.026832096
Niagara Falls/5.american-falls-1-1.jpg,0.05704284,0.08567166,0.01427345,0.0669103,0.16281669,0.013165421,0.018023504,0.015081411,0.10868086,0.19063313,0.02476733,0.035754666,0.01326745,0.016227024,0.0937739,0.038583986,0.0094594285,0.035866942
Niagara Falls/5.jpg,0.033665117,0.026763827,0.2472985,0.019715758,0.02031003,0.02968428,0.048562665,0.016589662,0.0286389,0.28855124,0.0099851675,0.008554429,0.020906927,0.02751869,0.00772279,0.03385353,0.11902196,0.012656466
Niagara Falls/50.jpg,0.046861492,0.09678858,0.047350846,0.05473834,0.09170601,0.06372071,0.069210105,0.04425857,0.04115881,0.048929323,0.0704022,0.06659443,0.028064657,0.06080068,0.041618895,0.044272263,0.041286096,0.04223794
Niagara Falls/50.tzoo.hd.53308.3056.724125.shutterstock_349625687.jpg,0.036506124,0.039505083,0.17125428,0.046361163,0.04567863,0.073959544,0.035943188,0.06961712,0.088361904,0.13677381,0.0365351,0.020047188,0.015544247,0.0131616155,0.0118427565,0.04655383,0.0662262,0.046128135
Niagara Falls/51.jpg,0.0046892418,0.01728192,0.0019528691,0.020929102,0.19960758,0.00047438836,0.0018320462,0.002648684,0.119169794,0.58186704,0.004891494,0.0034808493,0.000411953,0.00071069074,0.029929461,0.002400427,0.00057030475,0.007152181
Niagara Falls/51.niagara-falls-main-header-1200x400.jpg,0.74976134,0.00446618,0.0037458725,0.0006024533,0.045152295,0.0049296753,0.0031320318,0.0026136094,0.044496533,0.020887256,0.008112727,0.017518764,0.016129233,0.0007857576,0.009391293,0.06543206,0.00061418914,0.0022289362
Niagara Falls/52.Niagara_Falls_0_125753474.jpg,0.01269775,0.00982632,0.0149407275,0.080221824,0.15367235,0.0727885,0.049177412,0.028804218,0.23386636,0.038898572,0.05807803,0.011319245,0.018143278,0.009105213,0.045963027,0.07199198,0.0418706,0.048634592
Niagara Falls/52.jpg,0.0151440585,0.12984034,0.123306826,0.014031568,0.089538924,0.022714118,0.019228421,0.21599746,0.078657314,0.13003656,0.004169219,0.0138357915,0.008008428,0.004833555,0.014929345,0.047480762,0.02022635,0.048020888
Niagara Falls/53.SkylineBlog6.jpg,0.06752602,0.050244622,0.039416414,0.04190224,0.070538655,0.06940455,0.07388308,0.057509705,0.031864606,0.052483186,0.051516518,0.064589515,0.042012483,0.07321408,0.027983336,0.052379854,0.08130183,0.052229285
Niagara Falls/53.jpg,0.09426971,0.029320855,0.006334272,0.0419157,0.022896735,0.057043284,0.15263246,0.018586151,0.022543734,0.11316179,0.022785204,0.024971385,0.08256753,0.054274224,0.03309021,0.07001376,0.11755004,0.03604292
Niagara Falls/54.jpg,0.027125185,0.30226982,0.07397548,0.01873835,0.058814656,0.01929602,0.01958535,0.12428744,0.10218952,0.073828176,0.00675504,0.05723764,0.018977199,0.007593777,0.027872697,0.016126137,0.013571075,0.031756338
Niagara Falls/54.niagara_falls_01_big.jpg,0.017610926,0.013569383,0.01858056,0.02381884,0.03933317,0.0059471135,0.039965242,0.00794117,0.07459349,0.61945474,0.011606948,0.005911662,0.0130068865,0.012930192,0.023390274,0.012233353,0.036818232,0.023287896
Niagara Falls/55.Niagara-1170x550.jpg,0.13868347,0.06167133,0.029710898,0.029668635,0.049983896,0.045046937,0.05363465,0.017647164,0.06028253,0.06603949,0.034821197,0.062189724,0.051145844,0.032464594,0.061310157,0.14026731,0.031760916,0.03367133
Niagara Falls/55.jpg,0.02741259,0.0065252725,0.0029479102,0.011376948,0.122343704,0.019992618,0.028175939,0.065926395,0.01226087,0.025858397,0.0033576158,0.0145579595,0.00374685,0.0017616025,0.03539836,0.046450626,0.0014649073,0.5704415
Niagara Falls/56.niagara-falls-frozen-today-main-190123-02_0d00f42421ee972152718df0c35aac86.social_share_1024x768_scale.jpg,0.07334276,0.0103756925,0.017125104,0.022140892,0.023433305,0.011950239,0.026874758,0.01161848,0.022847552,0.5759224,0.031889968,0.012117072,0.019755304,0.04473323,0.016166572,0.015008583,0.049223218,0.015474805
Niagara Falls/57.Niagara_Falls_Ontario_Canada_2178029.jpg,0.005312681,0.015782569,0.008981599,0.01653418,0.050911255,0.0007353231,0.0041503245,0.0030926196,0.06748629,0.79433537,0.0030151755,0.0017931949,0.0010943537,0.0016238281,0.013290414,0.0026465056,0.003863066,0.0053512887
Niagara Falls/57.jpg,0.05768532,0.03246279,0.0147264,0.038790643,0.27306753,0.039769337,0.012716998,0.05480001,0.045700315,0.028631454,0.030578284,0.080506824,0.03005647,0.0071733585,0.08759126,0.11948022,0.016782964,0.029479835
Niagara Falls/58.Image01-NiagaraFalls.JPG,0.057361856,0.11224451,0.041076545,0.042381763,0.035344712,0.032814622,0.087425046,0.01754368,0.03043007,0.105322085,0.0038455955,0.008241148,0.0780738,0.009516324,0.06856737,0.12931263,0.12370701,0.016791033
Niagara Falls/58.jpg,0.06873014,0.027232261,0.07406217,0.026572814,0.009492496,0.018704217,0.03230659,0.016532263,0.015518165,0.5400062,0.011574721,0.009961916,0.012962122,0.025009623,0.0036311375,0.029765146,0.06686198,0.011076048
Niagara Falls/59.jpg,0.01983885,0.02440427,0.02013823,0.00024342941,0.0018466533,0.016124753,0.014899086,0.0020633761,0.008962923,0.019526936,0.0027651868,0.001967564,0.7413608,0.04235534,0.0032636037,0.0015403763,0.07800816,0.0006904119
Niagara Falls/6.falls-1.jpg,0.027317915,0.04252364,0.094673015,0.033599343,0.07715967,0.06854203,0.0836094,0.09108375,0.04232742,0.09132779,0.019434566,0.020794906,0.035715993,0.026432522,0.030308733,0.07430982,0.06548051,0.07535896
Niagara Falls/6.jpg,0.081249446,0.08347207,0.026129795,0.067500755,0.06166556,0.059333436,0.0653836,0.04172559,0.053232685,0.06768979,0.06902645,0.08137733,0.018750297,0.028141135,0.062646665,0.055984735,0.027386006,0.04930468
Niagara Falls/60.b72d9b68-4f3c-4dee-8194-e4f09bad1d97_niagara_falls_canada_alt_slider2.jpg,0.22650936,0.016437681,0.12035566,0.0154899,0.07658334,0.05125033,0.048576716,0.020882338,0.0128154885,0.13337424,0.0140671255,0.01809154,0.021884315,0.08008928,0.009526176,0.05940328,0.049974203,0.024689183
Niagara Falls/60.jpg,0.07791561,0.086832315,0.043785512,0.03556463,0.0503253,0.06577255,0.08341177,0.038790278,0.053795647,0.089357495,0.047820386,0.06686764,0.024285248,0.05931222,0.036687296,0.06382452,0.043263678,0.032387946
Niagara Falls/61.jpg,0.060573705,0.05398069,0.07370571,0.03558861,0.074619964,0.024957448,0.029187277,0.03940701,0.12370924,0.19181344,0.01729264,0.026159009,0.020548807,0.01517448,0.021428503,0.10946982,0.030022066,0.052361503
Niagara Falls/62.jpg,0.03241039,0.07476367,0.02974504,0.02516855,0.04167959,0.011820766,0.017354775,0.026948415,0.09369158,0.49421617,0.005127672,0.006973268,0.027730053,0.0069581354,0.038949814,0.022687843,0.025201237,0.018573008
Niagara Falls/63.jpg,0.0060506538,0.009248878,0.006019273,0.020664904,0.1275828,0.0027146903,0.008421698,0.0038583695,0.45350206,0.2626828,0.011206391,0.0037439223,0.0025862386,0.00210483,0.03465382,0.009531419,0.0028179025,0.032609437
Niagara Falls/63.niagara-falls.jpg,0.00633736,0.0036944838,0.014548346,0.034587156,0.10887529,0.0073606903,0.010809253,0.0027329093,0.2907652,0.35264176,0.118198484,0.0041518314,0.0019718097,0.0043218643,0.016421799,0.005039756,0.009337381,0.008204555
Niagara Falls/64.jpg,0.05024822,0.09240811,0.084462196,0.038736384,0.06374899,0.04126465,0.0348569,0.06915547,0.06536658,0.117896914,0.035636816,0.06726223,0.041339055,0.03245692,0.029449543,0.044652425,0.03812565,0.052932944
Niagara Falls/64.niagara-falls-29100326-1466421414-WideInspirationalPhoto1170.jpg,0.09313606,0.03921062,0.08901402,0.04217732,0.052651804,0.059891276,0.062897235,0.03277813,0.03255456,0.15666337,0.023528265,0.034513365,0.034916133,0.05107089,0.017743729,0.054826275,0.082725555,0.039701402
Niagara Falls/65.16.jpg,0.126339,0.09100155,0.09019638,0.01842461,0.05162027,0.0492768,0.029258637,0.02973804,0.042190436,0.13809295,0.011274371,0.02511661,0.058698304,0.040946234,0.028428912,0.0931778,0.050277866,0.025941147
Niagara Falls/65.jpg,0.051496617,0.019603599,0.03587483,0.02443411,0.0386897,0.016297314,0.047381487,0.004757167,0.07225818,0.3546045,0.08393253,0.025656354,0.03982753,0.063050136,0.050291184,0.01367214,0.047752474,0.010420128
Niagara Falls/66.201608_Niagara_Falls-948x341.jpg,0.022446431,0.172296,0.09626098,0.02057195,0.039020754,0.050066657,0.14919187,0.08605162,0.01407227,0.09928883,0.018078111,0.035993584,0.020294776,0.05805696,0.011312591,0.016974399,0.07795544,0.0120666595
Niagara Falls/66.jpg,0.095888466,0.035448197,0.017855085,0.053855468,0.08399959,0.035140913,0.06409195,0.049002014,0.038731482,0.14746645,0.010175795,0.023668118,0.030318996,0.015648277,0.018239822,0.13148768,0.054949295,0.094032556
Niagara Falls/67.NiagaraFall_header-736x250.jpg,0.06113234,0.014772942,0.0069384202,0.042377416,0.07252539,0.037069496,0.041508023,0.014708414,0.08825003,0.18840407,0.115444064,0.027934626,0.048696406,0.030992672,0.104870856,0.031484246,0.02486375,0.048026893
Niagara Falls/67.jpg,0.0344801,0.048962407,0.017175326,0.05699209,0.034545727,0.09118745,0.12507914,0.027063228,0.075973935,0.09914769,0.014069464,0.013130503,0.05207087,0.015924107,0.040302027,0.12086132,0.079843186,0.053191394
Niagara Falls/68.Niagara-Falls-1-1038x350.jpg,0.071213,0.036936343,0.0044353134,0.057176337,0.22390959,0.0051197805,0.007972626,0.008510431,0.11420006,0.28380296,0.016214952,0.022206815,0.012240175,0.0067935134,0.07450161,0.030535277,0.0062229033,0.018008227
Niagara Falls/68.jpg,0.011234666,0.007275166,0.026599752,0.019026019,0.05710464,0.014407713,0.017695112,0.009215946,0.2478636,0.46189225,0.02947645,0.0049295686,0.0056413105,0.0069876765,0.013441907,0.021907346,0.018614193,0.026686555
Niagara Falls/69.Niagara-Falls-Aerial-View.jpg,0.08493473,0.036158398,0.043394305,0.012133514,0.007198511,0.042445365,0.085217364,0.019584078,0.007768766,0.19256707,0.008313054,0.0113678975,0.10842458,0.07928774,0.01580756,0.03327761,0.19592223,0.016197328
Niagara Falls/69.jpg,0.050991498,0.1116425,0.09746558,0.07151795,0.05087741,0.037600618,0.0684369,0.054029938,0.02598062,0.11577403,0.040696524,0.06630197,0.014148084,0.083373174,0.016128697,0.017485803,0.055807535,0.021741197
Niagara Falls/7.jpg,0.0415882,0.10388901,0.0678088,0.028850557,0.11187109,0.017157685,0.036716215,0.035752255,0.1438432,0.1369938,0.009668865,0.03585272,0.010719614,0.0060145664,0.062014733,0.05756254,0.014093973,0.07960212
Niagara Falls/70.3-Day-Niagara-Falls-01-jpg.jpg,0.03742349,0.013086749,0.014973317,0.05131004,0.02450507,0.024611063,0.13566935,0.022138901,0.019197922,0.15695815,0.02692395,0.017114572,0.061545867,0.050443828,0.032286387,0.024414754,0.26871756,0.018678978
Niagara Falls/71.jpg,0.05568184,0.024553996,0.01484397,0.07423463,0.080016404,0.09190715,0.030708805,0.06361685,0.05278305,0.045104522,0.16349505,0.05957631,0.02896735,0.04434664,0.047301885,0.028330531,0.053709265,0.04082166
Niagara Falls/72.depositphotos_101278360-stock-photo-niagara-falls-on-the-border.jpg,0.23009527,0.040968448,0.010942983,0.026770633,0.060874123,0.040115386,0.054770622,0.018944727,0.035208862,0.056899056,0.0067024305,0.03342189,0.036406178,0.008611855,0.049587708,0.1967954,0.017549144,0.0753352
Niagara Falls/72.jpg,0.08878457,0.08182655,0.005669898,0.04685892,0.10350531,0.02832902,0.037146043,0.014592989,0.086874664,0.07043938,0.020392178,0.020936156,0.026857385,0.008528764,0.2233633,0.08999466,0.008859694,0.037040424
Niagara Falls/73.jpg,0.12867934,0.043267515,0.011842884,0.0462164,0.091539316,0.0075638727,0.011368196,0.00311864,0.058297876,0.42644364,0.017888544,0.021112228,0.011736148,0.015434528,0.06802779,0.01889136,0.009849472,0.008722257
Niagara Falls/75.jpg,0.11784962,0.095294535,0.11639399,0.010425409,0.00862921,0.023044141,0.028785102,0.012455528,0.011710143,0.31852907,0.0011141176,0.005974405,0.055841606,0.017489448,0.013714027,0.05303598,0.10241298,0.0073007634
Niagara Falls/77.nf-2_1.jpg,0.16498022,0.04424306,0.029905554,0.043154344,0.03654757,0.047675025,0.03990604,0.018075623,0.050957207,0.062244438,0.05135811,0.06385529,0.068693094,0.03419747,0.054281622,0.1136461,0.044502977,0.03177622
Niagara Falls/78.r_3769-wastewater-treatment-process-blamed-for-inky-water-at-niagara-falls.jpg,0.03965298,0.09332037,0.12931582,0.0099898195,0.019982943,0.034458067,0.027419366,0.09496446,0.035468806,0.27972233,0.004233481,0.014530727,0.03080416,0.012551969,0.013831678,0.050352372,0.05151296,0.05788772
Niagara Falls/79.niagara-falls-1200x400.jpg,0.07431492,0.0073777926,0.0056882426,0.031177638,0.024315026,0.01475429,0.053120736,0.007027268,0.018135712,0.44754207,0.04592482,0.02280592,0.028112134,0.077412814,0.022578498,0.012964114,0.09531843,0.011429591
Niagara Falls/8.jpg,0.028708726,0.06780412,0.03945421,0.05191245,0.04787252,0.0147803025,0.08205597,0.009836928,0.040928133,0.44966412,0.06334294,0.01579901,0.0020770386,0.028832806,0.019098192,0.006635928,0.024853338,0.0063433065
Niagara Falls/8.nf-top-10-866x350.jpg,0.06841912,0.057451032,0.43145564,0.006278645,0.01698606,0.01399293,0.025800323,0.035349872,0.0069297734,0.15680173,0.0032264956,0.010591807,0.023576383,0.029417507,0.010287096,0.024613425,0.062494,0.016328122
Niagara Falls/81.jpg,0.035670694,0.006383476,0.0040011974,0.028432803,0.02980795,0.012238258,0.035189305,0.0041765543,0.022744415,0.59054965,0.084279746,0.011667419,0.008187522,0.0477568,0.02321212,0.008079365,0.039611872,0.008010904
Niagara Falls/81.niagara-falls-625x302.jpg,0.03043391,0.009058838,0.03163903,0.019020414,0.020382307,0.007056154,0.030522116,0.010637042,0.017537363,0.6842213,0.016769588,0.0064430223,0.013008345,0.03024078,0.0072686723,0.01101314,0.04202689,0.012721241
Niagara Falls/82.41bd38bd-8803-4133-81c8-3f86a4ebed1e.jpg,0.07098606,0.01265924,0.020655237,0.02441331,0.5182823,0.0069058877,0.00848546,0.04403066,0.057397254,0.042549137,0.046469484,0.03833438,0.010690855,0.0019415688,0.018592587,0.068083994,0.0037567094,0.0057657813
Niagara Falls/83.jpg,0.0012787723,0.0029286689,0.9173487,0.0023803597,0.019244013,0.001290339,0.0021719367,0.0043886215,0.0098642465,0.024728337,0.00043841367,0.00034195502,0.00021555381,0.00033756898,0.00017641242,0.0039410093,0.007366588,0.0015585797
Niagara Falls/83.niagara-falls-90-minute-tour-maid-mist-sightseeing-boat-cruise-attraction.jpg,0.42361683,0.014103401,0.007605211,0.0065717697,0.103031464,0.01673395,0.006522351,0.013055122,0.08602792,0.041682217,0.014714221,0.028985176,0.024212958,0.0023323982,0.038040873,0.16043112,0.0022484306,0.010084568
"Niagara Falls/84.horseshoe-falls-niagara-falls-ontario-canada,65849.jpg",0.05762464,0.07372234,0.03169174,0.051985312,0.0636117,0.07557594,0.09129755,0.024390586,0.055048406,0.061766498,0.05748857,0.05907996,0.03193809,0.059142444,0.047621425,0.059793036,0.05371948,0.044502538
Niagara Falls/84.jpg,0.11722052,0.11241069,0.03703423,0.062253162,0.06381341,0.01772448,0.02736551,0.0138160745,0.021289757,0.34459564,0.011101294,0.037301686,0.008627792,0.02803703,0.021567926,0.02920696,0.028380523,0.018253332
Niagara Falls/85.dest_BU1_thumb2.jpg,0.015404854,0.0012828516,0.0012736814,0.0016950454,0.0044436287,0.00041188524,0.0038849795,0.0004573937,0.0029076987,0.9392869,0.0030453566,0.0013779341,0.0017312183,0.011208456,0.0033427551,0.00099731,0.0057861353,0.001461831
Niagara Falls/85.jpg,0.15175915,0.013048512,0.0024391138,0.0019165536,0.4821176,0.0014970549,0.00060167245,0.012701079,0.038239393,0.037287783,0.0019172985,0.014671731,0.0036136566,0.00015175487,0.01961186,0.21680182,0.00039267732,0.001231324
Niagara Falls/86.Maid-of-the-Mist-rendering-snippet-702x336.jpg,0.041128047,0.0061796806,0.010690748,0.061407965,0.05336574,0.050121095,0.025458064,0.0062757097,0.049633715,0.04459119,0.5157374,0.024476144,0.0134820575,0.02240761,0.042731773,0.006820103,0.015849527,0.0096435025
Niagara Falls/86.jpg,0.07773403,0.036979046,0.25278157,0.025227817,0.069672644,0.036737315,0.04003866,0.05518735,0.0107009,0.114512324,0.02261716,0.024337921,0.01970726,0.067793466,0.022667645,0.035118353,0.06464848,0.023538066
Niagara Falls/87.Toronto-Niagara.jpg,0.013643175,0.0032380912,0.0039015743,0.011705148,0.016962813,0.0045419256,0.018956084,0.0023552729,0.019798284,0.80759203,0.030278983,0.003763554,0.0048807645,0.018800765,0.0109672835,0.004612718,0.018125657,0.0058759255
Niagara Falls/89.jpg,0.34691787,0.011488363,0.09476362,0.011162147,0.08988595,0.009830824,0.010301606,0.05777004,0.11642987,0.04502465,0.05564937,0.030669281,0.057739966,0.00628934,0.008655995,0.026507672,0.010422455,0.010490889
Niagara Falls/9.billionphotos-680103-640x315.jpg,0.03178293,0.0363683,0.019753683,0.056517325,0.055790305,0.07788375,0.044243168,0.04927869,0.1773466,0.10341605,0.013716816,0.009648454,0.029707203,0.0065545994,0.02976553,0.14008588,0.054320488,0.06382018
Niagara Falls/9.jpg,0.020661553,0.0030370594,0.009108085,0.0023445492,0.005422098,0.00083697104,0.0041753296,0.002092273,0.0057128253,0.91747344,0.0011354471,0.001839739,0.0020949815,0.0072540888,0.001015851,0.0029550905,0.009875793,0.002964869
Niagara Falls/90.jpg,0.3462401,0.020105349,0.07827947,0.010143657,0.10542143,0.022635734,0.009109501,0.009580426,0.15798162,0.09483825,0.009296517,0.008995998,0.020259162,0.005220583,0.018924527,0.06548723,0.0067466027,0.010733928
Niagara Falls/91.jpg,0.1211305,0.031053115,0.07444073,0.07918961,0.1699141,0.056668565,0.027386868,0.032779597,0.05231668,0.061075326,0.079762384,0.052448086,0.019598339,0.024886796,0.025219839,0.03862164,0.02665696,0.026850775
Niagara Falls/92.jpg,0.03203828,0.014042343,0.007903478,0.019234478,0.017350843,0.009695276,0.013061588,0.015270323,0.038808163,0.7240967,0.0023480328,0.002708616,0.013102397,0.0046898783,0.008436003,0.021905974,0.025984954,0.029322632
Niagara Falls/93.jpeg,0.08188831,0.06376312,0.023415705,0.033328205,0.052114096,0.08723088,0.05555466,0.032334667,0.07932993,0.075578704,0.05905288,0.07039224,0.033238467,0.04612413,0.028756851,0.10326076,0.037953526,0.036682844
Niagara Falls/96.jpg,0.09982108,0.05612489,0.027751997,0.016472103,0.020399358,0.03018149,0.0657219,0.048499703,0.026380869,0.2061299,0.0026951574,0.005160751,0.09381277,0.016388109,0.04064549,0.10368629,0.11450303,0.025625072
Niagara Falls/97.jpg,0.029336309,0.02908022,0.0075986064,0.024112077,0.58059007,0.003672551,0.0022883099,0.010587027,0.09182263,0.08229508,0.034735158,0.015289656,0.0029162555,0.001228508,0.058385994,0.01667598,0.00073638244,0.008649207
Pyramids Of Giza - Egypt/1.The-Great-Pyramid-Egypt-Tours-Portal-e1514361529725.jpg,0.049366694,0.08149405,0.031489078,0.045446564,0.07718033,0.081604466,0.0989064,0.03738394,0.032040495,0.052762315,0.03488039,0.045716327,0.050097376,0.058853768,0.05587396,0.051707264,0.05770754,0.057488963
Pyramids Of Giza - Egypt/1.pyramids-2371501__340.jpg,0.017162964,0.0017595682,0.0014830239,0.07486158,0.07933701,0.081115894,0.004161763,0.034348648,0.2320798,0.0150406,0.3415905,0.045265913,0.009119179,0.0039336947,0.016850058,0.013672534,0.014105462,0.014111708
Pyramids Of Giza - Egypt/10.e9a44492824519b042b90d5e8bb660e6.jpg,0.0065433146,0.0002894942,0.00074198487,0.027818516,0.019092029,0.041101184,0.007837262,0.0013649429,0.02011875,0.0036303937,0.8442594,0.0049256408,0.003626684,0.0039005277,0.007496376,0.0010303287,0.004853239,0.0013701022
Pyramids Of Giza - Egypt/10.pyramids_of_giza-1040x400.jpg,0.011485296,4.2167267e-05,0.00019552746,0.01728564,0.0076195607,0.02860863,0.0011812239,0.0013869232,0.018013509,0.001018164,0.89569134,0.0072223227,0.003421575,0.0021070538,0.0016394907,0.00030940256,0.0022680922,0.0005038955
Pyramids Of Giza - Egypt/100.png,0.016419208,0.001398496,0.0013121113,0.028973483,0.031564143,0.051910613,0.003327918,0.020833332,0.027654622,0.0051073087,0.6858888,0.07006024,0.012181798,0.018129028,0.009619504,0.0014465877,0.012953063,0.0012197347
Pyramids Of Giza - Egypt/101.jpg,0.005071435,0.000709367,0.0006456929,0.030754562,0.028404705,0.06715015,0.0055220276,0.0032085076,0.12973037,0.0109067615,0.67136866,0.0112756025,0.005595541,0.0050294213,0.008876056,0.0040392233,0.00959979,0.0021121602
Pyramids Of Giza - Egypt/102.jpg,0.004456367,2.8571141e-05,0.000115328185,0.013779671,0.0053020413,0.017663194,0.0012910886,0.0003081522,0.019344317,0.0010614595,0.9263532,0.00288625,0.0021802709,0.0011779595,0.001752379,0.00020337976,0.0017905384,0.00030594313
Pyramids Of Giza - Egypt/11.93118684-great-pyramids-of-giza-egypt-at-sunset.jpg,0.092989706,0.027337542,0.0445547,0.04594404,0.020060971,0.04911983,0.14835447,0.020572796,0.029965969,0.023287052,0.06449655,0.020465262,0.21418275,0.06445699,0.025995845,0.012384844,0.07468342,0.021147281
Pyramids Of Giza - Egypt/11.pyramids_of_giza-1040x400.jpg,0.0018677053,7.2779374e-05,0.0005738033,0.020986034,0.0124297775,0.019766081,0.005076524,0.0005417996,0.03609719,0.0019618853,0.8868606,0.0016683333,0.0017160634,0.0018773208,0.0026090902,0.0003387421,0.0051283366,0.0004278479
Pyramids Of Giza - Egypt/112.jpg,0.013945547,0.024435245,0.006807033,0.03634578,0.24705492,0.03619861,0.008751198,0.14526872,0.29128525,0.019868983,0.04551345,0.054631505,0.0067592245,0.0063808924,0.01367525,0.020604094,0.007690608,0.014783815
Pyramids Of Giza - Egypt/115.jpg,0.063613884,0.0011366,0.0016659908,0.06050954,0.054132562,0.046403285,0.007175885,0.006294757,0.0969156,0.004021644,0.47259805,0.062805265,0.05568052,0.009015282,0.0357164,0.004993846,0.010393734,0.0069272746
Pyramids Of Giza - Egypt/12.IMG_2651-2000x1200-1245x600.jpg,0.09348294,0.0325061,0.045039788,0.06777302,0.08697248,0.042640842,0.055277273,0.06078374,0.041497946,0.065644905,0.04186903,0.061054163,0.05269337,0.039029703,0.029687943,0.06275514,0.06820771,0.05308384
Pyramids Of Giza - Egypt/12.jpg,0.027021086,0.00063331315,0.0013879166,0.04378294,0.04665566,0.045648586,0.007870342,0.0030272577,0.09892575,0.0064557632,0.6459998,0.018507091,0.014238127,0.0066140373,0.017462632,0.00437067,0.007785964,0.003613229
Pyramids Of Giza - Egypt/12.panorama-area-great-pyramids-giza-260nw-1024207936.jpg,0.010641482,0.010858538,0.0017951508,0.029980397,0.07746212,0.044014685,0.0024916143,0.23031577,0.06472695,0.00642842,0.24079873,0.23057708,0.009879153,0.0072690514,0.015576913,0.0029299739,0.012281413,0.0019724374
Pyramids Of Giza - Egypt/122.jpg,0.013088914,0.00022244925,0.00044640555,0.023710925,0.012433548,0.03399913,0.004950575,0.00089061196,0.013618789,0.0022433575,0.8596278,0.009314482,0.00729325,0.0045559057,0.008480525,0.00059822516,0.0033592728,0.0011657352
Pyramids Of Giza - Egypt/127.jpg,0.0353069,0.001312632,0.0025549708,0.044041507,0.026760625,0.055595156,0.013221458,0.0043027666,0.014022371,0.0051766494,0.70928454,0.022557272,0.01768537,0.01243366,0.020753304,0.0020401014,0.008645392,0.0043053627
Pyramids Of Giza - Egypt/13.great-pyramids-giza-egypt-sunset-260nw-1005604354.jpg,0.009735122,0.0009073984,0.0009840402,0.033815645,0.01823233,0.08235019,0.015769357,0.0028634788,0.013754408,0.012134576,0.75167924,0.009853076,0.005828447,0.010064898,0.016202256,0.0025387313,0.010052414,0.0032345017
Pyramids Of Giza - Egypt/13.great-pyramids-giza-egypt-sunset-260nw-790190062.jpg,0.013215286,0.00023197994,0.00040963548,0.028303869,0.009991135,0.051630855,0.0039547035,0.002074953,0.0162314,0.0037310615,0.8379816,0.008523544,0.0056317123,0.005210947,0.0051850434,0.0009592179,0.005519315,0.0012138743
Pyramids Of Giza - Egypt/13.jpg,0.120389655,0.0009266565,0.0016245547,0.016141918,0.032338932,0.01854676,0.0021566295,0.0072729066,0.06518556,0.0025095933,0.348194,0.21446124,0.10630303,0.018781414,0.032568086,0.0009156973,0.0054301694,0.0062531633
Pyramids Of Giza - Egypt/130.jpg,0.031661514,0.002314413,0.002274363,0.046036996,0.038108956,0.030949274,0.011343047,0.0039517474,0.018361194,0.020527603,0.60755336,0.043394122,0.023705801,0.024123637,0.07181536,0.0024964083,0.01589511,0.0054870937
Pyramids Of Giza - Egypt/131.jpg,0.088858284,0.0042434833,0.005731284,0.054672964,0.06620216,0.08944223,0.012972046,0.024927422,0.05109534,0.009845221,0.3148807,0.10974075,0.0520983,0.024911964,0.037645523,0.009324011,0.016050294,0.027357856
Pyramids Of Giza - Egypt/133.jpg,0.017993191,0.0003663998,0.0010910527,0.028073128,0.009275203,0.035399765,0.004900498,0.0014970254,0.028458428,0.0044241855,0.83525604,0.008014505,0.0071109575,0.005060646,0.00456427,0.00095295254,0.006339185,0.0012226109
Pyramids Of Giza - Egypt/134.jpg,0.036966674,0.04921369,0.0061119557,0.060446944,0.1262885,0.04545642,0.04316471,0.032992803,0.057178587,0.038649738,0.16953766,0.14019199,0.015745021,0.03594742,0.08267492,0.021679234,0.019404463,0.018349364
Pyramids Of Giza - Egypt/137.jpg,0.04321819,0.0017064507,0.0066275345,0.028877355,0.17909244,0.009625567,0.016498921,0.03185501,0.01715398,0.01766102,0.5545112,0.018114021,0.026073435,0.0028403655,0.005528769,0.030940372,0.008737353,0.0009379789
Pyramids Of Giza - Egypt/139.jpg,0.23169784,0.025964733,0.04938957,0.06490384,0.14823785,0.028118152,0.024300883,0.017874505,0.07521237,0.035422914,0.10660063,0.05901221,0.022307118,0.02744482,0.023507098,0.022901982,0.008723528,0.028379962
Pyramids Of Giza - Egypt/14.IMG_2651-2000x1200-1245x600.jpg,0.05291478,0.000563353,0.0014967127,0.023554547,0.01730903,0.029048525,0.0056030485,0.0015315764,0.023771422,0.00580004,0.75512797,0.024298182,0.023832237,0.011926521,0.014784077,0.0011354109,0.0052498234,0.0020526622
Pyramids Of Giza - Egypt/14.The-three-main-pyramids-of-Giza.jpg,0.016105728,0.013993913,0.00053005916,0.04119968,0.105132826,0.008294487,0.061603077,0.0012215277,0.036392607,0.01397404,0.2298628,0.02708768,0.004271509,0.0047642835,0.42172962,0.0045970767,0.0021235382,0.0071155643
Pyramids Of Giza - Egypt/14.jpg,0.0065488163,4.259143e-05,0.00015733624,0.009331836,0.0074102613,0.01533889,0.00095499813,0.00071759726,0.029309677,0.0013171392,0.91249627,0.006821606,0.0033868395,0.0015603587,0.001897387,0.00021488995,0.0022563906,0.00023728581
Pyramids Of Giza - Egypt/140.jpg,0.09304622,0.013906721,0.35274568,0.041890174,0.042166524,0.01708101,0.044513404,0.031880766,0.03277949,0.054541063,0.08392635,0.013177467,0.028859083,0.042222004,0.007142429,0.01533249,0.07613429,0.008654775
Pyramids Of Giza - Egypt/144.jpg,0.019905392,0.00025599005,0.0009315717,0.032589253,0.036828816,0.027028792,0.0050745667,0.0012344563,0.13998877,0.00660474,0.68184537,0.00961094,0.010233559,0.0027484,0.013194728,0.0026700352,0.005321953,0.0039327475
Pyramids Of Giza - Egypt/145.png,0.03680594,0.00015914516,0.00025642302,0.029114438,0.013477552,0.028640984,0.0013738432,0.002562767,0.023992835,0.001262941,0.78239447,0.03967371,0.0211981,0.005908758,0.007154652,0.00060903485,0.0042582285,0.0011561181
Pyramids Of Giza - Egypt/15.92557570-great-pyramids-of-giza-egypt.jpg,0.02437347,0.001040632,0.001442064,0.03930909,0.026020417,0.05676121,0.017584179,0.0031061163,0.015526301,0.007262912,0.7137343,0.02168652,0.018866302,0.013807438,0.024238752,0.0019674574,0.008113541,0.005159273
Pyramids Of Giza - Egypt/15.panorama-area-great-pyramids-giza-egypt-106771876.jpg,0.00337223,8.911109e-05,0.00021225745,0.00944268,0.0049091075,0.019486912,0.0032418591,0.0003194181,0.016595438,0.00662382,0.9177125,0.0022685393,0.0027658483,0.0042529837,0.0033319017,0.0003308286,0.004764274,0.00028031244
Pyramids Of Giza - Egypt/152.jpg,0.004049546,1.8038389e-05,0.00011943275,0.0121833775,0.005075289,0.0136137875,0.0005853184,0.0008161015,0.022276388,0.00056838477,0.9308647,0.0040001296,0.002182742,0.0011109961,0.0005759168,0.0001070865,0.001685521,0.00016724001
Pyramids Of Giza - Egypt/154.jpg,0.007121865,5.3601187e-05,0.00019398822,0.025605934,0.010020073,0.023399433,0.0019776477,0.00142295,0.016862616,0.0017346019,0.8911429,0.0070709856,0.003639526,0.002207302,0.0028290916,0.00039177053,0.0036495777,0.0006762155
Pyramids Of Giza - Egypt/16.99624649-egypt-giza-pyramids-of-giza-egypt.jpg,0.047512893,0.12451183,0.024695395,0.037935726,0.07615938,0.084478974,0.06541311,0.03239485,0.0751492,0.05207622,0.06601507,0.076594196,0.02378134,0.04969864,0.042689983,0.054718092,0.02488409,0.041291002
Pyramids Of Giza - Egypt/16.The-three-main-pyramids-of-Giza.jpg,0.0017685558,9.138444e-06,4.5856705e-05,0.009092254,0.005034886,0.011359613,0.0005103055,0.00023534127,0.019930007,0.000905081,0.94560176,0.0014889553,0.0009241172,0.00050149235,0.0009856722,0.00011573142,0.001348262,0.00014290746
Pyramids Of Giza - Egypt/162.jpg,0.022387609,0.0010280225,0.002071569,0.05616962,0.017140491,0.062723145,0.008493011,0.0069553615,0.024967503,0.010734621,0.7189033,0.013044779,0.010586328,0.013132186,0.0094604045,0.0019390138,0.017872138,0.0023908997
Pyramids Of Giza - Egypt/163.jpg,0.045115918,0.0012321396,0.0033211503,0.03553973,0.024429576,0.035854172,0.010329642,0.002223724,0.016905198,0.004816953,0.7693327,0.012722525,0.00953329,0.0071030655,0.011701207,0.0021691583,0.0052626436,0.0024071357
Pyramids Of Giza - Egypt/166.jpg,0.043981347,0.024663333,0.012272687,0.09216162,0.06424062,0.0713712,0.05237272,0.025450457,0.031618115,0.095010564,0.16110776,0.051323798,0.025766326,0.07039579,0.047054727,0.018027734,0.087881625,0.025299609
Pyramids Of Giza - Egypt/17.03dbe2476acd18b93da1dabe3caf54d1.jpg,0.060658988,0.07642248,0.05069741,0.060238067,0.06823063,0.06346279,0.054177098,0.03758801,0.040739745,0.04633286,0.065290965,0.061394017,0.044512916,0.05157609,0.060537096,0.05523687,0.05514735,0.047756582
Pyramids Of Giza - Egypt/17.pyramids-at-giza-cairo-egypt-jon-berghoff.jpg,0.0045600985,0.00016437832,0.00026664647,0.024203826,0.008923068,0.025457457,0.0060178204,0.0011517134,0.0034937588,0.0015344351,0.9042037,0.0043455823,0.00209366,0.003525105,0.0057698446,0.00021484267,0.0035220017,0.0005520024
Pyramids Of Giza - Egypt/170.jpg,0.01288944,0.0012200287,0.0007081347,0.007610081,0.7756499,0.0041469387,0.004502909,0.008015178,0.0034527862,0.002733822,0.00911387,0.019063802,0.0016929377,0.00049094233,0.08871581,0.043785334,0.000311624,0.015896317
Pyramids Of Giza - Egypt/178.jpg,0.048137013,0.026842462,0.023771543,0.083612695,0.033775948,0.09289356,0.15244691,0.027320135,0.010027506,0.08009735,0.09252931,0.0292764,0.021850469,0.08699846,0.0129270675,0.019786218,0.13462012,0.023086768
Pyramids Of Giza - Egypt/18.92311041-great-pyramids-in-giza-egypt.jpg,0.011667087,0.004568576,0.0067374236,0.080630966,0.056475323,0.12588453,0.030115973,0.017432697,0.25568104,0.029487949,0.22090091,0.014450023,0.017196588,0.010279987,0.023369305,0.027651407,0.04490983,0.022560328
Pyramids Of Giza - Egypt/18.great-pyramids-giza-egypt-sunny-day-december-106508896.jpg,0.0046482002,0.000115721334,0.0004558798,0.019051483,0.017764112,0.031026931,0.002950296,0.0008067045,0.11591389,0.0025860353,0.7847569,0.0042903577,0.0036459432,0.0019920522,0.0037995474,0.00094555895,0.004476015,0.0007744541
Pyramids Of Giza - Egypt/180.jpg,0.0424499,0.018168727,0.012666635,0.07530094,0.036486913,0.106598385,0.040128764,0.026447993,0.0594345,0.06418722,0.26912415,0.032563146,0.03208352,0.034493744,0.039130677,0.033544313,0.056089398,0.021101095
Pyramids Of Giza - Egypt/183.jpg,0.0034693251,0.00023610845,0.0002655555,0.023886325,0.011772466,0.03824846,0.0047702407,0.000984025,0.012452636,0.0066645,0.8692409,0.0044067134,0.002551719,0.005019321,0.008649656,0.0005684445,0.00601434,0.0007993946
Pyramids Of Giza - Egypt/19.5905706473_a8a0a54ef7_b.jpg,0.011397174,0.001258459,0.0012260191,0.03327879,0.090354435,0.109259196,0.008144927,0.009886262,0.14487249,0.013027616,0.50048375,0.03041976,0.004629667,0.010305876,0.011534738,0.007783322,0.0074804556,0.0046570064
Pyramids Of Giza - Egypt/19.great-pyramids-giza-egypt-panorama-area-106808281.jpg,0.07993573,0.09424458,0.03927936,0.043792214,0.17796072,0.025809547,0.042724032,0.04760972,0.050202712,0.036702037,0.05987345,0.042709272,0.04648634,0.014080795,0.12118335,0.04559046,0.020006008,0.01180971
Pyramids Of Giza - Egypt/19.jpg,0.004319736,6.3891566e-05,0.0003089002,0.012662093,0.008999159,0.029151637,0.0027210608,0.0003753916,0.01150904,0.0020808342,0.9160506,0.0023872142,0.0017862085,0.0018201715,0.0029593902,0.0003873549,0.0019715687,0.00044576073
Pyramids Of Giza - Egypt/191.jpg,0.060368136,0.022281518,0.23702686,0.07651866,0.06119204,0.017445404,0.06443294,0.04140564,0.035163198,0.01838939,0.17405573,0.023817481,0.036310658,0.04232779,0.01838304,0.006925006,0.047829475,0.016126914
Pyramids Of Giza - Egypt/194.jpg,0.34691787,0.011488363,0.09476362,0.011162147,0.08988595,0.009830824,0.010301606,0.05777004,0.11642987,0.04502465,0.05564937,0.030669281,0.057739966,0.00628934,0.008655995,0.026507672,0.010422455,0.010490889
Pyramids Of Giza - Egypt/197.png,0.025428353,0.00019115042,0.0004273732,0.021670844,0.014027506,0.02215189,0.0033810933,0.0010815589,0.005448727,0.0013712562,0.86351645,0.0150304865,0.0070705605,0.004628828,0.010997828,0.00036718312,0.00208883,0.0011201225
Pyramids Of Giza - Egypt/199.jpg,0.055643447,0.013530561,0.009340218,0.033638652,0.03536374,0.13585396,0.034615517,0.030331668,0.077976726,0.029496288,0.15433255,0.068985745,0.11486646,0.05673144,0.028223483,0.024588669,0.06974685,0.02673396
Pyramids Of Giza - Egypt/2.Interesting-facts-about-Pyramids-blog-featured-image.jpg,0.017800624,0.00044887397,0.00054460333,0.03374912,0.030979661,0.044997517,0.004007317,0.00514573,0.016777892,0.003010544,0.75182074,0.035644267,0.015459415,0.010257641,0.018874688,0.0011272498,0.006814268,0.0025397372
Pyramids Of Giza - Egypt/2.jpg,0.026657974,0.018614203,0.025198981,0.049933173,0.14866382,0.038312785,0.027062478,0.12143569,0.021820068,0.010106741,0.1903823,0.116174705,0.037579477,0.054367732,0.05380814,0.008569112,0.03936399,0.011948673
Pyramids Of Giza - Egypt/20.Giza-Pyramids.jpg,0.020192778,0.018515171,0.014159008,0.017193735,0.0163573,0.073441185,0.058558647,0.019925911,0.03516482,0.009777889,0.07673626,0.017217146,0.3786611,0.0670624,0.010642578,0.007132583,0.1490913,0.010170245
Pyramids Of Giza - Egypt/20.getty-leningrad1975-pyramid-612478888_600.jpg,0.040211305,0.0011155725,0.0016136578,0.038978226,0.03322321,0.062530525,0.011030058,0.0042433934,0.038648278,0.009454595,0.62401223,0.038894504,0.02780272,0.01390322,0.032383546,0.0041503706,0.010405326,0.007399248
Pyramids Of Giza - Egypt/207.jpg,0.0034619102,0.0028249722,0.013979677,0.11153715,0.06144165,0.004479606,0.04500282,0.018081728,0.01140626,0.0075805103,0.6643993,0.006311588,0.007525368,0.012483259,0.006644842,0.0009893159,0.020068537,0.0017815066
Pyramids Of Giza - Egypt/208.jpg,0.053949453,0.025566932,0.017509034,0.030521268,0.27884394,0.043163713,0.047186527,0.036669467,0.051456142,0.015687821,0.052932717,0.086805664,0.027280005,0.032555778,0.08942793,0.04456759,0.00871089,0.057165265
Pyramids Of Giza - Egypt/21.egypt-giza-1-1040x400.jpg,0.035553627,0.006784092,0.0039822217,0.09837834,0.06083382,0.066423215,0.021739678,0.018774657,0.054341193,0.032525595,0.35561207,0.04817196,0.0340515,0.021711092,0.068155505,0.01423466,0.035880633,0.022846118
Pyramids Of Giza - Egypt/210.jpg,0.050741937,0.0012790258,0.001891944,0.04074022,0.02607902,0.066124186,0.011650344,0.0048207636,0.019295229,0.00821778,0.6541811,0.03179557,0.024304027,0.014656811,0.025966227,0.0027591765,0.008944256,0.006552319
Pyramids Of Giza - Egypt/212.jpg,0.0023115007,2.8564045e-05,6.559691e-05,0.009875994,0.0029207212,0.02160496,0.0025128557,0.00023612512,0.0019960725,0.0015050723,0.94814706,0.0016502005,0.000988536,0.0023142912,0.0019583125,9.099146e-05,0.0016299938,0.00016322048
Pyramids Of Giza - Egypt/214.jpg,0.011615704,0.0014944301,0.00035883003,0.009910202,0.035424765,0.044319317,0.0005720143,0.062262688,0.05206229,0.0011757059,0.43556732,0.32590532,0.005665303,0.006385924,0.0040839287,0.0006981266,0.0015938141,0.0009041985
Pyramids Of Giza - Egypt/22.Giza-Pyramids.jpg,0.120364785,0.0008889795,0.0014819428,0.079359226,0.024262551,0.03198859,0.0048414017,0.005380607,0.036823906,0.0032821884,0.50731117,0.07075159,0.059668787,0.0105136465,0.02537174,0.0020784158,0.010541617,0.005088775
Pyramids Of Giza - Egypt/22.pyramids.jpg,0.12060195,0.00063006824,0.0014264443,0.04164217,0.018807594,0.029805407,0.004473142,0.00375179,0.013891007,0.0028503109,0.67468685,0.03946592,0.017539263,0.0063344226,0.014942206,0.0011860814,0.004219478,0.0037458658
Pyramids Of Giza - Egypt/23.465113534be7d60c5160b04ec7ad6d35.jpg,0.021383367,0.00092546013,0.002716886,0.038809747,0.049876604,0.1592844,0.011324586,0.017072517,0.030075576,0.0048638554,0.5703208,0.031909324,0.012481697,0.018056817,0.012035973,0.0036363425,0.010690498,0.0045356075
Pyramids Of Giza - Egypt/24.egypt-giza-1-1040x400.jpg,0.007963517,0.0031181534,0.008575245,0.04451688,0.5414522,0.02596744,0.031662486,0.012439947,0.04104515,0.0076734484,0.08569444,0.011813285,0.008696619,0.0065362696,0.10296566,0.020170392,0.008321136,0.03138776
Pyramids Of Giza - Egypt/25.pyramids.jpg,0.03292818,0.007207764,0.028938446,0.103994735,0.028882112,0.045343827,0.09678493,0.038347006,0.019283775,0.016677463,0.39412963,0.0139080845,0.030190868,0.031403057,0.011257714,0.0092528565,0.08010556,0.011364076
Pyramids Of Giza - Egypt/26.93796784-great-pyramids-of-giza-egypt-at-sunset.jpg,0.035106257,0.010862455,0.007783225,0.08109264,0.078069896,0.078122824,0.019865414,0.0320541,0.037384264,0.036399424,0.30206186,0.07889789,0.019269943,0.10418179,0.021947479,0.004458668,0.04707542,0.005366555
Pyramids Of Giza - Egypt/26.jpg,0.023268228,0.0038580091,0.009767323,0.15069823,0.099390484,0.05482724,0.059892267,0.13100462,0.020595912,0.009656708,0.21967573,0.01803565,0.05607636,0.016978975,0.0145722125,0.035990182,0.06298743,0.012724469
Pyramids Of Giza - Egypt/27.qsSt2LApaRgB9QYvqvDGWB-1200-80.jpg,0.0047929958,4.0724342e-05,0.00016598732,0.008635191,0.008226154,0.023385117,0.0011993452,0.00084455044,0.007378171,0.0016010802,0.9284383,0.00554242,0.002380143,0.0025711157,0.0020932169,0.0001816449,0.0022311073,0.00029289047
Pyramids Of Giza - Egypt/28.giza-1.jpg,0.049775932,0.08354561,0.03683223,0.05354861,0.08225907,0.07943226,0.06372363,0.049153034,0.045475043,0.051505085,0.074035965,0.0650768,0.028647287,0.057687156,0.037434876,0.048328657,0.043169644,0.05036914
Pyramids Of Giza - Egypt/29.00xp-lackluster-giza-dip-articleLarge.jpg,0.0058403523,0.015486893,0.0041712946,0.032761756,0.07603547,0.041332584,0.0030404,0.37330464,0.036635894,0.009494917,0.21079083,0.14026314,0.005331312,0.012923049,0.009943062,0.0022835785,0.01857426,0.0017867676
Pyramids Of Giza - Egypt/3.CBsmtfDKSxue4oxQmrX5AG-1200-80.jpg,0.041418366,0.11481813,0.1396422,0.049107004,0.058919508,0.032594882,0.06620031,0.08935296,0.022077931,0.06369678,0.041219424,0.080365956,0.016571792,0.07432511,0.0192439,0.01399158,0.050358023,0.026096059
Pyramids Of Giza - Egypt/3.iStock_000053391012_Large-78706ea.jpg,0.05372544,0.061795045,0.047928255,0.077100456,0.06830226,0.06225427,0.05534563,0.04106905,0.03577351,0.04321026,0.0866973,0.065918244,0.042707596,0.066205956,0.049561802,0.035386886,0.068357535,0.038660597
Pyramids Of Giza - Egypt/30.egyptian-pyramids-hero-875x323.jpg,0.014222343,0.0011814196,0.0021738948,0.041461293,0.05944864,0.07040626,0.012629059,0.0034759901,0.07545123,0.01202696,0.6300247,0.013564976,0.0105101485,0.007172598,0.02381776,0.0074108606,0.008935799,0.006086062
Pyramids Of Giza - Egypt/31.https_3A_2F_2Fblogs-images.forbes.com_2Fdavidbressan_2Ffiles_2F2017_2F09_2FJeancaffou_user_Wikipedia_Great_Pyramid.jpg,0.031742018,0.019942818,0.015517789,0.050002694,0.09908941,0.12944762,0.047239766,0.10743485,0.041710448,0.02435442,0.118199565,0.09631333,0.021803247,0.10207644,0.016228652,0.0150765255,0.046576347,0.017243946
Pyramids Of Giza - Egypt/32.45849480295_9dea75b017_b.jpg,0.045933083,0.010986503,0.019373056,0.07598194,0.072084144,0.075749636,0.058910888,0.026114738,0.03432734,0.033681173,0.3239435,0.03854759,0.031148722,0.039368227,0.044816982,0.01613558,0.027946342,0.024950627
Pyramids Of Giza - Egypt/33.great-pyramid-of-giza.jpg,0.012457448,0.01216315,0.008097778,0.041350707,0.05569704,0.073129855,0.0052259522,0.23552124,0.029781425,0.010107855,0.29599983,0.12694366,0.009302061,0.03496549,0.011027457,0.0025354025,0.03327239,0.002421222
Pyramids Of Giza - Egypt/34.panorama-of-the-area-with-the-great-pyramids-of-giza-egypt-R67D2W.jpg,0.006925344,0.0020094733,0.0017297443,0.029916646,0.14117861,0.09093034,0.0062462613,0.05052331,0.13269252,0.009132972,0.42851064,0.038085267,0.009978918,0.015084203,0.015157927,0.0052413917,0.012608742,0.0040477123
Pyramids Of Giza - Egypt/35.ancient-egypt-pyramids-feature-604509996.jpg,0.028289512,0.03761905,0.05480691,0.088487074,0.04278965,0.041149907,0.10006845,0.06568734,0.045812994,0.028131265,0.15467486,0.039568063,0.079343334,0.05569019,0.023083104,0.013706746,0.079173885,0.021917656
Pyramids Of Giza - Egypt/36.great-pyramids-giza-egypt-degree-panorama-area-106769350.jpg,0.013305385,0.0009828062,0.001615539,0.032761782,0.02594907,0.08499969,0.010857021,0.003566656,0.02448399,0.0062912186,0.7411995,0.014388011,0.0067434576,0.011277071,0.011199476,0.0019736104,0.0061658304,0.0022397563
Pyramids Of Giza - Egypt/36.jpg,0.06451132,0.071331404,0.035909146,0.06735685,0.059246417,0.07723743,0.041120317,0.047611635,0.04131533,0.055167515,0.09076619,0.06532987,0.03266631,0.04743098,0.056536984,0.039123327,0.059207037,0.04813202
Pyramids Of Giza - Egypt/37.500_F_186252322_ueEOFg2lURu0GhPZlhj2hM8JlzP4zIMk.jpg,0.017354695,0.0010380691,0.0012934074,0.025878388,0.06365622,0.1411355,0.003965583,0.028196387,0.098298766,0.0022896172,0.49622035,0.0776555,0.010883215,0.010611409,0.006685269,0.004169284,0.005659383,0.0050088787
Pyramids Of Giza - Egypt/38.how-old.jpg,0.006909878,0.0004071885,0.00045307007,0.020815276,0.0125309015,0.029840352,0.0024317063,0.0018955186,0.028121756,0.009025954,0.82374966,0.017240819,0.010978924,0.013645093,0.009399848,0.00063833676,0.011369229,0.00054652063
Pyramids Of Giza - Egypt/38.jpg,0.0030178512,9.672897e-06,2.5773788e-05,0.006933535,0.0020993855,0.011500263,0.0005640269,0.00017276834,0.005635379,0.0006051272,0.963251,0.001744722,0.0014112329,0.0010519036,0.0008996533,6.247208e-05,0.0009230956,9.205448e-05
Pyramids Of Giza - Egypt/39.lifelist-giza-631.jpg,0.00081923057,0.00013267461,0.00048045532,0.010858753,0.004000894,0.0016664105,0.008899184,0.00027746888,0.0042464416,0.0016960944,0.9533274,0.0007141083,0.0029133365,0.0052634683,0.0017605745,4.498023e-05,0.0028054435,9.293608e-05
Pyramids Of Giza - Egypt/4.CBsmtfDKSxue4oxQmrX5AG-1200-80.jpg,0.013889152,0.0013825189,0.0030742032,0.032835074,0.013739445,0.06912577,0.024641199,0.0020174396,0.009874483,0.008828818,0.77126896,0.0073075597,0.005869449,0.012349592,0.011500008,0.0012740322,0.00885151,0.0021708445
Pyramids Of Giza - Egypt/4.iStock_000053391012_Large-78706ea.jpg,0.012711842,0.009189733,0.010072982,0.063870765,0.10390879,0.032027386,0.013930571,0.07465359,0.01662246,0.0073818224,0.42407042,0.10545385,0.020992357,0.033460684,0.029676847,0.00310581,0.03562737,0.0032428268
Pyramids Of Giza - Egypt/40.5c26695201c0ea08067b2576-750-375.jpg,0.01616925,0.027811272,0.07067492,0.21879233,0.07494705,0.008494542,0.065940015,0.095538884,0.031901497,0.017248198,0.1955449,0.034028802,0.023430359,0.027306627,0.022800812,0.00320664,0.054643203,0.011520767
Pyramids Of Giza - Egypt/40.jpg,0.04849052,0.08950102,0.058562133,0.0559334,0.08946562,0.05896384,0.071835265,0.03828459,0.037594296,0.050576746,0.060114156,0.05863381,0.029972184,0.06006527,0.04298333,0.049650643,0.054432422,0.044940766
Pyramids Of Giza - Egypt/41.0777adfd-33652560828_62f18a6816_k-750x375.jpg,0.0097542815,0.00076944614,0.00041855927,0.047013123,0.02626241,0.03452354,0.0052559283,0.0019070945,0.03573583,0.01339276,0.7297622,0.020137137,0.012707393,0.010800197,0.036364924,0.0014294147,0.011187755,0.0025781896
Pyramids Of Giza - Egypt/41.jpg,0.0076239547,0.0020013992,0.004672967,0.049563713,0.06106214,0.05804142,0.030881332,0.006141776,0.08097254,0.026687253,0.5819671,0.008238685,0.009261396,0.011427635,0.023692902,0.007213408,0.022065025,0.008485364
Pyramids Of Giza - Egypt/42.great-pyramid-giza-wallpaper-preview.jpg,0.08467711,0.0017468026,0.003375443,0.04750974,0.04508954,0.03576323,0.013082638,0.004285274,0.028195452,0.005950864,0.6201798,0.034114514,0.021681689,0.009642975,0.027895479,0.0035536909,0.007675406,0.005580314
Pyramids Of Giza - Egypt/43.Giza-Pyramids-4-Days-in-Cairo-Egypt-TripsInEgypt-1.jpg,0.08779268,0.037261426,0.0123744905,0.047608398,0.03187317,0.06406971,0.06879812,0.048212044,0.019460183,0.029758042,0.06570845,0.05670525,0.20148528,0.05545633,0.050137613,0.02134548,0.09097158,0.010981849
Pyramids Of Giza - Egypt/45.pyramid-of-giza-ap-jpo-190502_hpMain_12x5_992.jpg,0.04719506,0.013571188,0.014714543,0.053421833,0.080523856,0.14320578,0.030941121,0.120974414,0.03560674,0.01638573,0.15141863,0.09305164,0.026942886,0.043306094,0.04369983,0.01487337,0.02973567,0.040431473
Pyramids Of Giza - Egypt/46.egypt_04_big.jpg,0.0867588,0.09511325,0.048296057,0.04839178,0.05241525,0.049778584,0.065083385,0.029173361,0.041295007,0.056111854,0.04277222,0.07350219,0.04257046,0.053949114,0.057737388,0.062430784,0.04639207,0.04822849
Pyramids Of Giza - Egypt/47.panorama-of-the-area-with-the-great-pyramids-of-giza-at-amazing-sunset-egypt-R7XC1M.jpg,0.06361782,0.041567825,0.16646297,0.055830833,0.091194615,0.015335242,0.04096946,0.033392105,0.0584309,0.01770283,0.21218385,0.033265308,0.052816056,0.045839805,0.025122447,0.004000549,0.026012428,0.01625495
Pyramids Of Giza - Egypt/48.1787cb2c991b361d7f377043501145e1.jpg,0.004091384,8.9257956e-05,0.00019701326,0.013356161,0.0035086877,0.014444085,0.0026248125,0.0005602329,0.006961142,0.0018154463,0.9411153,0.0017612866,0.0018216117,0.002417022,0.0017099521,0.00017224523,0.0031114672,0.00024293296
Pyramids Of Giza - Egypt/49.Pyramids-Egypt-406106-950px-16x7.jpg,0.084734954,0.029629903,0.10422292,0.034050804,0.031668197,0.058874447,0.06855521,0.018458324,0.045140777,0.041483093,0.121346086,0.025043946,0.1320822,0.07532217,0.01843715,0.014780102,0.074472055,0.02169769
Pyramids Of Giza - Egypt/5.jpg,0.023676729,0.007933357,0.0136960605,0.08845122,0.023359694,0.061322093,0.14201969,0.045205545,0.023432048,0.009923154,0.17948967,0.015709102,0.13987029,0.05017416,0.011091809,0.016474582,0.13148317,0.016687628
Pyramids Of Giza - Egypt/5.photographpyramidsfeature.jpg,0.04040826,0.00039447204,0.0007798311,0.030239029,0.070713006,0.107156344,0.0028596425,0.032283805,0.030437646,0.0021632516,0.5190435,0.10820934,0.013050366,0.015343744,0.014973695,0.0019356979,0.005064624,0.0049437364
Pyramids Of Giza - Egypt/50.20171220_131213-1200x593.jpg,0.13594407,0.033422627,0.11247446,0.037829477,0.062703475,0.020853499,0.023990655,0.061634827,0.08772738,0.05226167,0.11386438,0.06172529,0.086963534,0.019267205,0.017008169,0.017875988,0.031864896,0.022588424
Pyramids Of Giza - Egypt/51.jpg,0.17480043,0.004545296,0.0035164363,0.08094766,0.034837298,0.047512237,0.014690286,0.01582469,0.02208189,0.0076998128,0.1761699,0.13209565,0.1275349,0.022086127,0.082729265,0.008062669,0.022459598,0.022406014
Pyramids Of Giza - Egypt/52.1513364694_dsc_2907.jpg,0.00023396463,2.0314166e-05,8.992544e-05,0.008846768,0.0065550115,0.0052448916,0.0010466295,0.00013309727,0.003416223,0.0007495981,0.96977645,0.00040630758,0.00029382456,0.0006271913,0.0010402927,4.371108e-05,0.0014418302,3.3862194e-05
Pyramids Of Giza - Egypt/53.jpg,0.07645185,0.06643186,0.026453866,0.051105876,0.0598377,0.09440408,0.051115744,0.038220193,0.05318182,0.05752579,0.06534321,0.06798631,0.036382165,0.051497355,0.036082324,0.07018421,0.05135996,0.04643582
Pyramids Of Giza - Egypt/53.teogiza.jpg,0.03738684,0.02168061,0.07890581,0.039939504,0.43784082,0.007112248,0.011969633,0.059008725,0.04465518,0.044559304,0.09477935,0.03287436,0.017727109,0.007823282,0.024231032,0.02223484,0.009809318,0.007462007
Pyramids Of Giza - Egypt/54.1000_F_187558574_shMvRFq7o93BqsygbxNjz8Zl0wU0Lce3.jpg,0.027887776,0.0023912014,0.0021057257,0.052667677,0.08688939,0.119199365,0.0063033537,0.072249435,0.08295449,0.0062978594,0.3350831,0.11996123,0.016976124,0.01431716,0.019078499,0.009003827,0.011597474,0.015036266
Pyramids Of Giza - Egypt/55.5917947167_bb65845567_b.jpg,0.011535782,0.0014152289,0.008849223,0.113337174,0.011536338,0.016991973,0.06049876,0.03159942,0.030367076,0.004078943,0.43892476,0.007632236,0.119579464,0.03315398,0.0019157297,0.00146315,0.10452979,0.0025909357
Pyramids Of Giza - Egypt/55.jpg,0.07152085,0.0122097675,0.008340094,0.047701024,0.24016322,0.029875955,0.021310277,0.013584027,0.03702924,0.014074768,0.07335671,0.0745017,0.03496751,0.012785363,0.18820801,0.034648735,0.0113791805,0.074343584
Pyramids Of Giza - Egypt/56.Giza-9-Pyramids.TIF1_.jpg,0.019351,0.00010760647,0.0001825859,0.019377448,0.010607983,0.021430457,0.0016645299,0.0008737468,0.017820219,0.0011766736,0.85538113,0.01929313,0.016250778,0.0051848344,0.0074040443,0.00029970225,0.002870627,0.00072357786
Pyramids Of Giza - Egypt/57.1000_F_257534085_GwfBqEYUxIBuETVGi0mCQdOB14MIbeCh.jpg,0.11377994,0.015734013,0.013272065,0.06247776,0.041693773,0.067514166,0.030697657,0.021570932,0.052200515,0.03792096,0.15442824,0.07300452,0.09962675,0.03993418,0.0713997,0.031674206,0.046026383,0.027044293
Pyramids Of Giza - Egypt/57.jpg,0.07483234,0.038246926,0.021802168,0.037443973,0.0639932,0.101013795,0.06591605,0.069353975,0.04455478,0.05137344,0.053829025,0.075593345,0.034939077,0.070297666,0.021257957,0.057696275,0.06407271,0.053783298
Pyramids Of Giza - Egypt/58.giza2-rt-ml-171103_12x5_992.jpg,0.017985,0.00017572087,0.001054626,0.028114153,0.022554327,0.034110542,0.0038002143,0.0014897167,0.03377044,0.0029066938,0.82011354,0.008530157,0.0083437245,0.0032302714,0.0061381673,0.0014763507,0.0045193546,0.0016869357
Pyramids Of Giza - Egypt/59.99624649-egypt-giza-pyramids-of-giza-egypt.jpg,0.0007037179,1.1232014e-05,6.0666673e-05,0.010255488,0.0040766136,0.010110935,0.000988777,0.00023532157,0.006944258,0.0008688439,0.9610501,0.0008581546,0.0005030116,0.000669459,0.0007685831,5.992982e-05,0.0017526759,8.237797e-05
Pyramids Of Giza - Egypt/6.14802850772_8c75dc5d08_k_600.jpg,0.039519247,0.021235112,0.026657406,0.057402316,0.19003272,0.045578275,0.019943463,0.116854355,0.057564013,0.029747568,0.06785815,0.0735635,0.041959543,0.019461242,0.06561477,0.058464944,0.036814798,0.031728555
Pyramids Of Giza - Egypt/6.pyramids-2371501__340.jpg,0.089564756,0.008157688,0.012791875,0.07053883,0.04323142,0.057933986,0.024242122,0.012331556,0.02616902,0.01717291,0.42775792,0.05068036,0.04063198,0.028324768,0.04346174,0.009326351,0.026773984,0.010908759
Pyramids Of Giza - Egypt/60.ancient-egypt-pyramids-Giza-google-street-view.jpg,0.039654545,0.017535886,0.01851372,0.10231972,0.10783576,0.05333036,0.034986597,0.032970645,0.07129773,0.039897922,0.19431332,0.04034898,0.021411147,0.019193076,0.07023572,0.0406781,0.05840392,0.03707286
Pyramids Of Giza - Egypt/60.jpg,0.0054152007,3.2024607e-05,0.00010986125,0.0135507705,0.004673919,0.024147943,0.0014622402,0.0005382149,0.008647382,0.0007665665,0.9306268,0.003086888,0.0018765384,0.001609721,0.001447914,0.00015699393,0.0015768883,0.00027408256
Pyramids Of Giza - Egypt/61.1244559796_Sphinx.jpg,0.15050378,0.030244352,0.1921457,0.022837218,0.054931134,0.0183304,0.026785307,0.04455139,0.07282785,0.04626405,0.08882712,0.029829802,0.114625834,0.029461028,0.015158245,0.012828454,0.03536738,0.014480941
Pyramids Of Giza - Egypt/61.jpg,0.013123995,0.00047581524,0.001324283,0.049966004,0.06336437,0.02805396,0.0048177294,0.003645352,0.31367415,0.013207056,0.45595685,0.007865986,0.0073096934,0.0027270499,0.0146061685,0.004701376,0.008879025,0.0063012387
Pyramids Of Giza - Egypt/62.El_Cairo_Egyptian_Pyramids.jpg,0.01644965,0.00019541167,0.00050207914,0.030132467,0.010411491,0.036721498,0.003868128,0.0022000028,0.012700975,0.002324668,0.85419625,0.008896095,0.0055263117,0.004853024,0.004693131,0.00062367064,0.00465807,0.0010469629
Pyramids Of Giza - Egypt/63.2-the-pyramids-of-giza-egypt.jpg,0.011681883,0.0005126109,0.0011029827,0.043771774,0.012904875,0.04732248,0.013690203,0.0032782652,0.0062045623,0.0020060677,0.82131237,0.0077934344,0.00521031,0.007919882,0.0069562625,0.0006212271,0.006337701,0.0013730901
Pyramids Of Giza - Egypt/63.jpg,0.14595456,0.10579186,0.029219855,0.020007905,0.07812595,0.040460683,0.035450205,0.016118506,0.084495,0.06765373,0.035420492,0.049739275,0.06821582,0.020738235,0.12134656,0.041428514,0.013359469,0.026473327
Pyramids Of Giza - Egypt/64.500_F_187031876_SQXNppLkyzXMiTFF7v4IjlBdSMgQrCrA.jpg,0.032741435,0.024532959,0.008091017,0.101470366,0.07460862,0.07760399,0.023481786,0.03956419,0.06068127,0.073637955,0.25111672,0.030594757,0.014540417,0.020591,0.06447425,0.023474783,0.041048724,0.037745804
Pyramids Of Giza - Egypt/65.Pyramids-of-Giza.jpg,0.05411719,0.036544096,0.024744544,0.07342908,0.06118724,0.09038241,0.04998759,0.029972367,0.05502136,0.11697569,0.13997254,0.052504174,0.016564207,0.07036928,0.019594286,0.03023523,0.06427611,0.014122713
Pyramids Of Giza - Egypt/66.First-Impression-Pyramids-and-Great-Sphinx-Giza-Egypt.jpg,0.025056407,0.09623004,0.023942437,0.060019985,0.07345983,0.05462894,0.14496277,0.023468599,0.009604324,0.056657586,0.08868383,0.051436078,0.0069508096,0.20764698,0.022538582,0.006368648,0.04091626,0.0074279555
Pyramids Of Giza - Egypt/67.panorama-view-pyramids-giza-egypt-260nw-1268396971.jpg,0.027894376,0.022296576,0.04805391,0.08787507,0.050562777,0.03344652,0.1050327,0.06311328,0.033852823,0.035220623,0.19284086,0.032541253,0.06781366,0.044344053,0.02668963,0.024888845,0.087398075,0.01613508
Pyramids Of Giza - Egypt/68.NationalGeographic_911975_cc04_Photo-by-B.-ANTHONY-STEWART-1-1140x450.jpg,0.034302928,0.00069669745,0.001288125,0.047658425,0.04630153,0.07248008,0.007005191,0.006750023,0.06288516,0.0044257324,0.6132637,0.03675769,0.022279091,0.007974265,0.017634837,0.0040491177,0.007790834,0.0064566704
Pyramids Of Giza - Egypt/69.59522748-the-great-sphinx-and-the-pyramids-of-giza-egypt.jpg,0.21816228,0.02245806,0.07532801,0.027474476,0.07967648,0.06930303,0.048319645,0.023441505,0.01739776,0.13444375,0.029702354,0.03586031,0.01839933,0.078861944,0.00894133,0.04315069,0.045798436,0.023280647
Pyramids Of Giza - Egypt/69.jpg,0.018375842,0.0003316803,0.00024315175,0.04724238,0.022143696,0.040775545,0.00426149,0.001505998,0.029652389,0.0042078197,0.73908436,0.025721334,0.02332456,0.006735815,0.02617768,0.001412076,0.006110159,0.0026939765
Pyramids Of Giza - Egypt/7.giza-1756946_1280.jpg,0.034134522,0.017018816,0.035755556,0.14301094,0.04640953,0.017077297,0.09765465,0.022982942,0.0549402,0.022251943,0.34607437,0.017497707,0.030676942,0.045606345,0.018611634,0.004601412,0.033289343,0.012405851
Pyramids Of Giza - Egypt/7.the_great_pyramid_AP.jpg,0.0069180527,0.0010375045,0.0033601813,0.09384637,0.024858441,0.017528042,0.01644931,0.01507246,0.018483134,0.0060568717,0.72334063,0.0060402276,0.008165253,0.014377079,0.004944027,0.0011812344,0.036704868,0.001636209
Pyramids Of Giza - Egypt/72.120717-110-Egypt-Pyramids-Architecture-Art-History.jpg,0.013500368,3.488634e-05,0.0001074698,0.009288938,0.007758264,0.010743768,0.00058855943,0.00033912825,0.020328572,0.0008338823,0.91298425,0.009993932,0.0072396565,0.0020680376,0.0025969364,0.00015191035,0.0010717104,0.00036972316
Pyramids Of Giza - Egypt/74.istock_45122734_giza_pyramids.jpg,0.075312234,0.042240534,0.08023792,0.09066719,0.057472717,0.035373695,0.07182693,0.07044665,0.04411405,0.029123332,0.08495387,0.048369493,0.047914248,0.041767575,0.047089856,0.02935821,0.043085426,0.060645975
Pyramids Of Giza - Egypt/76.pyr1d.jpg,0.03248152,0.016312819,0.016101655,0.15407263,0.042646386,0.048530392,0.034259055,0.1475108,0.02703911,0.01981371,0.14294852,0.063089676,0.07812704,0.022193074,0.022289585,0.021843651,0.09313604,0.017604327
Pyramids Of Giza - Egypt/77.depositphotos_50451917-stock-photo-collection-of-pyramids-of-giza.jpg,0.017369725,0.0011769367,0.001335031,0.051209606,0.026773809,0.06337922,0.011783209,0.005420651,0.019604756,0.0066741495,0.6683016,0.024803765,0.03196235,0.018641874,0.025726162,0.002372458,0.02011938,0.003345403
Pyramids Of Giza - Egypt/78.General-view-of-pyramids-with-Sphinx-Giza-Cairo-Egypt-shutterstock_1094727200-1000x500.jpg,0.57050395,8.934243e-05,0.033758096,0.00015485175,0.0042925775,0.0004329328,0.029610492,0.0011403149,0.021428386,0.0026829827,0.09659817,0.00023064482,0.23205256,0.0030555022,5.2492564e-05,0.00011291206,0.0037567746,4.698345e-05
Pyramids Of Giza - Egypt/79.Giza_Necr_C3_B3polis.jpg,0.019908072,0.0003025615,0.0005871436,0.039865837,0.013835078,0.031661898,0.0042507215,0.0015994537,0.025955547,0.002680812,0.80647486,0.01616732,0.014749221,0.0059747533,0.008202686,0.00082292996,0.005373538,0.0015874631
Pyramids Of Giza - Egypt/8.giza-pyramid-pyramids-of-giza-egypt-preview.jpg,0.01367396,0.0008608914,0.0007478983,0.058704615,0.034933314,0.08276977,0.0147518655,0.003409899,0.02698271,0.007825718,0.6547078,0.022816584,0.012553892,0.00903772,0.035086997,0.004013289,0.010578934,0.006544278
Pyramids Of Giza - Egypt/8.the_great_pyramid_AP.jpg,0.08984263,0.025162758,0.028818885,0.031789403,0.036999155,0.065527536,0.0183989,0.06510514,0.055876996,0.019931944,0.13570622,0.13161096,0.11683245,0.037871756,0.033961374,0.009135004,0.057742827,0.039686065
Pyramids Of Giza - Egypt/80.jpg,0.042135973,0.008727372,0.008312213,0.047341067,0.070350535,0.11418287,0.02352941,0.06490996,0.046703327,0.008592292,0.2672073,0.11101702,0.050989922,0.047894914,0.0361918,0.009607113,0.025782462,0.01652442
Pyramids Of Giza - Egypt/80.slideheader27.jpg,0.06393626,0.008140721,0.0025038933,0.082096815,0.03442631,0.0300081,0.041787025,0.0063333646,0.03240423,0.099841446,0.16922612,0.06850481,0.0824136,0.07345777,0.085607566,0.0068188696,0.10198112,0.0105119785
Pyramids Of Giza - Egypt/81.imgbin-egyptian-pyramids-giza-pyramid-complex-ancient-egypt-egyptian-pyramids-pyramids-of-giza-099tedTj6tD2fdeqjqJRkgm3q.jpg,0.030273344,0.12687683,0.016700635,0.050559867,0.11540162,0.07286725,0.094201095,0.018746974,0.051095027,0.052845757,0.06837941,0.04576599,0.017895909,0.04635102,0.090598196,0.032238092,0.021740202,0.047462694
Pyramids Of Giza - Egypt/83.headerEgypt.jpg,0.120825015,0.027389476,0.01853238,0.025120378,0.091481715,0.019124059,0.04040005,0.10616724,0.09022188,0.0373391,0.11082016,0.072834015,0.14606376,0.011365621,0.021412047,0.019155646,0.031061763,0.010685615
Pyramids Of Giza - Egypt/84.giza-pyramids-boat.jpg,0.0552264,0.013368579,0.0065733613,0.12544362,0.19121456,0.076452136,0.046943206,0.07806021,0.014358404,0.023238895,0.07052195,0.043121453,0.013707511,0.011225957,0.07011007,0.08956822,0.012380066,0.058485355
Pyramids Of Giza - Egypt/85.1ecd893926bf5c090baa8d6620a22bee.jpg,0.0064397026,0.00017638155,0.0009579819,0.035399828,0.02735091,0.024832156,0.004006784,0.00091820915,0.37909704,0.0051286756,0.4874561,0.0038844105,0.005475163,0.0012468733,0.005577825,0.0025132312,0.0070404727,0.0024982884
Pyramids Of Giza - Egypt/87.pyramid-of-khafre-giza-egypt-3-800x369.jpg,0.035958655,0.017167045,0.014993164,0.04914852,0.09389713,0.122405834,0.026127491,0.13484426,0.07003242,0.022388276,0.15281203,0.09131897,0.01786051,0.03504149,0.033767965,0.021035643,0.024769524,0.036431015
Pyramids Of Giza - Egypt/89.xGreat-Pyramid-Golden.jpg,0.012479245,0.0019756376,0.0045637377,0.02713662,0.06603463,0.05592996,0.009211022,0.005713413,0.27784434,0.008191177,0.47736195,0.014001735,0.006280875,0.0055197584,0.009423771,0.0072211847,0.006855504,0.004255555
Pyramids Of Giza - Egypt/9.14802850772_8c75dc5d08_k_600.jpg,0.03897367,0.00034306446,0.0006752612,0.03666847,0.029222902,0.031202555,0.0026004522,0.0039429227,0.027833657,0.0026145442,0.73012215,0.044798832,0.023313727,0.0068828478,0.0125532895,0.0013225822,0.00501023,0.0019189422
Pyramids Of Giza - Egypt/9.cfcb28dafa12a6c61caaa39e101c8184.jpg,0.15996441,0.006673804,0.086981475,0.043468848,0.042800326,0.013208084,0.032748267,0.024434004,0.09626016,0.026216347,0.3562087,0.013466989,0.034821846,0.022112086,0.0068126824,0.004903179,0.023372814,0.005546146
Pyramids Of Giza - Egypt/90.The-Pyramids-of-Giza-Stopover-Cairo-day-tour-TripsInEgypt.jpg,0.028967515,0.028712194,0.07660211,0.06625982,0.29775327,0.0040168567,0.011550318,0.02724718,0.06676806,0.0494544,0.23766898,0.033392403,0.014630523,0.00965493,0.02907403,0.006099146,0.008031361,0.0041169496
Pyramids Of Giza - Egypt/91.desert-3217765__340.jpg,0.054097936,0.067218885,0.040228285,0.045243174,0.09488052,0.08107212,0.05614574,0.05946258,0.046937656,0.037061177,0.06014829,0.07604327,0.030812422,0.06356873,0.033985622,0.049855072,0.058739487,0.044498954
Pyramids Of Giza - Egypt/91.jpg,0.0054152007,3.2024607e-05,0.00010986125,0.0135507705,0.004673919,0.024147943,0.0014622402,0.0005382149,0.008647382,0.0007665665,0.9306268,0.003086888,0.0018765384,0.001609721,0.001447914,0.00015699393,0.0015768883,0.00027408256
Pyramids Of Giza - Egypt/92.Egypt-Giza-Pyramids-Panorama.jpg,0.08594997,0.024905073,0.020082327,0.053668246,0.16664334,0.04129106,0.02657786,0.024274137,0.035948984,0.015217813,0.05989863,0.106561236,0.07557006,0.035874777,0.11288863,0.043891236,0.024299344,0.04645743
Pyramids Of Giza - Egypt/94.jpg,0.0075160544,7.871474e-05,0.00020631119,0.013628538,0.017140925,0.019298285,0.00083826855,0.0017370388,0.03392085,0.0018505562,0.87465125,0.014392518,0.0053185276,0.002725115,0.0033546782,0.0003557504,0.0024074356,0.0005792471
Pyramids Of Giza - Egypt/98.jpg,0.05053727,0.034540582,0.02665225,0.07397862,0.051068526,0.09743753,0.047901534,0.046348773,0.061013587,0.053896524,0.117544755,0.04505287,0.04273362,0.03637802,0.053251795,0.047309432,0.06766796,0.04668635
Pyramids Of Giza - Egypt/99.jpg,0.0762271,0.08257027,0.034102455,0.05119934,0.0653664,0.06438595,0.06222756,0.027408786,0.05461616,0.05349703,0.047076844,0.07425828,0.036341567,0.04149006,0.05511235,0.08021732,0.038072467,0.055830013
Roman Colosseum - Rome/1.visting-closseum-history-head.jpg,0.01189457,0.08535236,0.16012518,0.012272964,0.106205754,0.03717487,0.0502664,0.28392786,0.0217587,0.029459825,0.015653491,0.04947026,0.008298395,0.046788976,0.010341588,0.014360469,0.028545192,0.028103162
Roman Colosseum - Rome/10.120417-50-Colosseum-Rome-Roman-Architecture.jpg,0.043181412,0.21109003,0.016648429,0.023331517,0.3276475,0.007419855,0.0076572844,0.023331502,0.094364434,0.045565408,0.032735657,0.0797729,0.005142716,0.0048999568,0.05267285,0.01098758,0.0014935416,0.012057554
Roman Colosseum - Rome/10.jpg,0.11790406,0.044784907,0.02965283,0.02991714,0.042060938,0.073788755,0.06098515,0.06960124,0.043616343,0.06371265,0.03719619,0.09332303,0.036367327,0.058053605,0.022608247,0.054525897,0.056121208,0.06578048
Roman Colosseum - Rome/100.jpeg,0.061496273,0.017643277,0.010469797,0.03733928,0.21906249,0.11889021,0.046376303,0.11083016,0.026404044,0.013494896,0.04325242,0.08323375,0.0115977535,0.041520555,0.029592827,0.042228233,0.014024063,0.07254371
Roman Colosseum - Rome/101.jpg,0.015072533,0.09624849,0.055656914,0.01805752,0.08234224,0.039702088,0.02897061,0.28236815,0.02758862,0.030229459,0.0464544,0.11285243,0.0071191103,0.106215045,0.006449108,0.0056657908,0.032065056,0.006942573
Roman Colosseum - Rome/102.jpg,0.34524056,0.0056023565,0.0025693867,0.019870287,0.09022178,0.0045384024,0.0053172,0.006708152,0.036331713,0.001743551,0.023902461,0.22750703,0.063971676,0.0035785013,0.13627084,0.006429633,0.0027368488,0.017459596
Roman Colosseum - Rome/103.jpg,0.13769256,0.011079171,0.017296951,0.03181883,0.043644488,0.05487306,0.038281787,0.06409829,0.015016746,0.013080195,0.04302206,0.16422994,0.0688231,0.028561387,0.06955793,0.017086076,0.01654463,0.16529271
Roman Colosseum - Rome/106.jpg,0.21703425,0.010250437,0.0118428385,0.027347688,0.028909115,0.046492957,0.027285652,0.03123553,0.020678552,0.0076207495,0.09330346,0.20187934,0.10832083,0.03525336,0.056602184,0.008196063,0.016174225,0.051572796
Roman Colosseum - Rome/107.jpg,0.18996692,0.019295417,0.014412288,0.038478382,0.060456775,0.037223812,0.01694049,0.017044658,0.027171154,0.010936978,0.074198894,0.16689964,0.09999607,0.026114676,0.10320113,0.018396772,0.021149617,0.0581163
Roman Colosseum - Rome/109.jpg,0.08550199,0.0013164959,0.0025176133,0.025221478,0.0306957,0.03322538,0.004890187,0.007456591,0.09459432,0.0038492219,0.41164032,0.08886764,0.14393939,0.024561454,0.02266453,0.0017169084,0.013135595,0.0042052343
Roman Colosseum - Rome/11.colosseum-header.jpg,0.29935703,0.0034045314,0.003720896,0.063283056,0.045582052,0.029137315,0.0124019515,0.006152965,0.0173488,0.004133314,0.28496388,0.10725117,0.035886697,0.008866974,0.051730815,0.0062449533,0.006125761,0.014407764
Roman Colosseum - Rome/11.jpg,0.46927416,0.01540758,0.006703569,0.0147376135,0.040949892,0.005966564,0.011803987,0.0039558588,0.010162102,0.002668845,0.022058383,0.18922032,0.035064433,0.0059581087,0.12763433,0.009077976,0.0024837127,0.026872605
Roman Colosseum - Rome/112.png,0.05940743,0.0676386,0.026866887,0.05229516,0.067055315,0.09423585,0.06063219,0.049617626,0.04958388,0.051901758,0.073242426,0.07605526,0.031350456,0.054951288,0.031402335,0.055242416,0.040905476,0.057615638
Roman Colosseum - Rome/12.colosseum-banner.jpg,0.08518249,0.0035703818,0.002436573,0.09676804,0.070860736,0.06735691,0.0071393363,0.03710098,0.09414672,0.006395733,0.21297352,0.15847658,0.045530263,0.010486678,0.045406844,0.014192145,0.013036471,0.028939635
Roman Colosseum - Rome/12.jpg,0.09907036,0.010526799,0.036241822,0.038750906,0.15270329,0.12337242,0.03511736,0.049838454,0.0487469,0.027075274,0.07482775,0.052090652,0.029856358,0.027251562,0.04462748,0.052672517,0.014309443,0.08292056
Roman Colosseum - Rome/13.jpg,0.0641128,0.08591752,0.035766758,0.06437298,0.06639588,0.08526875,0.049644608,0.028068041,0.049961127,0.046711907,0.06325177,0.06296522,0.033450197,0.037942696,0.05839739,0.06306044,0.05098223,0.053729754
Roman Colosseum - Rome/13.rome_colosseum_piazza-colosseo.jpg,0.039642885,0.0396766,0.017857553,0.041480377,0.042841665,0.06610817,0.013998443,0.14883861,0.081918485,0.01640328,0.10133991,0.2433276,0.03523325,0.029959561,0.02175968,0.011107293,0.020030482,0.028476214
Roman Colosseum - Rome/14.jpg,0.19193497,0.0053037247,0.007255984,0.022787128,0.027897079,0.033846397,0.008828959,0.02505348,0.038099967,0.004377417,0.13764721,0.26708668,0.12741987,0.029261878,0.035386056,0.0031616066,0.011033992,0.023617513
Roman Colosseum - Rome/14.xcolosseum_tour_underground-tSa-1479X424.jpg,0.118039675,0.06657005,0.0020868205,0.003977032,0.022983773,0.0013895826,0.0027915398,0.0055174115,0.02236831,0.00859764,0.009122736,0.43495277,0.060601845,0.0020806235,0.22922379,0.0013789005,0.0034726236,0.0048448555
Roman Colosseum - Rome/15.jpg,0.051845662,0.09609963,0.02725286,0.016824236,0.053971224,0.05907765,0.025400216,0.12879966,0.05074958,0.023727383,0.051566277,0.20742464,0.039727814,0.02317085,0.05014371,0.0159651,0.02268592,0.055567738
Roman Colosseum - Rome/15.rome-colosseum-for-kids_colosseum-min.jpg,0.11539864,0.03852032,0.023309376,0.051059287,0.075054586,0.08465501,0.05940345,0.044380095,0.035848834,0.03947654,0.051942613,0.08761165,0.032711666,0.053212356,0.03431164,0.06513442,0.0475586,0.06041078
Roman Colosseum - Rome/16.jpg,0.41168067,0.017086217,0.003375137,0.008363715,0.0203055,0.0038529383,0.006329635,0.0011155588,0.01048957,0.002449796,0.012731563,0.19261077,0.07526884,0.0048419926,0.20325746,0.0065098084,0.0019094292,0.017821286
Roman Colosseum - Rome/16.rome_colosseum_flavian-amphitheatre.jpg,0.13594407,0.033422627,0.11247446,0.037829477,0.062703475,0.020853499,0.023990655,0.061634827,0.08772738,0.05226167,0.11386438,0.06172529,0.086963534,0.019267205,0.017008169,0.017875988,0.031864896,0.022588424
Roman Colosseum - Rome/17.Roman-cement-Colosseum-631.jpg,0.040573683,0.027840605,0.008532132,0.036882546,0.01782125,0.047755335,0.025169332,0.06096756,0.04374883,0.016901713,0.09237249,0.12978439,0.26815063,0.06421961,0.028771859,0.0044509335,0.077691086,0.008365967
Roman Colosseum - Rome/17.jpg,0.111516796,0.030738898,0.039138753,0.045078315,0.14363985,0.0712315,0.04634937,0.0555349,0.053012583,0.042231806,0.04162347,0.06162049,0.0260356,0.024831118,0.038212743,0.050060052,0.012538374,0.10660543
Roman Colosseum - Rome/18.front_view_colosseum_rome_italy_blog.jpg,0.38122678,0.03595453,0.0066131293,0.0058883745,0.055062674,0.0044742315,0.012260406,0.002511344,0.025170915,0.026376523,0.02499317,0.185402,0.036558803,0.004874232,0.15958112,0.022421565,0.003994064,0.0066361288
Roman Colosseum - Rome/18.jpg,0.13341811,0.014792634,0.0016083398,0.014055155,0.14540277,0.0016639945,0.003879851,0.006086085,0.075706,0.003962841,0.022538297,0.21204527,0.038384527,0.0019183371,0.3112468,0.0030538107,0.0025219214,0.007715166
Roman Colosseum - Rome/19.coopculturae_id_sito_2_40.jpg,0.32365152,0.011099895,0.0040625785,0.019981252,0.06378881,0.0048312247,0.009173196,0.0043341382,0.027203826,0.0030605297,0.023572814,0.2428868,0.04879649,0.005659154,0.16478789,0.009085948,0.0031273912,0.030896503
Roman Colosseum - Rome/2.colosseum-history-810x405.jpg,0.110425845,0.08657963,0.016169498,0.024110261,0.06594819,0.017747745,0.019589262,0.018752076,0.06386231,0.01457464,0.038159307,0.24707927,0.05068415,0.017488316,0.14304973,0.017683556,0.008190217,0.03990593
Roman Colosseum - Rome/2.jpg,0.42297268,0.027224539,0.01636719,0.017855046,0.037240412,0.006994788,0.013987803,0.0056549525,0.0146907605,0.0031738486,0.014553847,0.18853267,0.06370792,0.008525436,0.10479548,0.014349769,0.005260565,0.03411237
Roman Colosseum - Rome/20.208046-720x360.jpg,0.053629786,0.012178799,0.010656102,0.04840592,0.110993676,0.101609066,0.014204707,0.07042596,0.12487285,0.013981462,0.08709057,0.13207202,0.058987256,0.025003655,0.03210888,0.03602975,0.027697995,0.04005155
Roman Colosseum - Rome/20.jpeg,0.09008836,0.010065778,0.021063648,0.043297693,0.18243134,0.06520233,0.014958566,0.0755705,0.06141492,0.017390883,0.049200762,0.08489581,0.0678969,0.024497725,0.0582812,0.06314915,0.02657538,0.044019137
Roman Colosseum - Rome/21.jpg,0.071176134,0.028467812,0.03151873,0.0652249,0.11134898,0.047006648,0.046506517,0.06531106,0.0468119,0.043379795,0.07341643,0.06388438,0.036227286,0.03859253,0.059640538,0.047971744,0.064213924,0.059300654
Roman Colosseum - Rome/21.storyblocks-roman-colosseum-rome-italy_H9kss-BFE_SB_PM.jpg,0.047957454,0.0772264,0.035513062,0.04041086,0.03533651,0.042189375,0.04603471,0.10614769,0.03738683,0.022462362,0.058756955,0.15619756,0.079431616,0.08327369,0.042023424,0.007565,0.05808442,0.024001999
Roman Colosseum - Rome/22.Colosseum-Interior.jpg,0.04279583,0.005565163,0.008407419,0.0545284,0.24678595,0.06428234,0.017207107,0.09650449,0.07178628,0.014585499,0.046240438,0.06062815,0.026474139,0.013774027,0.0618967,0.038442276,0.01160274,0.11849314
Roman Colosseum - Rome/22.jpg,0.050125357,0.008910343,0.007664562,0.035364423,0.14149895,0.017525448,0.01240128,0.017036017,0.21544646,0.0331314,0.15722981,0.10662771,0.024242256,0.013637477,0.11034813,0.003926311,0.007703005,0.037181117
Roman Colosseum - Rome/23.rome-colosseum-walking-tour.jpg,0.059453946,0.086901985,0.033204578,0.06777729,0.06790997,0.08322205,0.05858167,0.031472884,0.04147348,0.05195448,0.08152761,0.0712471,0.027012525,0.056910574,0.044667795,0.046179604,0.04806137,0.042441122
Roman Colosseum - Rome/24.jpg,0.048908677,0.031009328,0.009440732,0.09741763,0.09344976,0.08895992,0.03403899,0.025833806,0.040427517,0.049007103,0.18230549,0.060023658,0.020191817,0.030858712,0.08372941,0.02965759,0.031239964,0.043499935
Roman Colosseum - Rome/25.colosseum-night-ext.jpg,0.35783786,0.0046425234,0.0048070652,0.026254894,0.06284856,0.00882854,0.008287947,0.005955464,0.025390713,0.0024067252,0.053064052,0.21301934,0.0844352,0.007662159,0.100437544,0.0060938336,0.0037490176,0.024278685
Roman Colosseum - Rome/25.jpg,0.069513924,0.11950947,0.059867926,0.04060998,0.046189576,0.056139227,0.06250402,0.04909484,0.051475227,0.09795344,0.043174755,0.07685397,0.023178032,0.05277501,0.031675424,0.042953487,0.0371366,0.039394993
Roman Colosseum - Rome/26.Roman-Colosseum-facade-631.jpg,0.047271676,0.018952992,0.0026521806,0.01649441,0.33870155,0.0051031057,0.008318936,0.04099616,0.060934808,0.010390108,0.024167767,0.16928846,0.026713664,0.0049314867,0.1902308,0.01166575,0.005165247,0.018020844
Roman Colosseum - Rome/26.jpg,0.072535805,0.004830027,0.0028891084,0.041031588,0.03409172,0.069660656,0.0056716055,0.07916906,0.047059905,0.0034151077,0.2061182,0.31147683,0.044038117,0.02042043,0.026093442,0.0038031957,0.01318364,0.014511609
Roman Colosseum - Rome/27.The-Colosseum-An-Icon-1140x530.jpg,0.015497044,0.026513666,0.0104348175,0.02809449,0.06978151,0.09260146,0.009507164,0.23209214,0.06068551,0.010401365,0.10519128,0.25780332,0.0099078445,0.023447819,0.010303477,0.008788002,0.015709225,0.013239829
Roman Colosseum - Rome/28.CTQFH55UEAAGCiI.jpg,0.04269546,0.11294083,0.037142117,0.04907104,0.07944086,0.08357653,0.07204696,0.031576578,0.04889846,0.04444786,0.07196344,0.06956765,0.025149122,0.06727703,0.039194077,0.043150358,0.043751452,0.038110346
Roman Colosseum - Rome/29.Roman-Colosseum.jpg,0.06833499,0.047610607,0.002454661,0.015445562,0.08204395,0.002462592,0.0035791672,0.004957459,0.047987327,0.024027009,0.028901137,0.19049963,0.0980108,0.004449624,0.36110768,0.004150594,0.010969878,0.003007277
Roman Colosseum - Rome/29.jpg,0.025427368,0.0013525082,0.0010840242,0.025691504,0.059035577,0.102789074,0.0036293974,0.038492724,0.09822981,0.0019757322,0.46791008,0.11810249,0.017966704,0.015909042,0.009487299,0.0027153043,0.0058126957,0.0043887137
Roman Colosseum - Rome/3.jpg,0.29900104,0.018495979,0.055950522,0.02356024,0.2329559,0.036657635,0.04546425,0.0135167735,0.008216204,0.02372328,0.0235322,0.037457827,0.012171187,0.03982699,0.041060645,0.056085344,0.012817054,0.019506922
Roman Colosseum - Rome/3.rome-colosseum.jpg,0.2149915,0.0071728663,0.007709913,0.03866499,0.04386163,0.0248971,0.020966684,0.017632926,0.011356512,0.0053695585,0.050531775,0.23653823,0.09385244,0.018074451,0.1021297,0.010540782,0.008278962,0.087429985
Roman Colosseum - Rome/30.jpg,0.2196729,0.010202562,0.0120570455,0.0131456815,0.02496063,0.022434264,0.011167978,0.015785657,0.03313232,0.0075516864,0.07638971,0.25262183,0.14735168,0.02767282,0.063299134,0.0033487258,0.009574024,0.049631454
Roman Colosseum - Rome/30.rome-4282499__340.jpg,0.11954881,0.06399541,0.01108717,0.014572343,0.36400074,0.005402597,0.0028086207,0.03296565,0.06458349,0.046967275,0.009730872,0.08272919,0.023762781,0.0009863343,0.06117478,0.08552532,0.0043560197,0.005802556
Roman Colosseum - Rome/31.blogs-7-other-coliseums-around-the-world.jpg,0.24191532,0.009266597,0.002546282,0.009092991,0.00549944,0.01008033,0.013586504,0.0028263207,0.006967218,0.004840444,0.017845878,0.09463926,0.45913664,0.01656754,0.078013636,0.0023471904,0.009670816,0.0151575105
Roman Colosseum - Rome/32.The-Colosseum-or-Flavian-Amphitheater-1024x339.jpg,0.044886056,0.053772267,0.02423779,0.05961662,0.1042257,0.09903787,0.07995165,0.056609936,0.04064508,0.040466987,0.06860349,0.07165784,0.02004777,0.06666047,0.041712675,0.03813407,0.040794905,0.04893889
Roman Colosseum - Rome/32.jpg,0.31049532,0.021041578,0.0024926572,0.009981041,0.08139659,0.0031350735,0.008427317,0.0037019227,0.025825229,0.003729511,0.015887909,0.21533263,0.036261626,0.0027153892,0.23225482,0.01053281,0.0012386023,0.015549878
Roman Colosseum - Rome/33.Colosseum-2-820x410.jpg,0.028282002,0.0068407077,0.0010268746,0.011131725,0.5735285,0.006495169,0.009457735,0.007778701,0.013082074,0.008637348,0.013842458,0.05118421,0.0025284614,0.0006865357,0.1845712,0.058455873,0.0005167943,0.021953622
Roman Colosseum - Rome/33.jpg,0.07941764,0.06331682,0.055419773,0.029195083,0.081879295,0.0572694,0.037499648,0.027460853,0.076251425,0.03872459,0.071395904,0.07432898,0.08003572,0.061199635,0.05297193,0.030509692,0.022139082,0.0609846
Roman Colosseum - Rome/34.rome-colosseum-list.jpg,0.09331758,0.025609262,0.012925959,0.040938295,0.1769012,0.015615983,0.03006808,0.019348294,0.02163474,0.011203733,0.034956794,0.11754685,0.053688206,0.020531928,0.20809197,0.02317731,0.011978715,0.082464956
Roman Colosseum - Rome/36.Colosseum-Night-Opening-1.jpg,0.08069064,0.0672923,0.039005294,0.044906825,0.10083344,0.05443164,0.05106219,0.060713712,0.06177442,0.057663094,0.023085238,0.061729897,0.03553567,0.026544299,0.038416687,0.0903484,0.032375593,0.073590614
Roman Colosseum - Rome/36.jpg,0.44740093,0.0018429338,0.0030580265,0.013774364,0.012304394,0.0072287284,0.005419608,0.006197517,0.010720376,0.0020765774,0.031698998,0.1942094,0.17924617,0.008762588,0.041591477,0.0022599713,0.006817893,0.02538999
Roman Colosseum - Rome/37.holes-in-the-colosseum.jpg,0.114429995,0.013546527,0.007205194,0.023208514,0.053127203,0.0297467,0.01856546,0.030903373,0.044152595,0.010958765,0.032373954,0.2603599,0.10640197,0.018730022,0.07496992,0.016773323,0.016818838,0.12772784
Roman Colosseum - Rome/37.jpg,0.070176296,0.0068079545,0.011404955,0.055199254,0.061529774,0.06624017,0.01823685,0.06177034,0.029091086,0.0052726343,0.27972904,0.14715186,0.05917189,0.044004448,0.03587319,0.0053589605,0.029619055,0.013362202
Roman Colosseum - Rome/38.jpg,0.11074127,0.021252511,0.015703466,0.055812646,0.084102415,0.052325733,0.027194621,0.07998776,0.068238415,0.025861494,0.061300755,0.16701815,0.044754606,0.045118894,0.038125377,0.020669678,0.027971616,0.053820614
Roman Colosseum - Rome/39.jpg,0.24128847,0.025975026,0.019052902,0.032871976,0.25057727,0.035167396,0.018656526,0.014238203,0.047988027,0.02290259,0.017520322,0.064993724,0.016239207,0.0123169655,0.029321695,0.110986225,0.006522479,0.033380963
Roman Colosseum - Rome/39.storyblocks-roman-colosseum-rome-italy_rmfpdo-BFE_SB_PM.jpg,0.14261743,0.003718452,0.0022823736,0.016362313,0.010150716,0.024962127,0.009338787,0.025165232,0.024426326,0.0033935623,0.043261748,0.20784539,0.39319056,0.029999465,0.022834543,0.0027748568,0.0227344,0.014941864
Roman Colosseum - Rome/4.coliseo.jpg,0.28065047,0.013949882,0.010107283,0.0324611,0.054734726,0.013487641,0.012551477,0.020253802,0.026665073,0.004529393,0.03199639,0.24997836,0.073794484,0.0144611765,0.09361935,0.008345191,0.0073913555,0.05102305
Roman Colosseum - Rome/4.jpg,0.23777916,0.041235674,0.06319779,0.039686874,0.09047279,0.03637731,0.06980548,0.020187201,0.0370372,0.03143391,0.07574441,0.045950904,0.051425327,0.038620006,0.054596484,0.026491243,0.017827153,0.022131085
Roman Colosseum - Rome/40.76651073-the-great-roman-colosseum-coliseum-colosseo-in-rome.jpg,0.4554438,0.004705812,0.0037632424,0.034307085,0.033063494,0.0077989614,0.0065726535,0.005466816,0.013107245,0.0016353515,0.04919567,0.22025865,0.0565323,0.006149579,0.07141248,0.004676573,0.0041910317,0.021719342
Roman Colosseum - Rome/40.jpg,0.35998487,0.011913123,0.0033489445,0.021489548,0.015537671,0.010373043,0.011451221,0.003292113,0.011561641,0.0048158644,0.024635253,0.13329303,0.20073819,0.011297424,0.13974525,0.008318594,0.008342089,0.019862087
Roman Colosseum - Rome/41.roman-colosseum-rome-italy-T2YNNR.jpg,0.1140307,0.009587015,0.010934105,0.040925425,0.21497293,0.038575172,0.02428909,0.021709,0.081224605,0.04683995,0.040617496,0.06703756,0.02345604,0.011690066,0.04934534,0.06766038,0.0054088593,0.13169628
Roman Colosseum - Rome/42.colosseum-tickets-skip-the-line.jpg,0.29064223,0.033947565,0.024190523,0.021535223,0.038633857,0.013979232,0.0325749,0.015994407,0.037995473,0.010631564,0.02508901,0.17091203,0.06345289,0.012426738,0.110257015,0.022725912,0.011824347,0.0631872
Roman Colosseum - Rome/42.jpg,0.1074979,0.04327851,0.034827095,0.04655105,0.038024016,0.07143185,0.037205286,0.052142654,0.06053343,0.06904229,0.06130982,0.06295568,0.050645255,0.040512156,0.044747148,0.06941045,0.061584424,0.04830108
Roman Colosseum - Rome/43.Colosseum.jpg,0.047583263,0.0451883,0.08681712,0.06514141,0.109766096,0.04257767,0.09926656,0.07678801,0.03767022,0.037365682,0.07331118,0.052755736,0.029488003,0.05835976,0.021242034,0.03305359,0.049930558,0.03369487
Roman Colosseum - Rome/43.jpg,0.291809,0.00391414,0.0029388738,0.011934615,0.018522354,0.013375245,0.004701023,0.005244638,0.022348005,0.0019047208,0.112374246,0.26104152,0.15512162,0.017082794,0.063202895,0.001222792,0.0035237137,0.009737802
Roman Colosseum - Rome/44.facts_about_colosseum_rome.jpg,0.06985515,0.079408094,0.05543525,0.04355683,0.07475708,0.055321064,0.057874776,0.06506867,0.04459679,0.047101524,0.039221723,0.085215285,0.02979258,0.054960907,0.040305033,0.047129724,0.05162928,0.058770336
Roman Colosseum - Rome/44.jpg,0.096540056,0.004572804,0.007138465,0.05491069,0.07092545,0.046489023,0.0131338015,0.03160561,0.03859506,0.0064087873,0.32897905,0.12512867,0.060655575,0.026332507,0.047580007,0.004910827,0.017431447,0.018662192
Roman Colosseum - Rome/45.jpg,0.24592157,0.007155645,0.006087305,0.08537185,0.048831113,0.04623436,0.019803412,0.03063727,0.027781898,0.009962687,0.062900476,0.15595312,0.08511368,0.02547486,0.041014392,0.023783423,0.040328253,0.037644774
Roman Colosseum - Rome/45.landscape-1467825536-gettyimages-544193054.jpg,0.026747253,0.09756111,0.076856256,0.030416606,0.08236982,0.051646035,0.047268376,0.13546984,0.032454424,0.034142967,0.046966285,0.13094969,0.021918472,0.074054524,0.036049604,0.0108654145,0.03504288,0.029220508
Roman Colosseum - Rome/46.colosseum-rome-sunrise-italy-europe-260nw-542649196.jpg,0.120389655,0.0009266565,0.0016245547,0.016141918,0.032338932,0.01854676,0.0021566295,0.0072729066,0.06518556,0.0025095933,0.348194,0.21446124,0.10630303,0.018781414,0.032568086,0.0009156973,0.0054301694,0.0062531633
Roman Colosseum - Rome/47.coopculturae_id_sito_2_40.jpg,0.20854974,0.004649166,0.0028898395,0.007145846,0.016727494,0.015040631,0.004030211,0.0060085813,0.037233055,0.0023978162,0.11562351,0.29087883,0.19577247,0.022038154,0.05648344,0.0009532675,0.0041400176,0.009437934
Roman Colosseum - Rome/47.jpg,0.04375603,0.09882133,0.049869906,0.04458228,0.12560447,0.06385306,0.07130809,0.07304143,0.050597876,0.0682706,0.039630152,0.07368873,0.014253409,0.056675233,0.014602889,0.04737654,0.031115403,0.032952596
Roman Colosseum - Rome/48.Colosseo_207.JPG,0.1080213,0.080743246,0.022047061,0.04612675,0.061479423,0.060708463,0.07016834,0.035141367,0.057983454,0.08355277,0.062460937,0.088115446,0.015671672,0.041497547,0.037079044,0.07418511,0.026099594,0.028918466
Roman Colosseum - Rome/49.great-roman-colosseum-coliseum-colosseo-rome-view-also-known-as-flavian-amphitheatre-famous-world-landmark-scenic-urban-90058067.jpg,0.08671527,0.0027262906,0.0009686643,0.0093105985,0.07961248,0.0053899693,0.0015225544,0.008942023,0.049163405,0.0022696413,0.08949791,0.51278055,0.053506307,0.0034921838,0.08484351,0.0016938808,0.0021785598,0.0053862175
Roman Colosseum - Rome/49.jpg,0.09085973,0.011635042,0.018662844,0.025479706,0.06142508,0.037153378,0.012060145,0.084120065,0.07469224,0.008410932,0.1123721,0.28269687,0.054465614,0.033732977,0.03666898,0.004015483,0.0105751045,0.040973686
Roman Colosseum - Rome/5.8609333271_a06f9fcf47_k-1368x400.jpg,0.026849858,0.084064335,0.08877497,0.018873632,0.10817403,0.049065944,0.07014868,0.18300311,0.02880805,0.031036837,0.02267745,0.08002811,0.017131919,0.079017796,0.016224835,0.022431152,0.030239847,0.04344952
Roman Colosseum - Rome/5.jpg,0.011615704,0.0014944301,0.00035883003,0.009910202,0.035424765,0.044319317,0.0005720143,0.062262688,0.05206229,0.0011757059,0.43556732,0.32590532,0.005665303,0.006385924,0.0040839287,0.0006981266,0.0015938141,0.0009041985
Roman Colosseum - Rome/50.colosseum-night-rome-lazio-italy-7961-670x300.jpg,0.2874868,0.012676715,0.012737412,0.031141436,0.01720887,0.02617713,0.013134615,0.015052513,0.026089279,0.013485945,0.047668666,0.14171693,0.20040193,0.025523145,0.058486152,0.014231574,0.02578217,0.030998792
Roman Colosseum - Rome/51.Roman-Ruins-in-Rome_ft.jpg,0.2232337,0.0039941785,0.0047865505,0.07979707,0.03970981,0.06856017,0.0119260475,0.033421483,0.026133588,0.008255568,0.13318087,0.16313122,0.070861876,0.024053443,0.038037047,0.012387644,0.028807152,0.029722538
Roman Colosseum - Rome/52.jpg,0.05374556,0.08656838,0.03394055,0.063979484,0.07186143,0.08289958,0.057990834,0.03888905,0.046769775,0.052593723,0.08141462,0.06510859,0.02798964,0.053385995,0.04587479,0.04627747,0.043129556,0.047581
Roman Colosseum - Rome/52.rome-italy-april-11-2018-260nw-1116888896.jpg,0.058133468,0.019107053,0.012273752,0.036550082,0.11604946,0.04626648,0.03260158,0.0381308,0.043243196,0.053738065,0.024065109,0.05711348,0.020701738,0.007090116,0.06122773,0.08547866,0.007592462,0.28063676
Roman Colosseum - Rome/53.colosseumtour1.jpg,0.067707434,0.03727174,0.029073019,0.044846483,0.055684976,0.070758775,0.03977105,0.08430986,0.03698376,0.031433824,0.034180105,0.1268787,0.046653938,0.03269508,0.044720452,0.02831782,0.027724702,0.1609883
Roman Colosseum - Rome/53.jpg,0.08230866,0.004337411,0.003450573,0.05729133,0.07188467,0.11684303,0.01529301,0.10284543,0.023715623,0.0055531445,0.16079979,0.2513867,0.014614892,0.029303895,0.012852651,0.009715187,0.009881613,0.027922401
Roman Colosseum - Rome/54.colosseum-601763__340.jpg,0.037578724,0.044700306,0.027854895,0.07719762,0.15368487,0.020661585,0.01296217,0.111714,0.05438849,0.09120736,0.0768387,0.11376755,0.02617945,0.010839445,0.04093864,0.05641019,0.023585694,0.019490357
Roman Colosseum - Rome/54.jpg,0.0115547,0.018554159,0.004378939,0.10103041,0.06730981,0.06195819,0.0155877685,0.16035533,0.033712536,0.020761166,0.1985084,0.12446363,0.04356237,0.02065868,0.028250735,0.015275088,0.061935224,0.012142869
Roman Colosseum - Rome/55.iStock-544139722.jpg,0.11185988,0.056806464,0.025668427,0.02779862,0.049762674,0.0491666,0.062807314,0.041404005,0.029779835,0.03765848,0.050994653,0.17554766,0.047533855,0.10903597,0.040277723,0.013056753,0.03416988,0.03667124
Roman Colosseum - Rome/55.jpg,0.023644205,0.07302815,0.028620003,0.034719385,0.06879138,0.07589733,0.018360024,0.21220092,0.10130488,0.037527904,0.06629432,0.14131692,0.014518511,0.03093792,0.012064401,0.014242814,0.026719123,0.019811852
Roman Colosseum - Rome/56.Colosseum-Flavian-Amphitheater-Rome-exterior-5.jpg,0.49295717,0.007407758,0.007411061,0.029307874,0.05321114,0.026611468,0.020477027,0.009785253,0.022019187,0.010010677,0.026027052,0.05926442,0.088720165,0.011362379,0.050975688,0.04251894,0.012238524,0.029694112
Roman Colosseum - Rome/56.jpg,0.06177981,0.006436042,0.0010037521,0.0054443805,0.39035678,0.0055291234,0.002158048,0.01791105,0.0979008,0.0035029082,0.029498704,0.18500882,0.050286245,0.0030277497,0.12463599,0.0074404273,0.003069233,0.0050101345
Roman Colosseum - Rome/57.jpg,0.22852562,0.0733734,0.026249556,0.022114735,0.041403502,0.007792883,0.01624037,0.0088533005,0.025746977,0.010634143,0.018646766,0.23167014,0.048731565,0.011379059,0.15209448,0.010551883,0.005816309,0.06017525
Roman Colosseum - Rome/58.jpg,0.05077694,0.009000299,0.013786212,0.040350247,0.38104886,0.014694056,0.015657853,0.016184837,0.056489203,0.014677962,0.052984606,0.058418293,0.03996924,0.01463657,0.13922663,0.020834226,0.008303092,0.05296074
Roman Colosseum - Rome/58.tour_img-1452539-146.jpg,0.06333558,0.009546678,0.00078152504,0.0076924763,0.26127955,0.0015535146,0.0018327706,0.0047912537,0.073459,0.005236576,0.02606279,0.16820848,0.038632974,0.0016265159,0.32603198,0.003512047,0.0018180648,0.004598165
Roman Colosseum - Rome/59.colosseum-underground-wir-tSa-825X400.jpg,0.06347826,0.0073405188,0.0025649285,0.01963813,0.033657104,0.02704242,0.004029062,0.08040156,0.04066041,0.002711269,0.1367433,0.48447958,0.037524242,0.011140329,0.030029789,0.0017961055,0.0071225464,0.009640536
Roman Colosseum - Rome/6.jpg,0.12481601,0.053589918,0.024068138,0.031140108,0.13115211,0.045050394,0.045214858,0.021082098,0.036264166,0.01904919,0.035100058,0.14331359,0.033609424,0.029379195,0.0834031,0.060689993,0.012289906,0.07078774
Roman Colosseum - Rome/6.xv9151pj.jpg,0.041672856,0.015395289,0.0035024618,0.08630688,0.07537578,0.06439348,0.012761564,0.04291557,0.11542497,0.013866753,0.20871545,0.16263764,0.043189213,0.031561986,0.03392,0.014321606,0.021645145,0.0123933
Roman Colosseum - Rome/60.win-the-wonders-with-39-the-right-hook-39-and-mastercard-ancient-rome-and-the-colosseum.jpg,0.22093762,0.002744554,0.0032025855,0.004687554,0.0023814696,0.011527038,0.01817996,0.0060819644,0.004824686,0.0067089144,0.009566832,0.05876502,0.5587737,0.02284971,0.018424433,0.002773328,0.025984349,0.021586228
Roman Colosseum - Rome/61.colosseum-rome-en-1.jpg,0.17480043,0.004545296,0.0035164363,0.08094766,0.034837298,0.047512237,0.014690286,0.01582469,0.02208189,0.0076998128,0.1761699,0.13209565,0.1275349,0.022086127,0.082729265,0.008062669,0.022459598,0.022406014
Roman Colosseum - Rome/61.jpg,0.054614883,0.045418363,0.035626404,0.044988234,0.05182945,0.054578803,0.016779803,0.16556501,0.050799426,0.027524237,0.06408835,0.18100233,0.040586557,0.038774084,0.036454927,0.010161963,0.042146742,0.03906047
Roman Colosseum - Rome/62.IMG_0315-750x375.jpg,0.09691548,0.05416005,0.029945876,0.049796775,0.106952816,0.028890561,0.017801387,0.048453677,0.12613305,0.10643426,0.050297283,0.07148857,0.043709666,0.0120330425,0.046027467,0.058803454,0.013818515,0.038338024
Roman Colosseum - Rome/62.jpg,0.053860772,0.07246218,0.046269737,0.0581406,0.078907914,0.071972564,0.06237068,0.047504466,0.041045647,0.050859265,0.072138675,0.06047424,0.032064356,0.05624183,0.04081992,0.052141044,0.054172743,0.04855335
Roman Colosseum - Rome/63.9191132715_9f793e2088_oed.jpg,0.045037325,0.09091644,0.036005612,0.047465786,0.07863927,0.095512636,0.053918835,0.04421905,0.045441076,0.041027516,0.08512388,0.07085764,0.030615343,0.06593719,0.03616209,0.04358454,0.051721223,0.037814483
Roman Colosseum - Rome/63.jpg,0.07553874,0.0040949937,0.0046648458,0.02116018,0.19830601,0.015737649,0.008470011,0.015199793,0.06637217,0.0076586297,0.23306197,0.13745698,0.026582178,0.0150665585,0.1385025,0.0025877012,0.0037461682,0.025792914
Roman Colosseum - Rome/64.colosseum-rome-tickets-contact-us-810x405.jpg,0.08073474,0.013552516,0.016875865,0.07477373,0.10097211,0.063579105,0.042098142,0.031393625,0.039729726,0.04106825,0.17619081,0.061963283,0.024257626,0.023471935,0.101613455,0.023873348,0.02063316,0.06321852
Roman Colosseum - Rome/64.jpg,0.009350433,0.005090281,0.0018552464,0.033059232,0.10922451,0.07993552,0.0047604227,0.16291074,0.04090621,0.0030066948,0.20335232,0.27014434,0.016572783,0.014469386,0.018647915,0.0038505883,0.010211157,0.012652225
Roman Colosseum - Rome/65.jpg,0.075324394,0.09165895,0.022516789,0.034425717,0.06705115,0.07758147,0.07049944,0.02902823,0.06838463,0.062465068,0.053245604,0.084529035,0.026282545,0.054874558,0.0321371,0.08290093,0.03228722,0.034807164
Roman Colosseum - Rome/65.rome-italy-april-2018-panorama-of-the-interior-of-the-roman-colosseum-showing-the-arena-and-the-hypogeum-in-a-beautiful-sunny-day-WDF9JP.jpg,0.08167133,0.008776111,0.0063918354,0.03095688,0.2730819,0.013730902,0.019392598,0.019531904,0.015753122,0.006583084,0.036095425,0.100846134,0.030884353,0.011565033,0.23699583,0.015839288,0.004901641,0.0870026
Roman Colosseum - Rome/66.ca332973fc363da77aefed58534dcd5c_XL.jpg,0.26803952,0.0025209305,0.001322602,0.0077959304,0.022941584,0.0054982114,0.0033450362,0.00791826,0.018511752,0.00082164456,0.0773642,0.39534965,0.103936136,0.006629456,0.06885529,0.00058612245,0.002368899,0.006194765
Roman Colosseum - Rome/66.jpg,0.14451599,0.020171082,0.007467821,0.013417544,0.1850971,0.004737177,0.008910957,0.020906942,0.053233027,0.005914532,0.023307731,0.19159411,0.059138175,0.005920839,0.22060972,0.011769515,0.008390903,0.014896841
Roman Colosseum - Rome/67.jpg,0.11241962,0.031901,0.013618314,0.025476133,0.47067943,0.008662681,0.011166393,0.018670075,0.013441215,0.007703539,0.017344253,0.050777223,0.015671026,0.00617309,0.11786478,0.05614277,0.0035282997,0.018760126
Roman Colosseum - Rome/67.the-roman-colloseum.jpg,0.3703208,0.0076911156,0.00482172,0.03619934,0.03351273,0.015332359,0.010550378,0.00960711,0.018564854,0.003844038,0.04300668,0.20036179,0.09172315,0.010153455,0.093601964,0.011464355,0.009056658,0.030187499
Roman Colosseum - Rome/68.jpg,0.097529784,0.011916262,0.0039777127,0.011217975,0.04551838,0.008891701,0.005253551,0.020449514,0.05013399,0.005856156,0.10910446,0.4533118,0.0501662,0.012120943,0.097643375,0.001326832,0.004689352,0.010891956
Roman Colosseum - Rome/68.view-colosseum-sunrise-italy-260nw-1040848462.jpg,0.011676966,0.027469248,0.007811092,0.030872246,0.05281376,0.06882351,0.007787186,0.24078938,0.047271468,0.010232022,0.13988271,0.263483,0.009582556,0.042268585,0.0070095323,0.0037400462,0.02425643,0.0042302073
Roman Colosseum - Rome/69.colosseum-front.jpg,0.024345355,0.12926053,0.032389283,0.022423273,0.06562365,0.04885808,0.03620599,0.14005978,0.049164988,0.038360614,0.029997254,0.12766992,0.037645258,0.036881182,0.04555413,0.021451151,0.03126338,0.08284622
Roman Colosseum - Rome/7.colosseum_hero.jpg,0.0903201,0.0017962095,0.0007746685,0.006582199,0.02655551,0.010327958,0.0019676636,0.028971938,0.027822835,0.0010464743,0.14778352,0.5909844,0.026796848,0.0046922876,0.0257374,0.0005125092,0.0020664507,0.00526099
Roman Colosseum - Rome/7.jpg,0.38574424,0.029255448,0.0019651728,0.0056400765,0.023116557,0.004348175,0.0077544916,0.0014910805,0.014609555,0.003409254,0.004843434,0.0977067,0.08974753,0.00281708,0.30369803,0.010921794,0.0020742016,0.010857183
Roman Colosseum - Rome/70.120417-67-Colosseum-Rome-Roman-Architecture.jpg,0.032191344,0.010659665,0.0010352206,0.0027564738,0.031721644,0.004420666,0.0026329998,0.011947894,0.031469967,0.0061664525,0.036839787,0.6653513,0.064162254,0.0052902815,0.0801282,0.00080154213,0.0042795273,0.008144846
Roman Colosseum - Rome/70.jpg,0.18147087,0.00705479,0.0034157417,0.0230468,0.05971268,0.016905455,0.008309705,0.0265511,0.037846964,0.003578537,0.0957767,0.3585834,0.054519426,0.012284951,0.0786192,0.0036309233,0.0053365543,0.023356186
Roman Colosseum - Rome/71.colosseum-2340415_1920.jpg,0.21419069,0.016787903,0.0028150978,0.008279212,0.06665357,0.0038506605,0.005380715,0.0060215704,0.036845967,0.002307858,0.029941898,0.42258656,0.032085203,0.0044938717,0.1247179,0.0029624866,0.0011336358,0.018945057
Roman Colosseum - Rome/71.jpg,0.14980344,0.0070424373,0.008204491,0.06067084,0.06821956,0.027154515,0.012494447,0.022254352,0.054507,0.007528342,0.08143248,0.18605383,0.145557,0.022851812,0.07080274,0.011850363,0.029575843,0.033996575
Roman Colosseum - Rome/72.CIV_56NewImg0611D_lg.jpg,0.021383367,0.00092546013,0.002716886,0.038809747,0.049876604,0.1592844,0.011324586,0.017072517,0.030075576,0.0048638554,0.5703208,0.031909324,0.012481697,0.018056817,0.012035973,0.0036363425,0.010690498,0.0045356075
Roman Colosseum - Rome/72.jpg,0.0846795,0.04528274,0.035146512,0.05453877,0.06152246,0.07672258,0.038290586,0.04006368,0.0505193,0.030481888,0.06605037,0.080721095,0.0600546,0.037224356,0.07205856,0.0485991,0.050960902,0.067082934
Roman Colosseum - Rome/73.fixedw_large_2x.jpg,0.15896624,0.00678841,0.0053854473,0.041774448,0.019099314,0.024543818,0.016228644,0.023130788,0.027950766,0.008956674,0.04381328,0.14038678,0.30722705,0.026008777,0.064733684,0.006653502,0.041102514,0.03724993
Roman Colosseum - Rome/73.jpg,0.1160166,0.060977183,0.041331228,0.051459532,0.06593907,0.052795354,0.046515413,0.025216883,0.04159564,0.039954476,0.060623296,0.07023985,0.05348076,0.036533643,0.07966991,0.080236755,0.038817678,0.038596705
Roman Colosseum - Rome/74.jpg,0.052286096,0.0401833,0.02256964,0.03373413,0.066121876,0.02379798,0.04451998,0.01526702,0.034351308,0.107977614,0.13240464,0.108097956,0.03597477,0.15619846,0.07676004,0.0041480856,0.03450798,0.0110990275
Roman Colosseum - Rome/75.jpg,0.05824706,0.065357,0.05103139,0.05303607,0.06828051,0.07006579,0.06758296,0.041258898,0.035057865,0.052524425,0.057574827,0.054872897,0.040136885,0.060945615,0.03845328,0.058141865,0.0791984,0.048234247
Roman Colosseum - Rome/76.jpg,0.10642797,0.034482356,0.008144622,0.03944033,0.13512647,0.08271873,0.030505192,0.076990046,0.10320151,0.02532833,0.044654228,0.100997016,0.013967052,0.018030325,0.02487446,0.08873924,0.0076703145,0.058701668
Roman Colosseum - Rome/76.storyblocks-roman-colosseum-rome-italy_BXtLiZHYN_SB_PM.jpg,0.2572622,0.0046469443,0.0057935524,0.040113535,0.04500925,0.016839946,0.0107003525,0.016521318,0.02545667,0.0035229411,0.08440757,0.2501777,0.08844131,0.013389275,0.08075278,0.0049783853,0.0086883,0.04329802
Roman Colosseum - Rome/77.80349748-panoramic-view-of-roman-colosseum-interior-at-colorful-sunset-rome-italy.jpg,0.014402212,0.036538195,0.3322833,0.016190156,0.04407384,0.0108147,0.02549534,0.009154299,0.3279286,0.10177563,0.007295889,0.008980958,0.0039934292,0.0025185845,0.0065739746,0.02150562,0.016438574,0.014036643
Roman Colosseum - Rome/77.jpg,0.09351603,0.0066110734,0.0025514807,0.021525929,0.034876224,0.033151854,0.0062610595,0.014356064,0.055172026,0.006684682,0.30571583,0.2120206,0.08918537,0.030365365,0.07260491,0.0014979454,0.009797351,0.004106236
Roman Colosseum - Rome/78.colosseum.jpg,0.19731289,0.009777767,0.004124138,0.05549131,0.06250916,0.027418815,0.017218895,0.007822981,0.013235422,0.0080353925,0.09242075,0.15412314,0.07853772,0.014162185,0.18832245,0.018360885,0.00967083,0.041455172
Roman Colosseum - Rome/78.jpg,0.11461922,0.020649686,0.0035409338,0.0075867167,0.037064523,0.0050815726,0.002443651,0.0049925265,0.0543025,0.015276858,0.025730547,0.29172993,0.2182018,0.0076761157,0.16709314,0.0036740312,0.012390932,0.007945356
Roman Colosseum - Rome/79.colosseum-rome.jpg,0.047563206,0.04367682,0.022181474,0.03709407,0.08828105,0.11762569,0.046957046,0.09747642,0.0431988,0.023129247,0.08308241,0.1110187,0.027519684,0.06107782,0.04406069,0.023368496,0.030053083,0.052635275
Roman Colosseum - Rome/79.jpg,0.13427728,0.030172424,0.030675812,0.040461108,0.0356881,0.04995078,0.044703566,0.02583562,0.029066455,0.134316,0.06890173,0.08077157,0.045059543,0.08592731,0.040581774,0.021965915,0.07436167,0.027283452
Roman Colosseum - Rome/8.IMG_7987-tSa-727X360.jpg,0.16983153,0.009037919,0.002363983,0.009630982,0.024754396,0.005736322,0.006276588,0.0072752684,0.03509618,0.0020357703,0.03030844,0.3201072,0.2027652,0.009871667,0.1462065,0.0015354574,0.0050977855,0.012068755
Roman Colosseum - Rome/8.jpg,0.02485829,0.048823964,0.026545484,0.049139343,0.108789384,0.099906035,0.05928491,0.1019832,0.04030961,0.030851882,0.108000785,0.118878536,0.008311359,0.09538248,0.016106794,0.014396222,0.03502311,0.013408528
Roman Colosseum - Rome/80.D979bZQXUAAiiBm.jpg,0.075935446,0.08610165,0.045108296,0.045579713,0.06729708,0.05356269,0.04005838,0.04371039,0.08193408,0.094477646,0.029864043,0.048786413,0.04848122,0.03436233,0.043639194,0.05740341,0.029622866,0.07407531
Roman Colosseum - Rome/80.jpg,0.08562374,0.065560155,0.0030398695,0.005147856,0.029306144,0.007814609,0.008424873,0.00857967,0.040129226,0.011550925,0.014096039,0.177572,0.17220116,0.011508086,0.34097937,0.004104419,0.0056678453,0.00869414
Roman Colosseum - Rome/81.tour_img-1816822-146.jpg,0.12772,0.014748111,0.004462295,0.022843989,0.087986715,0.041255865,0.0033537757,0.045973103,0.05025,0.028023835,0.05935747,0.22888863,0.13442189,0.0072383587,0.04497032,0.057535075,0.029824683,0.011146003
Roman Colosseum - Rome/82.rome-italy-april-2018-panorama-of-the-interior-of-the-roman-colosseum-showing-the-arena-and-the-hypogeum-in-a-beautiful-sunny-day-WDG8PX.jpg,0.08954938,0.060261413,0.022972224,0.05245297,0.07732564,0.08550349,0.04754414,0.04917201,0.059382632,0.049962707,0.07202003,0.07849016,0.02500937,0.052453775,0.03226403,0.070187636,0.04143624,0.034012005
Roman Colosseum - Rome/83.colosseum-broken.jpg,0.06622602,0.04973458,0.02076213,0.032865677,0.06808375,0.11045538,0.062377043,0.06992088,0.05061314,0.042864155,0.0586769,0.074307464,0.034448076,0.07275398,0.023833297,0.056897316,0.054700572,0.050479606
Roman Colosseum - Rome/84.jpg,0.25854304,0.023205377,0.0019760786,0.008608423,0.126095,0.0013991371,0.003687153,0.0028684768,0.0230767,0.003989425,0.012107781,0.26994884,0.028760701,0.0012848084,0.21589476,0.008149646,0.0011115316,0.009293117
Roman Colosseum - Rome/85.jpg,0.026121184,0.018715642,0.016099174,0.05284331,0.3342517,0.017606685,0.009350413,0.16344303,0.047818244,0.010686989,0.06703131,0.106977485,0.023720361,0.012577894,0.047306005,0.012198281,0.017410034,0.015842294
Roman Colosseum - Rome/86.jpg,0.10711112,0.054603867,0.01638502,0.032448273,0.22226852,0.04051599,0.013554071,0.021421485,0.16984822,0.027165323,0.038514983,0.09053745,0.017390624,0.005989799,0.039368063,0.0717254,0.004117829,0.02703383
Roman Colosseum - Rome/9.jpg,0.06681937,0.01412132,0.007248427,0.0703557,0.048765257,0.08392243,0.020952689,0.061302803,0.093217224,0.026646234,0.08672376,0.11396614,0.0990169,0.030632326,0.035850044,0.03378848,0.053381562,0.053289376
Roman Colosseum - Rome/90.jpg,0.13564844,0.0920196,0.03883382,0.040751558,0.056313798,0.039757576,0.05372048,0.020535646,0.035095505,0.03494503,0.03133507,0.10630966,0.048597395,0.04427457,0.07368331,0.06263457,0.033136964,0.052407045
Roman Colosseum - Rome/91.jpg,0.07761206,0.027485602,0.02189546,0.032953124,0.07965635,0.037845656,0.055386078,0.03449023,0.062048413,0.018621717,0.060554314,0.12931556,0.05854029,0.026124366,0.13900042,0.021508249,0.023414943,0.09354715
Roman Colosseum - Rome/92.jpg,0.034199994,0.038366962,0.025853414,0.05052569,0.11456081,0.0760128,0.029904582,0.1559641,0.07095435,0.030098101,0.08223316,0.11791936,0.01762523,0.053323656,0.022058994,0.021207996,0.029804243,0.029386597
Roman Colosseum - Rome/96.jpg,0.028178249,0.006615016,0.0021317306,0.026951442,0.05064934,0.04310861,0.0033199799,0.040496938,0.0949948,0.00686187,0.25317463,0.22242561,0.11404837,0.022929598,0.046728823,0.002159835,0.03011044,0.005114703
Roman Colosseum - Rome/97.jpg,0.041325632,0.088926464,0.06391659,0.027172025,0.08790045,0.06311144,0.08945661,0.06973574,0.042426437,0.038671967,0.03113971,0.083561584,0.029422058,0.072219595,0.029135115,0.03734382,0.047572196,0.056962583
Roman Colosseum - Rome/98.jpg,0.067603484,0.053032774,0.025908867,0.058028348,0.077190444,0.08536707,0.0573486,0.054863125,0.039781567,0.051175486,0.064175606,0.0726481,0.030313674,0.063627355,0.03492899,0.046430055,0.06222366,0.055352807
Roman Colosseum - Rome/99.jpg,0.057049904,0.01584427,0.005208158,0.066551045,0.037827548,0.03990625,0.036290653,0.013143489,0.040463362,0.044798803,0.101410344,0.07003457,0.18288957,0.054809913,0.13778415,0.010194512,0.067720726,0.01807279
Santorini/1.santorini-island-1.jpg,0.0935357,0.0046909177,0.0009258943,0.04706442,0.011415773,0.022065166,0.024501694,0.0054646735,0.023994701,0.02281889,0.025272358,0.03841221,0.48508444,0.016536126,0.08263277,0.010761164,0.06953868,0.015284398
Santorini/10.2017-08-13_lif_33591955_I1.JPG,0.09783805,0.00932651,0.00034038714,0.0047531486,0.0009254103,0.002262115,0.017149433,0.00035347368,0.0011405816,0.007266698,0.0019368861,0.0075957994,0.70633554,0.0035846874,0.1201902,0.0013999682,0.014980277,0.002620938
Santorini/10.jpg,0.2753988,0.0035898453,0.0026509876,0.02561824,0.01854203,0.010302302,0.0058950344,0.00615677,0.021775434,0.0029752916,0.0421291,0.16892703,0.27888322,0.01366691,0.092800915,0.0036716112,0.011829006,0.015187524
Santorini/100.jpg,0.037840083,0.0037930694,0.0006273496,0.00095888594,0.0006375341,0.0018492874,0.0012616753,0.0004334712,0.005585166,0.01004491,0.0025187656,0.01878647,0.8600942,0.006183486,0.02059226,0.00066910393,0.027087899,0.0010363486
Santorini/101.jpg,0.25558677,0.012002445,0.000916648,0.016378338,0.0069487877,0.0067342315,0.012558204,0.0008286592,0.005332995,0.0059297387,0.00933163,0.044812884,0.36695462,0.0069017312,0.22439924,0.008522498,0.008520355,0.007340285
Santorini/107.jpg,0.08028716,0.00096014666,0.0002823246,0.0033983667,0.00038162305,0.0017868411,0.0027183602,0.0006048545,0.0021402317,0.0019754511,0.0031380574,0.010007334,0.85740405,0.004332506,0.014491126,0.00031750932,0.0144870775,0.0012870035
Santorini/11.4389331-iconic-santorini-santorini-greece.jpg,0.24696054,0.008593546,0.0008269642,0.009124837,0.0022180174,0.0053563146,0.009871298,0.000868056,0.0024361538,0.0049427147,0.0045471974,0.03228497,0.540941,0.006173632,0.10295272,0.0036823452,0.011270866,0.0069488147
Santorini/110.jpg,0.024490032,0.0014208257,0.00017925438,0.015727116,0.0005309605,0.0094973855,0.04058146,0.002407814,0.0010356931,0.009091984,0.0029441933,0.0031036483,0.6351403,0.013016333,0.0059060436,0.0010483518,0.23206133,0.0018172932
Santorini/112.jpg,0.09793398,0.003356968,0.0012937675,0.0119876135,0.0012750512,0.009560035,0.028761562,0.0051066265,0.0022807026,0.009197641,0.0041184244,0.0132433465,0.6896735,0.011651266,0.017665036,0.0031416924,0.07971297,0.010039735
Santorini/113.jpg,0.41245124,0.017737484,0.0035241647,0.008202767,0.020216579,0.0038406,0.006528646,0.0011293519,0.010618359,0.0025641387,0.01248217,0.1914894,0.07472035,0.0049166805,0.20290935,0.006790334,0.0019352782,0.017943148
Santorini/114.jpg,0.059541862,0.0007754388,0.00026284478,0.0018788101,0.00021073094,0.0017267399,0.0034412332,0.0006675635,0.0010800387,0.0015873006,0.0018932697,0.006004288,0.8952214,0.0040443772,0.0059723896,0.00023011159,0.014189898,0.0012716812
Santorini/116.jpg,0.06597197,0.004923163,0.0021364696,0.010320967,0.006211486,0.033694565,0.022047173,0.014855553,0.017544964,0.00952334,0.021854987,0.049556397,0.60499746,0.0368051,0.013020468,0.0047417916,0.07179262,0.010001544
Santorini/119.jpg,0.08280585,0.02174647,0.008629074,0.0615034,0.014331143,0.07785664,0.083987445,0.025056152,0.03794572,0.058905527,0.018342083,0.021403592,0.18063425,0.02182753,0.032172363,0.06415422,0.15828109,0.030417452
Santorini/12.880px-SantoriniPartialPano.jpg,0.17183521,0.0066608377,0.0011231622,0.019849798,0.004067109,0.013166762,0.019518716,0.0044193584,0.0057453997,0.008677149,0.009926655,0.043043535,0.56732166,0.013026943,0.0589547,0.006209353,0.033685442,0.012768171
Santorini/12.jpg,0.050856784,0.007378943,0.0030381337,0.021593714,0.001999435,0.009928869,0.030382862,0.009677811,0.0032804057,0.008340705,0.008476685,0.014497903,0.6629832,0.016542561,0.01883249,0.0020796517,0.12250757,0.007602437
Santorini/120.jpg,0.05951424,0.01066194,0.009938277,0.055224087,0.06984196,0.09440371,0.031028595,0.017280286,0.08251109,0.03543743,0.2332416,0.054791998,0.048105963,0.02496127,0.067904025,0.031081349,0.031643204,0.042428955
Santorini/123.jpg,0.1270749,0.023575414,0.021369288,0.018001303,0.11619074,0.03749911,0.03477623,0.041320313,0.055500716,0.0155309355,0.052534748,0.047950327,0.19720872,0.028229726,0.03835864,0.044404056,0.08753228,0.012942684
Santorini/124.jpg,0.1503657,0.0103261275,0.0009322915,0.005641545,0.00096451456,0.0086339135,0.02917346,0.0021024435,0.0024103278,0.009073046,0.0014689304,0.007131462,0.68852013,0.0070727905,0.03284357,0.005788321,0.03377747,0.0037738944
Santorini/126.jpg,0.09034319,0.014817534,0.0010924105,0.009082215,0.0024596236,0.005303075,0.018245256,0.0010903075,0.005702137,0.026169267,0.006741114,0.017620163,0.5833595,0.011152359,0.17106575,0.0032887782,0.026434608,0.006032691
Santorini/129.jpg,0.036559403,0.0056288894,0.002343146,0.029631803,0.0021504592,0.018210996,0.06470626,0.0071245013,0.00295154,0.01866298,0.007372045,0.0053292993,0.4959634,0.015651943,0.016313883,0.004644095,0.26078957,0.00596585
Santorini/13.jpg,0.073542535,0.04188776,0.02858877,0.04469575,0.07529078,0.08128039,0.07896275,0.06725897,0.032836474,0.055865113,0.045241453,0.068031654,0.032450598,0.07177702,0.02296488,0.053249743,0.07036396,0.05571132
Santorini/13.santorini-eugenia.jpg,0.07911014,0.0048317085,0.0005014634,0.012609434,0.0018866898,0.008594608,0.019382374,0.0011012291,0.0032112196,0.008070962,0.007887623,0.012315012,0.7292212,0.009784481,0.06984139,0.002377012,0.02561706,0.0036563484
Santorini/130.jpg,0.06625259,0.045861796,0.044393368,0.04604879,0.07372885,0.064832225,0.07160448,0.07138227,0.03437378,0.057813175,0.053282674,0.05742507,0.03916447,0.06030183,0.027921673,0.053780623,0.07579576,0.05603649
Santorini/132.jpg,0.07592504,0.036838915,0.012898027,0.049458433,0.032949597,0.06873647,0.072010696,0.054424625,0.01952183,0.030967819,0.07514973,0.05756672,0.1750805,0.06205781,0.043424968,0.019742206,0.10365309,0.009593583
Santorini/137.jpg,0.08378567,0.005842339,0.00081094087,0.023231126,0.004309584,0.019598566,0.019302145,0.009078501,0.009928594,0.0075957584,0.016470237,0.04367273,0.636925,0.018417297,0.03598512,0.004447765,0.053197,0.0074017034
Santorini/138.jpg,0.20572786,0.01162672,0.024644136,0.012850265,0.039122034,0.022147855,0.06112803,0.025598126,0.033597384,0.015624111,0.03384539,0.009999257,0.35174322,0.030183638,0.017250456,0.025052592,0.07182282,0.008036184
Santorini/14.Santorini-bay-by-www.rightindiatravels.com_.jpg,0.090189345,0.015636697,0.0049023153,0.026342584,0.0062216227,0.02013881,0.033204623,0.024807815,0.010137311,0.017160553,0.01148795,0.04157216,0.5045466,0.022962265,0.033223152,0.0073322365,0.10571448,0.024419561
Santorini/14.jpg,0.21379447,0.005042661,0.004658451,0.06875983,0.045661274,0.029689103,0.011421357,0.00631359,0.042912126,0.0072442293,0.18163817,0.11320774,0.13277562,0.018157534,0.078213595,0.011036714,0.01635668,0.013116904
Santorini/142.jpg,0.29199058,0.013427979,0.12756766,0.0062917005,0.090305775,0.017283576,0.013348206,0.03801803,0.093124956,0.05142108,0.03276252,0.014494977,0.08899892,0.017564889,0.013297381,0.05994894,0.01879724,0.0113557065
Santorini/144.jpg,0.3380993,0.0046466137,0.0020498768,0.0068331775,0.008339822,0.0060118577,0.010332275,0.0033523438,0.010380011,0.004482626,0.005935757,0.04882162,0.44516143,0.008095014,0.069843955,0.0047121346,0.014010081,0.008891926
Santorini/145.jpg,0.067463495,0.15304498,0.02029415,0.026413392,0.015727973,0.03002166,0.045386374,0.040017698,0.023197908,0.023026314,0.023016416,0.111198336,0.1931999,0.044389065,0.10088042,0.0068705156,0.050339546,0.025511807
Santorini/146.jpg,0.14207107,0.013406977,0.034456387,0.0623061,0.05179182,0.028769722,0.027263673,0.026212212,0.021952178,0.009327617,0.15235251,0.1440172,0.109062664,0.04447757,0.070801154,0.0076826354,0.03177121,0.022277212
Santorini/147.jpg,0.65671855,0.00038455956,0.00027621735,0.00028841433,0.050574046,0.003446526,0.025224328,0.0022241399,0.010390786,0.003701142,0.00205706,0.0013723328,0.010981071,0.00037830105,0.004495777,0.22453505,0.0006964564,0.0022552675
Santorini/148.jpg,0.12345587,0.014775036,0.0017953702,0.021619577,0.0039141765,0.017755268,0.04225425,0.0035565165,0.006094364,0.013504527,0.011302147,0.030739985,0.5374271,0.016681498,0.098061375,0.00710254,0.03792748,0.012032881
Santorini/15.jpg,0.1201255,0.042413663,0.038646907,0.0052579166,0.015169127,0.045401104,0.04667254,0.010001485,0.02117375,0.039988365,0.014278986,0.012244747,0.4175584,0.059885763,0.025504703,0.01820764,0.054377727,0.013091736
Santorini/15.tour-privado-santorini-grid.jpg,0.036278546,0.0014124813,0.0014034092,0.001081997,0.0014093253,0.0025002693,0.002848929,0.0015970038,0.0049448386,0.0015673743,0.0027995296,0.0015581164,0.8691537,0.005463721,0.002268242,0.0010325427,0.06248942,0.00019040339
Santorini/151.jpg,0.21096586,0.045757614,0.06950229,0.010179815,0.041314177,0.03287083,0.020414561,0.011759997,0.075671084,0.036145575,0.04519555,0.04403877,0.22878905,0.033635393,0.03273889,0.018499635,0.026030382,0.016490633
Santorini/152.png,0.10435051,0.0021818422,0.0010193927,0.022275716,0.005943103,0.011088721,0.010070775,0.0017578504,0.02211513,0.010793226,0.058873206,0.03435837,0.5999486,0.018894034,0.060468774,0.0026108723,0.029401911,0.003847858
Santorini/153.jpg,0.04524133,0.0064173467,0.000319093,0.003285586,0.00027863286,0.0021805633,0.022187628,0.00027984558,0.0005777846,0.0067281765,0.0014227035,0.0027964483,0.8375368,0.0048422106,0.04268601,0.0007471358,0.021334834,0.0011377536
Santorini/154.jpg,0.9667163,3.3297295e-07,2.3114756e-06,5.8144522e-08,0.0002455368,2.9051048e-06,5.619501e-05,2.7094378e-05,0.000102486825,1.4506365e-05,0.00025589415,4.165379e-05,0.032458603,6.2237984e-07,2.9742184e-06,6.7364395e-05,4.652374e-06,4.259715e-07
Santorini/156.jpg,0.16155171,0.03267649,0.018521633,0.022369985,0.0666418,0.015374376,0.07174589,0.024391603,0.008003654,0.016105676,0.016055893,0.11087133,0.091128014,0.02238816,0.1789796,0.017997256,0.018304689,0.10689228
Santorini/157.jpg,0.14290561,0.07257982,0.0351728,0.0022896256,0.004557248,0.023983838,0.029902374,0.004365797,0.009057711,0.06525945,0.0026191722,0.0105908485,0.41490856,0.04157297,0.03191521,0.020185085,0.080896854,0.007236913
Santorini/159.jpg,0.24081855,0.010957031,0.000560673,0.004314963,0.0015746612,0.0037270028,0.009328484,0.00031131392,0.0030303728,0.016232185,0.0028704389,0.012119674,0.52752876,0.0048889923,0.14568722,0.003889187,0.00925659,0.0029038468
Santorini/16.Santorini_sunset.jpg,0.016104644,0.019133756,0.008231676,0.0022298358,0.0048306733,0.023652203,0.013811022,0.007844487,0.015189702,0.010430827,0.0052139764,0.006460827,0.6891743,0.037494298,0.009882195,0.005513935,0.122211024,0.0025907406
Santorini/160.jpg,0.42378908,0.011243213,0.006236357,0.007613563,0.011789344,0.009431331,0.008528049,0.0053319046,0.012248735,0.0047858288,0.008532485,0.14244534,0.21392857,0.010835757,0.07307936,0.012018464,0.009965609,0.028197048
Santorini/162.jpg,0.37526938,0.019513326,0.0038025533,0.013467321,0.03325895,0.008691519,0.008471449,0.0035555072,0.03568927,0.005107534,0.031793732,0.17829545,0.0699767,0.0063685616,0.17594574,0.009724464,0.0024699408,0.018598692
Santorini/165.jpg,0.1247139,0.0045761224,0.0006443119,0.0049155485,0.0012775991,0.008673523,0.021493733,0.0011715672,0.001988706,0.0058094733,0.00453115,0.009616003,0.7493952,0.008824497,0.032359812,0.001976031,0.015048545,0.0029843168
Santorini/167.jpg,0.5046305,0.007859821,0.002596394,0.0114390105,0.0078762015,0.006807771,0.009275884,0.00275972,0.0056995326,0.0028846362,0.010031765,0.09606654,0.21139167,0.0069608265,0.08734144,0.0056050755,0.006767179,0.014005875
Santorini/169.jpg,0.06752148,0.008081887,0.0010601332,0.026130298,0.003923174,0.016022692,0.028080823,0.0044739665,0.0064176517,0.009945239,0.011668819,0.020429267,0.6624383,0.013882548,0.05177982,0.004703794,0.05633029,0.007109853
Santorini/17.Santorini.jpg,0.073765524,0.021682102,0.028562041,0.025755249,0.005730968,0.017060906,0.10616132,0.018674975,0.0031572748,0.034482207,0.010402885,0.014769849,0.30174056,0.029720163,0.036237277,0.0069332817,0.25089604,0.014267362
Santorini/171.jpg,0.10495449,0.100855105,0.0017270453,0.00251766,0.0013031331,0.0055208188,0.033446666,0.0014577672,0.0038258992,0.021859158,0.0033665441,0.01675935,0.5274462,0.010955903,0.1467599,0.0018694481,0.013518527,0.0018564998
Santorini/173.jpg,0.10473745,0.011542304,0.008645858,0.017146004,0.08985902,0.030526595,0.06839702,0.023306092,0.017744811,0.02138056,0.012997869,0.06761212,0.18790865,0.024975546,0.108142786,0.0358609,0.04658608,0.12263037
Santorini/175.jpg,0.13729787,0.011285076,0.22060868,0.0005016979,0.0030124502,0.004591411,0.0061367806,0.0011589755,0.008820723,0.021938283,0.0075712954,0.0013328434,0.49270347,0.034850016,0.0013072721,0.0009995291,0.04521312,0.00067040254
Santorini/176.jpg,0.08082413,0.026516607,0.006482516,0.04470773,0.010004593,0.05305003,0.08717707,0.027002092,0.01725705,0.05414484,0.014443691,0.021338347,0.26085055,0.04118048,0.02739977,0.026386892,0.18367116,0.017562417
Santorini/178.jpg,0.053504337,0.06718833,0.041789457,0.054027855,0.060800333,0.049760107,0.03168982,0.115285315,0.05757196,0.04411581,0.061410826,0.13378063,0.036613982,0.04282395,0.036783762,0.023984384,0.046075147,0.042794064
Santorini/179.jpg,0.14853953,0.00929182,0.0018363893,0.0056603896,0.0025350377,0.011239372,0.01410652,0.006571438,0.004331404,0.0049850894,0.005465326,0.039663892,0.6638678,0.014196484,0.03838524,0.002172226,0.018791445,0.008360701
Santorini/18.jpg,0.018496027,0.013667102,0.022105016,0.04715418,0.0103259375,0.03200542,0.19332251,0.03248142,0.012245121,0.0076296334,0.0372073,0.0035411674,0.24776256,0.06179843,0.011154298,0.004086835,0.2400563,0.0049606315
Santorini/181.jpg,0.08408826,0.012548602,0.0015693147,0.014790491,0.0017110412,0.008120279,0.031259112,0.004175945,0.0021563475,0.009472247,0.0029882865,0.012345236,0.6790787,0.009159091,0.044765987,0.004351839,0.06941104,0.008008229
Santorini/184.jpg,0.11292727,0.019380037,0.07225338,0.021365916,0.038702857,0.039689805,0.07965055,0.03977989,0.03495733,0.02689323,0.07855584,0.012414128,0.21264213,0.05986759,0.018309224,0.022038799,0.09995995,0.010612114
Santorini/188.jpg,0.26821727,0.0026973558,0.0022875532,0.042414088,0.03844726,0.017774692,0.0078435,0.007024535,0.040902052,0.008325012,0.046900958,0.10691293,0.26331717,0.010060815,0.07495129,0.013689265,0.014434346,0.033799887
Santorini/19.jpg,0.067117654,0.03578771,0.009642316,0.052654188,0.04783406,0.085833125,0.029819472,0.04691211,0.10998128,0.026237542,0.054922804,0.08979761,0.13359572,0.032633398,0.053857256,0.047309894,0.04085719,0.035206705
Santorini/19.santorini.jpg,0.2704449,0.0422326,0.020801,0.0034978853,0.01934947,0.03811605,0.031036114,0.0073273596,0.032848272,0.05803175,0.012296624,0.013017646,0.31402424,0.026773341,0.04468676,0.03563295,0.022739483,0.0071435943
Santorini/190.jpg,0.08338161,0.0092185065,0.0008241379,0.012595786,0.002549694,0.015832154,0.03641989,0.0031702642,0.004395465,0.013916792,0.0059542395,0.01428337,0.6737432,0.0138817215,0.051794153,0.0063991463,0.04452665,0.007113221
Santorini/191.jpg,0.027703783,0.0019124509,0.0016905954,0.0056489613,0.0017790574,0.015436197,0.048339874,0.0032348041,0.0013429741,0.009484349,0.008969001,0.0087938,0.71762204,0.027100109,0.0054254797,0.0012188618,0.105093405,0.009204204
Santorini/193.jpg,0.23985475,0.05605065,0.021009466,0.031662293,0.045015335,0.051263552,0.04767383,0.012695199,0.03961707,0.054481238,0.022572508,0.02687932,0.10682279,0.023193644,0.0970854,0.08447396,0.023101278,0.016547658
Santorini/2.4388542-grace-santorini-santorini-greece.jpg,0.026675133,0.013431948,0.0038242189,0.005652361,0.0016995159,0.03343311,0.27054897,0.0062610535,0.0023038809,0.043492224,0.0011856878,0.00067155086,0.28292206,0.016677966,0.014424938,0.032186672,0.23844412,0.0061645815
Santorini/2.jpg,0.43187213,0.019069098,0.0020666735,0.009815335,0.007121719,0.0077512157,0.013801666,0.0014058807,0.0046584,0.006703232,0.0054004174,0.04522018,0.24545023,0.006036311,0.16149455,0.015304248,0.006107773,0.010721071
Santorini/20.jpg,0.15479903,0.0046292786,0.003725266,0.024709867,0.0059091984,0.022353804,0.027382817,0.011851173,0.01169739,0.016045745,0.019900471,0.048219435,0.49225926,0.024279779,0.02854166,0.0093172565,0.07240293,0.021975635
Santorini/20.santorini_09.jpg,0.3565013,0.007919672,0.0026797524,0.018460955,0.01859027,0.008078568,0.007262067,0.0028836438,0.013485864,0.0031892632,0.021448718,0.15725923,0.19862153,0.0089639975,0.14288901,0.008092819,0.0060353396,0.017637888
Santorini/21.4391260-the-vasilicos-santorini-greece.jpg,0.26030186,0.00662581,0.011108095,0.022234386,0.020959357,0.023067232,0.01605294,0.00967441,0.032620683,0.012032658,0.056383174,0.1062138,0.27308145,0.030161748,0.050126165,0.015987894,0.030091751,0.023276588
Santorini/21.jpg,0.09722034,0.020110222,0.018655587,0.043737378,0.026755128,0.0304299,0.03738011,0.059212815,0.018074224,0.016914682,0.04456244,0.09119116,0.2523661,0.04743823,0.06004105,0.010309769,0.101270944,0.024329877
Santorini/22.jpg,0.041595284,0.011209414,0.0003591106,0.011472913,0.0014077747,0.005469277,0.036219425,0.0005399646,0.0019852219,0.011167188,0.0044859406,0.007124868,0.6828602,0.0067634983,0.14661469,0.0020383124,0.024804957,0.0038818673
Santorini/22.santorini-villages.jpg,0.11799007,0.010112307,0.001100402,0.010680884,0.001055077,0.008126991,0.04762604,0.0019645684,0.0010191207,0.007969918,0.00216848,0.007830755,0.6783717,0.007891875,0.042077426,0.004522885,0.043047108,0.006444337
Santorini/23.jpg,0.122749075,0.026450206,0.03529763,0.012787371,0.02327448,0.03855555,0.036901385,0.03489582,0.0428492,0.035169564,0.01947238,0.016442444,0.3123713,0.05536614,0.030645916,0.026615333,0.11818222,0.01197397
Santorini/23.santorini-44228168-1550653710-WideInspirationalPhoto1170.jpg,0.08263258,0.0022816,0.00029610985,0.0047381306,0.0010793911,0.0047645317,0.0039361184,0.0012333737,0.0051654326,0.0047892253,0.006000124,0.021342227,0.8011977,0.007866236,0.031771895,0.0009640902,0.017697308,0.002244039
Santorini/24.jpg,0.079510346,0.05416669,0.043055486,0.044520605,0.05223379,0.054469414,0.11255507,0.05196839,0.02465875,0.06157116,0.0382786,0.04990035,0.05249911,0.08003407,0.028334018,0.0436663,0.08775546,0.04082223
Santorini/25.060aaf952621832d98adc53bdbe05f3f.jpg,0.15128814,0.0029667085,0.0019179028,0.030340815,0.0038526224,0.01685235,0.04169036,0.010570259,0.0026285069,0.010081681,0.011875196,0.0327938,0.53460854,0.013405507,0.023484288,0.0038418097,0.06301586,0.044785667
Santorini/25.jpg,0.14991869,0.033712212,0.10794943,0.020611525,0.028251035,0.03326825,0.06763783,0.019058514,0.03730138,0.035858408,0.05540624,0.018716367,0.22792344,0.0577613,0.024574641,0.014270244,0.050984774,0.016795892
Santorini/26.27262660-panoramic-shot-of-the-blue-domed-church-at-oia-santorini-greece-europe.jpg,0.16498022,0.04424306,0.029905554,0.043154344,0.03654757,0.047675025,0.03990604,0.018075623,0.050957207,0.062244438,0.05135811,0.06385529,0.068693094,0.03419747,0.054281622,0.1136461,0.044502977,0.03177622
Santorini/28.SANTORINI-1000x500.jpg,0.065057024,0.3609642,0.00051562936,0.0053787236,0.01831324,0.0024198797,0.006292315,0.0016884746,0.00702309,0.010718495,0.0013328347,0.020776909,0.0169526,0.0004287247,0.4711147,0.009360628,0.0009934155,0.0006690962
Santorini/28.jpg,0.0792159,0.034752745,0.011386453,0.003154081,0.0044643716,0.040149894,0.046717927,0.0032029594,0.011945221,0.03290658,0.0053058057,0.009070227,0.5658169,0.0421922,0.024021637,0.013072122,0.06633877,0.0062862337
Santorini/29.12004F.JPG,0.12845567,0.0020162852,0.00039227115,0.003751918,0.0004210677,0.0021517638,0.009852607,0.0008320437,0.0009003207,0.0028657492,0.0010729022,0.0045111077,0.7999112,0.0031919854,0.018318271,0.0008846709,0.018143928,0.0023263171
Santorini/29.jpg,0.114309326,0.0054837666,0.00092776446,0.021800324,0.0047605434,0.013210122,0.025522845,0.003020169,0.0045084218,0.0073825237,0.013427804,0.029006552,0.6137163,0.013811377,0.08649254,0.004407936,0.030823829,0.0073878933
Santorini/3.jpg,0.02916267,0.052303445,0.06573959,0.0043488685,0.02159137,0.051053256,0.034356207,0.031070711,0.023817671,0.052170783,0.020656247,0.020600956,0.2976517,0.09942126,0.016669532,0.021049231,0.14920737,0.009129204
Santorini/3.santorini_702.jpg,0.15734771,0.0045452486,0.00090354966,0.0040626074,0.00045160897,0.0032864825,0.009078562,0.0011119103,0.0023563227,0.01028503,0.003422455,0.009645591,0.738664,0.009804493,0.01623126,0.00069504074,0.026040332,0.0020678306
Santorini/30.May-16-Country-Profile-Greece-Santorini-1-817x350.jpg,0.06569376,0.008295901,0.0037552922,0.024031222,0.007592523,0.06344943,0.08715953,0.02313997,0.0063401414,0.02975348,0.012670402,0.017447665,0.34183848,0.044165697,0.01550369,0.010883353,0.21593371,0.022345886
Santorini/30.jpg,0.19763993,0.015116203,0.011602112,0.045604143,0.026271598,0.031970892,0.020846792,0.012352946,0.035308186,0.01332272,0.070341915,0.123378664,0.21013421,0.029504322,0.085126914,0.018975785,0.025836239,0.026666502
Santorini/31.Santorini-travel-blog-1024x486.jpg,0.22497843,0.010226702,0.0013215136,0.0066804145,0.0021245675,0.008150636,0.015674878,0.003456821,0.003753392,0.0071150125,0.002198638,0.01929422,0.58613044,0.007626708,0.06792064,0.0045852573,0.0228305,0.0059312577
Santorini/31.jpg,0.02663069,0.0019962734,4.2845924e-05,0.0037650107,0.00019261525,0.0018862209,0.01915243,6.756526e-05,0.00037280022,0.0028632982,0.0015492343,0.001697003,0.87762856,0.002380033,0.046313018,0.00047183453,0.012249013,0.0007416748
Santorini/32.2390-5300-Santorini-Greece-36x11.75.jpg,0.07433559,0.0028799272,0.0003478979,0.008386919,0.00081533205,0.0049893185,0.017062353,0.00077871233,0.001630658,0.005645629,0.0037143824,0.008473906,0.79627603,0.0063986937,0.0340867,0.0016739422,0.028997928,0.0035060027
Santorini/32.jpg,0.14689417,0.0395081,0.006483758,0.018498175,0.008507135,0.018163735,0.057576034,0.008007144,0.01042653,0.035224006,0.009845675,0.03934526,0.34207302,0.02297076,0.14082856,0.018662086,0.044997238,0.03198866
Santorini/33.701902140_Santorini-Greece.jpg,0.10818908,0.17013304,0.0057722866,0.025039071,0.018379627,0.015172553,0.054213393,0.00957014,0.018580183,0.03250256,0.006247798,0.031802673,0.1465954,0.008426954,0.29049405,0.022613704,0.021006716,0.015260711
Santorini/33.jpg,0.091595896,0.02277949,0.012378963,0.051696215,0.026219456,0.10124204,0.043968927,0.018731507,0.067484245,0.11852518,0.14861976,0.034390274,0.03480911,0.035913594,0.028756777,0.08550842,0.060138963,0.017241273
Santorini/34.Best-2019-Santorini-Tours-and-Must-Do-Experiences-Kamari-Tours-Excursions-750x350.jpg,0.05323938,0.021132626,0.007640202,0.015695604,0.0043601324,0.022971533,0.10811027,0.013548943,0.003372782,0.026018815,0.009295103,0.011879826,0.4786194,0.030242072,0.023158519,0.007911248,0.15127964,0.011523957
Santorini/36.jpg,0.076012276,0.036276072,0.12042525,0.029968038,0.04118147,0.03437914,0.04358622,0.035760667,0.033080295,0.049672894,0.05978152,0.022210952,0.15953703,0.05882696,0.02804618,0.023633745,0.13601619,0.011605122
Santorini/37.mykonos-or-santorini-cover.jpg,0.22941618,0.036106147,0.009711918,0.021363791,0.010252214,0.030786298,0.109089136,0.006979202,0.006123259,0.054728005,0.0112199625,0.02768084,0.23330383,0.03951566,0.071349345,0.02550104,0.058588017,0.018285155
Santorini/38.Santorini-feat.jpg,0.103471346,0.0036206564,0.0016362745,0.01913361,0.013832301,0.029258292,0.012650501,0.005690581,0.03677658,0.0074858093,0.10564939,0.084374525,0.46457046,0.03472568,0.04262791,0.0031141546,0.025070097,0.0063116956
Santorini/39.Panoramic-view-of-Santorini-Greece-iStock_000089536317_Large-2-1200x335.jpg,0.17514475,0.0067006466,0.0005554989,0.00442534,0.0018252012,0.004690635,0.010781436,0.0016436817,0.0034134747,0.004388951,0.0025525861,0.02176113,0.66088563,0.0058405795,0.07734802,0.0022247168,0.011742523,0.004075211
Santorini/4.Santorini-Greece.jpg,0.10217781,0.033202115,0.03725868,0.024622485,0.017195633,0.027212868,0.081696406,0.052907098,0.01019929,0.04732759,0.01625661,0.043478373,0.20930907,0.049077056,0.048777655,0.017205963,0.14090537,0.041189913
Santorini/4.jpg,0.09419021,0.03496923,0.015876813,0.026471458,0.01009467,0.045944136,0.11805591,0.026146755,0.011532715,0.09038769,0.011840073,0.015022901,0.20615566,0.039090596,0.044237748,0.047587838,0.13557021,0.026825452
Santorini/40.jpg,0.6542311,0.00045947637,0.001224964,0.0003264732,0.01788709,0.0028232448,0.0038962113,0.0028737928,0.012818067,0.0041994234,0.03408838,0.0052809324,0.24564295,0.0012490207,0.0017859754,0.0076331273,0.0034759569,0.00010390669
Santorini/40.santorini-hotels.jpg,0.06864135,0.0008915108,0.0005126666,0.0045354813,0.008064563,0.004611459,0.0002680837,0.0028912167,0.025582585,0.0011940899,0.021640299,0.0637844,0.76651275,0.0025732957,0.0063399463,0.0011797362,0.02010378,0.00067277957
Santorini/41.oia-sunset-santorini.jpg,0.01983885,0.02440427,0.02013823,0.00024342941,0.0018466533,0.016124753,0.014899086,0.0020633761,0.008962923,0.019526936,0.0027651868,0.001967564,0.7413608,0.04235534,0.0032636037,0.0015403763,0.07800816,0.0006904119
Santorini/42.jpg,0.12989171,0.035027724,0.025418103,0.04061381,0.04763064,0.0710914,0.07791988,0.048463512,0.03331042,0.063222855,0.046642072,0.072636396,0.039723083,0.06281205,0.027500322,0.062285192,0.0591978,0.0566131
Santorini/43.grace-santorini-hotel-villa.main.jpg,0.12095845,0.02544875,0.01735124,0.045238424,0.089978576,0.026932184,0.025648193,0.030552343,0.10161891,0.039527357,0.11910493,0.05534075,0.16531518,0.01820757,0.03545027,0.031261995,0.046863247,0.005201677
Santorini/43.jpg,0.033091214,0.06607921,0.01513358,0.0030611707,0.0066445186,0.020918746,0.010634951,0.008295461,0.027015463,0.020119471,0.005878717,0.02762745,0.6197018,0.023654956,0.029248348,0.008432051,0.06773173,0.0067311013
Santorini/44.D246_100_147_1200.jpg,0.26382327,0.016259734,0.03545832,0.0160946,0.115612574,0.05533835,0.04236021,0.03190777,0.027536532,0.029691843,0.025641823,0.024985963,0.05295578,0.04338967,0.045853253,0.10875578,0.01431404,0.050020356
Santorini/44.jpg,0.056932054,0.0025549044,0.0002508687,0.0019362601,0.000409317,0.004672274,0.008945265,0.0009289688,0.001641123,0.0041357456,0.0023691282,0.007928411,0.8672761,0.007608469,0.012559202,0.00079553545,0.017442578,0.001613754
Santorini/45.jpg,0.23463818,0.01501781,0.002182256,0.0163685,0.01458233,0.0074540577,0.011109299,0.005187296,0.017663945,0.004099886,0.010599604,0.11090713,0.32404482,0.0076445574,0.18958382,0.004909402,0.011189441,0.01281755
Santorini/45.santorini_01.jpg,0.04171707,0.0011666133,0.00025725676,0.0037259045,0.00022362667,0.0039004365,0.020635452,0.0006320515,0.0006569595,0.008147042,0.0019057221,0.0023063724,0.84236336,0.006765401,0.008472206,0.0008555592,0.05482259,0.0014464064
Santorini/46.Santorini-shutterstock_158088893-960x332.jpg,0.034577087,0.00027825858,1.7223792e-05,0.0013906726,6.906839e-05,0.00065410446,0.009261152,4.5510707e-05,0.00034335582,0.0017445845,0.0009675199,0.0008819112,0.9292272,0.0010778734,0.0093624685,0.00018234098,0.009589791,0.00032972044
Santorini/46.jpg,0.033656426,0.04711246,0.31275284,0.01143138,0.010843007,0.015782783,0.10222255,0.0082542775,0.0053819926,0.018957432,0.026551861,0.0035865942,0.18395054,0.08108887,0.008192453,0.0016530136,0.12298823,0.0055933455
Santorini/47.1000677.jpg,0.07075572,0.00081595895,0.00035052246,0.0056854677,0.0011224787,0.004741092,0.006177862,0.0013369748,0.0033678247,0.0032416005,0.0076340605,0.01993342,0.8208437,0.008596295,0.013093891,0.00070694834,0.027390642,0.0042054593
Santorini/47.jpg,0.03845765,0.027620053,0.060792677,0.052422643,0.06430448,0.05371988,0.089147024,0.081491336,0.030961074,0.032254495,0.05978029,0.04611312,0.0883916,0.045583013,0.041595925,0.033164002,0.12070607,0.03349465
Santorini/48.bef3a3aa5aa4807cb9d0303f03f48dc0.jpg,0.06745267,0.0028816124,0.00026843755,0.010125561,0.0014269479,0.0061613736,0.0088991765,0.0016894274,0.0044935243,0.0061535127,0.0057127634,0.01489493,0.78617656,0.007426013,0.04200834,0.001907567,0.029253269,0.0030681698
Santorini/48.jpg,0.23683281,0.028207839,0.003241398,0.007967696,0.0091244215,0.009500329,0.028128104,0.009166852,0.008521552,0.007603663,0.0054433825,0.07689755,0.37750313,0.011658653,0.14043348,0.0065825433,0.016739275,0.016447408
Santorini/49.jpg,0.026024273,0.014982647,0.020875841,0.0028482133,0.0059790025,0.016120674,0.020561764,0.0076186163,0.018329328,0.0075917407,0.013426959,0.00563853,0.7004931,0.03818061,0.005991271,0.0023459282,0.090835296,0.0021562078
Santorini/5.4402982-mystique-santorini-greece.jpg,0.01802945,0.00017388132,2.7869393e-05,0.0029721896,4.377151e-05,0.00056464324,0.0032973348,0.00010181589,0.0002506928,0.0006030186,0.00076489407,0.0007772621,0.9481818,0.0009918686,0.002757513,7.3548996e-05,0.020091198,0.00029716978
Santorini/5.jpg,0.094220534,0.034796096,0.029990923,0.04399552,0.047327735,0.069401085,0.07876947,0.0476793,0.024921795,0.06839427,0.04225424,0.050480317,0.05954945,0.053883664,0.027115976,0.06323605,0.095776245,0.06820739
Santorini/50.jpg,0.123201445,0.026339784,0.0024420558,0.011473036,0.001592763,0.0132159665,0.10782051,0.0021406168,0.0010451623,0.014789017,0.0022602954,0.005127185,0.54832935,0.011379366,0.06319646,0.0076707695,0.054071296,0.003904911
Santorini/51.jpg,0.07433559,0.0028799272,0.0003478979,0.008386919,0.00081533205,0.0049893185,0.017062353,0.00077871233,0.001630658,0.005645629,0.0037143824,0.008473906,0.79627603,0.0063986937,0.0340867,0.0016739422,0.028997928,0.0035060027
Santorini/51.sunset-at-oia-santorini.jpg,0.056686234,0.054805215,0.0050387164,0.0025345706,0.012554958,0.02315214,0.003568563,0.012769191,0.02246033,0.025664046,0.0043555205,0.027962463,0.58649725,0.01505562,0.051294964,0.021088691,0.07123807,0.003273464
Santorini/52.jpg,0.118712395,0.0028851624,0.007343115,0.08072713,0.0479836,0.037592895,0.011607534,0.017652938,0.027167344,0.005048367,0.3861636,0.08952602,0.07021865,0.024140703,0.03704026,0.004037815,0.02222434,0.009928071
Santorini/53.bk1kyrxyd8s3wh00l9pj.jpg,0.09676337,0.0005396196,0.00022452619,0.0028910725,0.000643672,0.0021587152,0.003694137,0.00077302026,0.002245289,0.0019093239,0.0034699736,0.008018631,0.8454977,0.0044505293,0.012578173,0.0003295038,0.012659905,0.001152987
Santorini/55.jpg,0.026085382,0.05091777,0.106717296,0.034037825,0.2333002,0.018797496,0.03314907,0.15327418,0.010808784,0.018690903,0.01553642,0.04183577,0.03232183,0.025107704,0.08316501,0.02747171,0.067051366,0.021731408
Santorini/56.jpg,0.053498697,0.00087556685,0.00038524004,0.0025360964,0.00043440453,0.0033281515,0.0031231162,0.0014926242,0.0034233453,0.0021002553,0.0053823916,0.01056961,0.87886506,0.007968763,0.0043777777,0.000273168,0.020294577,0.0010712553
Santorini/56.santorini-panorama.jpg,0.16460757,0.002631815,0.0026597895,0.013456961,0.0041490784,0.021524906,0.023238722,0.013849754,0.0075157336,0.010927002,0.0123161385,0.032725185,0.5468496,0.02496198,0.020178122,0.0044454974,0.07829348,0.015668653
Santorini/57.jpg,0.12971604,0.015093284,0.3241775,0.013380461,0.013199812,0.0099351,0.08629412,0.0075887516,0.021914132,0.010652198,0.039097816,0.0028189656,0.19685386,0.052075364,0.0036652503,0.0011159095,0.06567957,0.0067417347
Santorini/57.santorini.jpg,0.041108657,0.015324671,0.0053987796,0.019690324,0.0016219587,0.012523265,0.13558833,0.0036959888,0.0013535988,0.03306701,0.0035803146,0.0034797092,0.44534373,0.015896501,0.033402454,0.0054397555,0.2183992,0.005085674
Santorini/58.il_570xN.1152458211_pjpl.jpg,0.06349265,0.01808438,0.027785173,0.011375141,0.025505047,0.02295496,0.019417554,0.008336009,0.011198134,0.017785871,0.048065,0.042491388,0.4637414,0.039488994,0.028407656,0.0068883724,0.138141,0.0068411515
Santorini/58.jpg,0.23865922,0.043365154,0.008897778,0.029315947,0.01208912,0.030768542,0.062194373,0.014256441,0.0110846525,0.03618953,0.009276697,0.042979293,0.21821687,0.025267433,0.07641219,0.050608788,0.05534506,0.035072934
Santorini/59.jpg,0.0875951,0.0015272566,0.0003598765,0.018841771,0.0012886364,0.0055605154,0.008826999,0.0023449366,0.0041142106,0.0057869195,0.005817794,0.010834659,0.7571913,0.007046802,0.019115346,0.0012955195,0.05939292,0.003059364
Santorini/59.oia-santorini-thira-cyclades-islands-greece_u-l-q1bprob0.jpg,0.039580043,0.07146893,0.016390126,0.015385994,0.012837586,0.06491669,0.07922111,0.031771258,0.026198378,0.030844066,0.013751632,0.039314944,0.2931611,0.058868904,0.055019975,0.019325512,0.101469755,0.030474031
Santorini/6.Life-List-Santorini-631.jpg,0.25131908,0.0035925976,0.0020114197,0.042332873,0.010414772,0.020622706,0.0108389845,0.013521373,0.014876405,0.0050226185,0.034511928,0.11960141,0.33877355,0.01686624,0.056542557,0.004820277,0.03618055,0.018150663
Santorini/6.jpg,0.08024451,0.052089706,0.025350392,0.0571987,0.06277937,0.0878458,0.06361238,0.053376496,0.044815455,0.062473666,0.059425835,0.07736658,0.028929217,0.055892285,0.02208249,0.063445605,0.05031619,0.0527553
Santorini/60.jpg,0.17433698,0.011848075,0.0050990265,0.020443752,0.0106695285,0.031907782,0.03971846,0.020826437,0.01298368,0.013309897,0.021645157,0.07195295,0.40194154,0.035097856,0.049588718,0.010264767,0.04487834,0.023487024
Santorini/60.santorini.jpg,0.056152537,0.015929295,0.0023505762,0.006258959,0.0033056256,0.031683717,0.027889824,0.009914698,0.013328668,0.008749841,0.011118134,0.039178327,0.6595354,0.034804944,0.0210115,0.005174889,0.043943275,0.00966981
Santorini/61.D246_55_430_1200.jpg,0.1903549,0.011418005,0.00065634877,0.0014735912,0.0030574428,0.00123229,0.0023887742,0.0003171668,0.0048563327,0.003340342,0.002685063,0.050280444,0.5342965,0.002372771,0.18558213,0.0009069065,0.003614514,0.0011665697
Santorini/61.jpg,0.08857751,0.012005101,0.0017750522,0.016232146,0.0023293376,0.01048665,0.026243905,0.0040470217,0.0036230022,0.009662984,0.0056979023,0.019621076,0.6742059,0.01204142,0.048355486,0.0035138677,0.051330365,0.010251261
Santorini/62.oia_santorini_1618x750-1024x475.jpg,0.02996348,0.017313194,0.03715798,0.016990969,0.07729186,0.05493989,0.04023954,0.23663653,0.016954001,0.022741405,0.019336177,0.053333987,0.092675686,0.063268445,0.036883228,0.029569956,0.095940866,0.05876284
Santorini/63.jpg,0.09061204,0.015602002,0.02384405,0.042787734,0.16468261,0.03364445,0.042628195,0.00780041,0.027814018,0.03941119,0.16328473,0.056196395,0.035229526,0.03803648,0.15896685,0.022132644,0.012440436,0.024886265
Santorini/64.jpg,0.075607724,0.03435398,0.016816229,0.055945016,0.041260302,0.059642334,0.041466292,0.026607357,0.058131654,0.04444689,0.058428872,0.07187055,0.13023636,0.03937879,0.08167268,0.038934406,0.063233465,0.06196703
Santorini/64.santorini_20(24).jpg,0.020192778,0.018515171,0.014159008,0.017193735,0.0163573,0.073441185,0.058558647,0.019925911,0.03516482,0.009777889,0.07673626,0.017217146,0.3786611,0.0670624,0.010642578,0.007132583,0.1490913,0.010170245
Santorini/66.jpg,0.09724334,0.016643817,0.0071988837,0.009619387,0.010928208,0.041316632,0.028414415,0.027427496,0.020654084,0.018940225,0.008104536,0.043332204,0.45490518,0.0459583,0.031067774,0.017353904,0.09893485,0.021956801
Santorini/67.jpg,0.14906254,0.011923728,0.0043681134,0.06536857,0.0146223735,0.06864916,0.033150677,0.03237655,0.033617288,0.03361944,0.030158164,0.041492984,0.2564765,0.018376254,0.05025629,0.028912324,0.095832445,0.031736627
Santorini/67.santorini-island-768x355.jpg,0.05681366,0.0010205918,0.000111775866,0.0042339144,0.0002690742,0.0013107395,0.005915281,0.00027701596,0.0007611059,0.0014562432,0.0013120939,0.0031956807,0.8880372,0.0019835527,0.017057758,0.00036491067,0.014929753,0.0009495364
Santorini/68.dreamstime_l_67699056.jpg,0.06137902,0.016316844,0.0028145805,0.0068903416,0.0015428411,0.0071057472,0.024716044,0.006837441,0.0022000866,0.008124786,0.0029764276,0.0113492515,0.74327785,0.012054831,0.024536112,0.0026100527,0.06104995,0.0042177495
Santorini/68.jpg,0.18859665,0.014223258,0.008682663,0.050307013,0.021067189,0.061135285,0.06513401,0.034197386,0.019939762,0.044415835,0.022251707,0.044650137,0.16627501,0.030183136,0.03590795,0.043661978,0.10220603,0.04716495
Santorini/69.jpg,0.07260817,0.0063547296,0.007260008,0.050034966,0.22063604,0.028027166,0.024802543,0.0063412203,0.02920591,0.008465885,0.13252707,0.080512315,0.04182231,0.013184369,0.20839345,0.015414618,0.0054790704,0.048930064
Santorini/69.santorini_387-1100x450.jpg,0.04360889,0.022361472,0.009016674,0.024647115,0.022304619,0.037624992,0.086261146,0.022955174,0.0075802337,0.022587646,0.01255509,0.030401936,0.3810954,0.038284134,0.07846395,0.011492198,0.09820548,0.050553776
Santorini/7.santorini-51.jpg,0.074322045,0.059429523,0.038131118,0.060204964,0.06264847,0.07459942,0.05709375,0.040393047,0.041279797,0.059883893,0.06431048,0.061214138,0.037386086,0.05604915,0.038010836,0.06677612,0.060666125,0.047601115
Santorini/70.jpg,0.10836581,0.026748437,0.018170835,0.011341789,0.051933706,0.025016401,0.007487567,0.056285847,0.07744491,0.03759205,0.037208464,0.0894512,0.30503136,0.019607069,0.039341636,0.023986362,0.055102643,0.009884011
Santorini/70.santorini.jpg,0.14040017,0.003884449,0.0022569175,0.037502285,0.005708033,0.032173656,0.031414084,0.023996318,0.009408459,0.0143775055,0.018803421,0.042166248,0.44126922,0.020786699,0.022300834,0.007137178,0.119571425,0.026843088
Santorini/71.jpg,0.046899207,0.0046093767,0.00048866647,0.024554932,0.0010564172,0.014120331,0.037281636,0.0039033003,0.0031983105,0.016369943,0.00436283,0.005890323,0.6586779,0.009689262,0.021716857,0.0046693846,0.13683793,0.005673427
Santorini/72.Santorini-skyline-sunset-90221.jpg,0.06292286,0.0017911219,0.0009831059,0.0016658742,0.0039489553,0.00424741,0.0036523882,0.0033666466,0.015790928,0.004347044,0.007243402,0.0040032677,0.8242863,0.0036947108,0.0041839737,0.004787338,0.048763044,0.00032173833
Santorini/72.jpeg,0.06377945,0.012176364,0.0024235614,0.021277918,0.003078609,0.018998617,0.03495403,0.011240775,0.00584951,0.019563492,0.0070894733,0.01336056,0.5977649,0.017260643,0.028517576,0.00741931,0.1274553,0.007789973
Santorini/73.jpg,0.04151103,0.0027252545,0.0002267029,0.0031793662,0.00037833705,0.005059051,0.028316459,0.0005396025,0.0010098609,0.009904551,0.0016815951,0.0021905585,0.84409887,0.0057785464,0.018092174,0.0018923241,0.03167178,0.0017439359
Santorini/74.jpg,0.1026999,0.059227824,0.08258443,0.04087776,0.077769965,0.03425312,0.050146233,0.059755165,0.062204346,0.04070061,0.0796503,0.044827223,0.104389235,0.024713002,0.03176183,0.025476167,0.0477749,0.031187968
Santorini/75.jpg,0.1559886,0.0032251559,0.00055624364,0.011778869,0.0015587717,0.0054751444,0.0076812524,0.0015481643,0.0033995523,0.004199212,0.006434924,0.030240411,0.6848452,0.006948435,0.050003335,0.001699597,0.018897913,0.005519268
Santorini/76.jpg,0.049523972,0.011538909,0.018801508,0.046916433,0.15569586,0.046862878,0.039008584,0.11557735,0.03591659,0.02992326,0.03759541,0.08001093,0.03774114,0.020982103,0.05760431,0.037152506,0.02093576,0.15821253
Santorini/76.the_20grace_20santorini.jpg,0.029142292,0.0024396365,0.00019710473,0.0063377805,0.00036799247,0.0031475178,0.03636745,0.00044305826,0.00045629143,0.0047566816,0.001697247,0.0025029322,0.8396259,0.0041583446,0.02238493,0.0009502491,0.04263994,0.0023846512
Santorini/77.jpg,0.17183521,0.0066608377,0.0011231622,0.019849798,0.004067109,0.013166762,0.019518716,0.0044193584,0.0057453997,0.008677149,0.009926655,0.043043535,0.56732166,0.013026943,0.0589547,0.006209353,0.033685442,0.012768171
Santorini/78.jpg,0.058154978,0.0059422683,0.00040692152,0.009276736,0.0010307499,0.006979396,0.021537663,0.0012353403,0.0031587544,0.0129465265,0.004641786,0.008707003,0.76430017,0.008672367,0.045409147,0.00286307,0.040724922,0.0040121214
Santorini/79.jpg,0.04568336,0.006864598,0.0022661116,0.0017569155,0.0041823196,0.00709199,0.001601326,0.007785511,0.021771763,0.005760545,0.0039283577,0.019857937,0.7868913,0.0062760166,0.010697858,0.004012477,0.062400028,0.0011715686
Santorini/8.jpg,0.08918502,0.0070860856,0.60004514,0.007467347,0.031076755,0.008270639,0.016108349,0.012884374,0.03365449,0.017217295,0.040974565,0.004198775,0.055292863,0.026961176,0.0035618471,0.004416829,0.036239862,0.005358674
Santorini/8.santorini-greece-oia-white-blue.jpg,0.0023227737,0.00031724037,0.00033661028,0.000958258,0.96097475,0.00016177776,0.00025952107,0.0032638272,0.0010893279,0.00011563643,0.0007347037,0.004117364,0.0006958632,0.00012466952,0.021965899,0.0018664198,0.00013036466,0.0005651682
Santorini/80.jpg,0.040528946,0.01144442,0.22663903,0.052681886,0.08113206,0.021936443,0.052601013,0.04432182,0.037606075,0.025405934,0.22751808,0.014874108,0.036393523,0.031228008,0.011209244,0.013410327,0.06278671,0.008282401
Santorini/82.jpg,0.08840672,0.023054954,0.015771985,0.06032168,0.042912338,0.02715269,0.039803974,0.026758216,0.01754637,0.011039682,0.06564589,0.12286488,0.20554145,0.027952543,0.15764317,0.0077583264,0.03890095,0.020924114
Santorini/83.jpg,0.12875085,0.0014343447,0.0008610834,0.010396985,0.004945597,0.005567747,0.0029357958,0.003797259,0.015807472,0.0013814667,0.026290668,0.09622901,0.6324029,0.012577965,0.04204193,0.00049003155,0.010457935,0.00363099
Santorini/84.absolute-bliss-santorini-imerovigli0207_b.jpg,0.07431439,0.07297288,0.020811073,0.014229365,0.024408095,0.024200302,0.021837005,0.072916314,0.05876343,0.019967407,0.018258255,0.13694198,0.25890195,0.017411277,0.057757247,0.009391189,0.06426347,0.032654423
Santorini/84.jpg,0.14837824,0.0066313157,0.0016871894,0.022169568,0.0051010163,0.012500209,0.014954865,0.0069014844,0.008238929,0.009075451,0.008775784,0.041989684,0.5665297,0.013701588,0.06336987,0.0062517854,0.05120061,0.0125426585
Santorini/85.jpg,0.06323455,0.06084528,0.03286005,0.050320685,0.075846195,0.07985285,0.06567918,0.04892236,0.040157024,0.046610117,0.05997737,0.07777148,0.034791663,0.06538699,0.03559875,0.051855307,0.053846728,0.056443423
Santorini/85.santoriniar.jpg,0.023372674,0.0017346865,0.00021666933,0.016669312,0.00044374206,0.011113101,0.026425706,0.002242936,0.0021376624,0.01057087,0.0026152236,0.0025256926,0.6706722,0.005277454,0.010749375,0.0023589442,0.2081042,0.002769577
Santorini/86.jonathan-gallegos-727409-unsplash-e1558616665938-720x340.jpg,0.0898616,0.056356166,0.0201619,0.012462677,0.009905754,0.06851201,0.10972955,0.010588672,0.012837955,0.05050401,0.012954676,0.019642556,0.27848923,0.07336243,0.04894662,0.02402199,0.08206546,0.019596716
Santorini/87.jpg,0.044473983,0.00060820347,9.40172e-05,0.0057372036,0.00035399187,0.0020574483,0.006320493,0.0003126754,0.0014523192,0.002562248,0.004394127,0.0042431513,0.886918,0.0038151923,0.015071379,0.00031726967,0.02039208,0.00087625196
Santorini/88.jpg,0.05979704,0.07205378,0.051036976,0.06857495,0.07766691,0.059054937,0.06707194,0.036499903,0.03988162,0.048155747,0.069226466,0.06748732,0.03058136,0.051054996,0.04961087,0.056345403,0.046535116,0.049364652
Santorini/88.silversea-mediterranean-cruise-santorini-greece.jpg,0.06332129,0.0020544587,0.00041636985,4.8363672e-05,0.00036956635,0.000546821,0.00023932612,0.00012721102,0.006755192,0.002756949,0.00052819547,0.0043858406,0.9053785,0.0012348113,0.003237565,0.00027853702,0.008234353,8.654602e-05
Santorini/89.Santorini--Greece-Tours--On-The-Go-Tours-391091501770178_crop_683_341.jpg,0.059643798,0.010455622,0.004753468,0.031002231,0.0034109424,0.037821207,0.119918935,0.013404864,0.004273829,0.03936314,0.0078552775,0.0059078536,0.34393656,0.017651366,0.018237289,0.013738886,0.25162953,0.016995084
Santorini/89.jpg,0.13531397,0.002329567,0.00041233414,0.007087812,0.0008573232,0.0027135245,0.0050063212,0.0010107888,0.0016989355,0.0023508102,0.0022423672,0.017662534,0.75892067,0.004431165,0.033717237,0.0012220064,0.019259188,0.0037635819
Santorini/9.placeholder.png.jpg,0.039969586,0.020419354,0.013773283,0.020228503,0.004644946,0.024044728,0.16573572,0.010195291,0.0044810516,0.039672393,0.004220311,0.0035664306,0.24943373,0.012405387,0.026702996,0.03221682,0.31777626,0.01051331
Santorini/90.Santorini_seafront.jpg,0.6223791,0.009053577,0.0604962,0.00026481462,0.012080176,0.0030533639,0.0022943108,0.0046120863,0.045859132,0.037486818,0.008158631,0.009557923,0.16399524,0.004218722,0.0020680812,0.007807976,0.0054889885,0.0011249706
Santorini/90.jpg,0.06304729,0.0006335327,9.844978e-05,0.0015653354,0.00020067941,0.0010714141,0.0029977637,0.00018822821,0.0010405339,0.0017905186,0.0019672727,0.0036589822,0.8971191,0.0025886626,0.013837949,0.00016957277,0.007506472,0.000518114
Santorini/91.jpg,0.024594182,0.0018091303,0.0002164145,0.009728582,0.000713774,0.0060080066,0.038715657,0.0010801487,0.002024578,0.010655455,0.0030096525,0.0035967117,0.7744033,0.0064829816,0.022209391,0.0019393085,0.08859637,0.0042163082
Santorini/92.istock_171574243_fira_santorini_8001526_letterbox.jpg,0.11686195,0.001982921,0.000301318,0.003029116,0.000980256,0.0021820413,0.003909076,0.0006240767,0.0032789418,0.00403638,0.0034837525,0.014620636,0.78776264,0.0043533575,0.039559282,0.00062348985,0.010273048,0.0021377439
Santorini/93.shutterstock_408431956-1400x500.jpg,0.11889908,0.017718991,0.005448623,0.044115327,0.02023616,0.020884816,0.019453865,0.013285523,0.05530601,0.012790663,0.03871207,0.098500416,0.3064164,0.019942826,0.14545964,0.010035687,0.030919041,0.021874795
Santorini/94.beautiful-panorama-view-oia-village-260nw-1248719905.jpg,0.16422881,0.00040060698,0.00012691041,0.0017081352,0.0010295524,0.00053974974,0.0006846587,9.105663e-05,0.0064947647,0.002290536,0.00547064,0.014733917,0.76532143,0.0020859665,0.029101714,0.00018271404,0.005036251,0.0004724868
Santorini/94.jpg,0.029987521,0.00022459822,6.307618e-05,0.004558023,0.00022134505,0.0014284312,0.0016757398,0.00043709992,0.0014760018,0.0011094555,0.003032465,0.0037495098,0.92142326,0.0027118484,0.0047215703,0.0001497437,0.022552513,0.00047782954
Santorini/95.santorini-b-1_1176x420_acf_cropped.jpg,0.093263574,0.00061202864,0.00018095293,0.0011876139,0.0001983806,0.0015050656,0.004418218,0.00024069134,0.00091067073,0.0035357159,0.0024999871,0.0043523135,0.8602822,0.0051172744,0.008734959,0.0001928962,0.012113708,0.0006536697
Santorini/97.jpg,0.12145015,0.029757883,0.024629654,0.0050133285,0.015830511,0.016142512,0.017932774,0.00841241,0.023521401,0.015890503,0.008783478,0.009310209,0.5713879,0.024461033,0.021352956,0.010255603,0.071950786,0.003916975
Santorini/98.jpg,0.059562944,0.07201531,0.04225938,0.0029013571,0.007123711,0.034005594,0.02848136,0.0071871732,0.014661927,0.06838091,0.0042240354,0.005396164,0.43033296,0.057315163,0.022514947,0.020479018,0.11808572,0.0050722947
Santorini/99.jpg,0.052245624,0.00054093223,0.00022818283,0.0039259815,0.00066363276,0.0039105243,0.003349506,0.0021312207,0.0038767988,0.0019098803,0.0046277787,0.012882665,0.8664166,0.006667456,0.004919878,0.0004635641,0.029555786,0.0016840558
Statue Of Liberty - NYC/1.pan.jpg,0.006333467,0.07540051,0.12853064,0.023557708,0.028703352,0.034279875,0.3713438,0.017233096,0.0017366447,0.030314304,0.021512132,0.0027911766,0.010829975,0.12511575,0.014040339,0.002929032,0.10353766,0.001810618
Statue Of Liberty - NYC/10.jpg,0.042188253,0.09000419,0.10771416,0.006598762,0.008675836,0.019109543,0.08568809,0.012725197,0.0020053338,0.23114865,0.008290159,0.007131522,0.046552937,0.14077926,0.01417332,0.0041454746,0.17009254,0.0029767123
Statue Of Liberty - NYC/10.topic-statue-of-liberty-gettyimages-960610006-feature.jpg,0.2655429,0.012818311,0.028785763,0.024635209,0.018538235,0.051750213,0.08863045,0.010938723,0.004989396,0.04514471,0.06627814,0.073223256,0.10524047,0.08710257,0.047441673,0.008601504,0.03355677,0.026781604
Statue Of Liberty - NYC/11.jpg,0.078784406,0.0053703077,0.006725605,0.06360527,0.021544216,0.10810432,0.078039214,0.010254966,0.016447354,0.0325478,0.3113715,0.037811402,0.07187786,0.047565226,0.029474493,0.010653287,0.05052739,0.019295363
Statue Of Liberty - NYC/11.lady-liberty.jpg,0.052920748,0.10865836,0.037166152,0.057633273,0.07946839,0.08086959,0.06007798,0.027653268,0.043272037,0.040471666,0.07506531,0.072544135,0.027066415,0.058186986,0.047368072,0.04767805,0.0487214,0.035178244
Statue Of Liberty - NYC/12.Visit-Statue-of-Liberty.jpg,0.013725832,0.08621745,0.051372558,0.01577455,0.054825805,0.07015245,0.07848156,0.13224284,0.017182749,0.040994585,0.06436987,0.05653929,0.041275684,0.17316933,0.019694405,0.00649417,0.07047933,0.0070076208
Statue Of Liberty - NYC/12.jpg,0.018970177,0.05188493,0.049690716,0.008070413,0.15018752,0.057248298,0.13037674,0.1703262,0.0036661339,0.013711929,0.007745391,0.026860008,0.012668082,0.21590118,0.027367828,0.0061142,0.03245447,0.016755918
Statue Of Liberty - NYC/13.jpg,0.088569984,0.009220986,0.009666527,0.055739306,0.04563498,0.120413125,0.051981796,0.028534373,0.026187092,0.013760072,0.21691215,0.08827015,0.07548779,0.045037817,0.046779327,0.0151025755,0.028067378,0.034634646
Statue Of Liberty - NYC/14.Statue-of-Liberty-1024x481.jpg,0.008735492,0.0007429225,0.0014316752,0.04700552,0.026898876,0.122566685,0.011913049,0.009388377,0.021115912,0.007638394,0.6748784,0.016454732,0.006909785,0.013378605,0.010482139,0.002112844,0.015022053,0.0033245678
Statue Of Liberty - NYC/15.71981784-panorama-on-the-statue-of-liberty-and-the-skyline-of-manhattan-new-york-city-united-states.jpg,0.06385088,0.018185556,0.024929909,0.07957956,0.0321892,0.08570159,0.057254873,0.022404788,0.033643745,0.020377612,0.34730554,0.032718256,0.038768988,0.039894693,0.030102577,0.010286891,0.044700373,0.018104957
Statue Of Liberty - NYC/15.jpg,0.03296045,0.027340712,0.047912765,0.037120044,0.03377328,0.06019579,0.1344404,0.051434085,0.006657846,0.05945822,0.0652601,0.045114495,0.06632438,0.1368747,0.024954198,0.0065190243,0.14915466,0.014504866
Statue Of Liberty - NYC/16.jpg,0.028873926,0.06780576,0.032204553,0.021384697,0.10213162,0.08847027,0.06104295,0.1644921,0.050068777,0.029661652,0.02792112,0.09592004,0.015026033,0.04823309,0.024584016,0.023008913,0.02010215,0.09906838
Statue Of Liberty - NYC/16.statue-of-liberty-1200x400.jpg,0.015265482,0.056633618,0.033441864,0.018473849,0.087482095,0.07685504,0.3252861,0.07404173,0.0027593025,0.01575456,0.011696632,0.008098995,0.011616274,0.17978473,0.013553309,0.009755695,0.042374294,0.017126393
Statue Of Liberty - NYC/17.jpg,0.024505213,0.085621305,0.013645893,0.023513956,0.06943949,0.015752727,0.014301071,0.036911387,0.070310436,0.06478397,0.11541309,0.19431177,0.057297062,0.07969797,0.104372315,0.002569518,0.0216205,0.0059321267
Statue Of Liberty - NYC/17.statue-of-liberty-hornblower.jpg,0.032992527,0.032766618,0.1656537,0.04376605,0.05553339,0.07191743,0.04635943,0.084389254,0.04311257,0.07809009,0.037431207,0.03375619,0.027117979,0.03742177,0.027760651,0.035630446,0.113665655,0.03263512
Statue Of Liberty - NYC/18.1704.jpg,0.023741607,0.048875347,0.031964313,0.008028207,0.016009271,0.0637593,0.16983855,0.018999971,0.004438219,0.08420422,0.033500135,0.013920369,0.042775538,0.29858863,0.00711076,0.005128303,0.12658055,0.002536659
Statue Of Liberty - NYC/19.jpg,0.059823584,0.014155822,0.0192293,0.005352835,0.003960494,0.016861435,0.016816517,0.002192797,0.011399387,0.081585005,0.1764924,0.06282894,0.17234817,0.2664269,0.014735723,0.0004033398,0.074007854,0.0013794824
"Statue Of Liberty - NYC/19.statue-of-liberty-with-manhattan-skyline-in-the-background-ellis-island-new-jersey-new-york-city-new-york-state,121610.jpg",0.083647564,0.030785102,0.015997311,0.01730296,0.017541992,0.0719066,0.06310119,0.052061845,0.028933028,0.030129308,0.019990359,0.058440898,0.22663192,0.07482585,0.04397453,0.02507056,0.09982795,0.039831065
Statue Of Liberty - NYC/20.3521-2__75244.1429222371.1280.1280.jpg,0.041175686,0.005820163,0.002557894,0.027507292,0.023591267,0.029969871,0.014988748,0.010909878,0.10733621,0.025703542,0.14583832,0.070869,0.3195929,0.053898845,0.05633122,0.0051422534,0.05305066,0.0057162824
Statue Of Liberty - NYC/20.jpg,0.0072230217,0.027843872,0.028221536,0.016027898,0.06040016,0.08163456,0.5539401,0.032966297,0.0024597216,0.014688065,0.0048560547,0.0018167474,0.013414316,0.0524648,0.017322887,0.010437262,0.045905054,0.028377628
Statue Of Liberty - NYC/21.jpg,0.111270696,0.051429562,0.03240078,0.043216962,0.048845906,0.06634789,0.061857387,0.042539556,0.04828662,0.07937824,0.042811044,0.06540897,0.033615507,0.059238736,0.027141124,0.08558277,0.058004837,0.04262337
Statue Of Liberty - NYC/22.5b49100f28f2e_Main_Banner_800x400_4.jpg,0.06283085,0.068783864,0.038802393,0.038672443,0.065967806,0.074235305,0.06700822,0.05680618,0.042250156,0.048467904,0.04225788,0.074315034,0.0407128,0.071890056,0.033855844,0.051508892,0.065366,0.05626832
Statue Of Liberty - NYC/23.jpg,0.05629857,0.098090746,0.05020664,0.047928296,0.08651276,0.06127854,0.08032173,0.048664447,0.042462923,0.06792185,0.047216695,0.07944189,0.01954678,0.06943667,0.024643235,0.04804494,0.037842996,0.03414029
Statue Of Liberty - NYC/24.jpg,0.017815083,0.05629546,0.077337466,0.044441774,0.1167654,0.04255835,0.038229045,0.15853047,0.062921286,0.029755712,0.06689862,0.088590994,0.02911059,0.038414635,0.03797533,0.01884402,0.05167083,0.023844874
Statue Of Liberty - NYC/25.jpg,0.018272564,0.005329555,0.0069289575,0.006879949,0.014714111,0.054595143,0.45013994,0.017193984,0.0032690805,0.03934537,0.0034028527,0.0017797292,0.10810798,0.03397977,0.021538233,0.033104733,0.123354636,0.058063455
Statue Of Liberty - NYC/28.jpg,0.1125415,0.041999277,0.028606571,0.05081218,0.047744986,0.06295791,0.08009459,0.043735873,0.032508295,0.11210494,0.042337205,0.054104418,0.031197067,0.059498563,0.012339751,0.070181884,0.080106914,0.03712803
Statue Of Liberty - NYC/28.sol1_1_8.jpg,0.09324099,0.022399556,0.022992568,0.022533737,0.029901702,0.04999768,0.10206933,0.03915016,0.0090192,0.11540057,0.036354724,0.039742116,0.02690733,0.25754678,0.007478044,0.011661009,0.10293012,0.010674375
Statue Of Liberty - NYC/29.jpg,0.09328469,0.008722316,0.022400176,0.017256955,0.027419845,0.052961025,0.11112421,0.031855553,0.004313358,0.1568295,0.017634092,0.01584398,0.02682153,0.20838156,0.0038432868,0.020152602,0.16985145,0.011303845
Statue Of Liberty - NYC/29.statue-of-liberty-ellis-island-statue-cruises-attraction.jpg,0.059123814,0.01804008,0.029740004,0.024840824,0.0078889895,0.05836394,0.06117989,0.008026148,0.022764761,0.11905517,0.08218272,0.021470996,0.1517096,0.11018775,0.015595252,0.01953868,0.1770485,0.013242811
Statue Of Liberty - NYC/3.Secrets_of_the_Statue_of_Liberty_Tour_and_Ellis_Island_(25915).jpg,0.052912895,0.04072286,0.027388245,0.06495212,0.06582106,0.060126234,0.061100516,0.084844194,0.02559569,0.05798352,0.07455197,0.10186005,0.025156246,0.11645342,0.02766284,0.013228963,0.07659337,0.023045735
Statue Of Liberty - NYC/30.jpg,0.030755231,0.0055572204,0.0066577466,0.0346735,0.060668886,0.08306956,0.016954457,0.07854215,0.030638183,0.0041977996,0.3267794,0.1006268,0.082679175,0.07364793,0.017422847,0.0036317322,0.040202063,0.0032953068
Statue Of Liberty - NYC/31.jpg,0.12017923,0.015602434,0.01435851,0.026588604,0.03159762,0.029169945,0.12224652,0.061056785,0.013331646,0.14753631,0.0174659,0.025429457,0.051609658,0.051290847,0.014201762,0.048347197,0.12307559,0.08691176
Statue Of Liberty - NYC/32.jpg,0.073896796,0.016525814,0.013577776,0.013713506,0.008476,0.044844996,0.050444365,0.029098878,0.02568829,0.05442171,0.017823284,0.038065773,0.3159081,0.06669959,0.017071707,0.021920497,0.16967833,0.02214452
Statue Of Liberty - NYC/33.AttImg_StatueofLibertyEllisIsland1_large.jpg,0.56094444,0.010381175,0.02762571,0.014231779,0.05094633,0.039121833,0.021383392,0.005643353,0.008578788,0.03408652,0.04380707,0.03175991,0.031148955,0.050903928,0.023403909,0.027267411,0.010270342,0.0084950775
Statue Of Liberty - NYC/34.jpg,0.02018805,0.09176,0.10865396,0.010341561,0.07737902,0.07612569,0.16049,0.10721142,0.0064785,0.030158866,0.02100311,0.017703423,0.016595429,0.17344311,0.022604248,0.010731189,0.038836308,0.010296151
Statue Of Liberty - NYC/35.SOL1.jpg,0.27764785,0.036320455,0.08281331,0.015943982,0.029135738,0.04548298,0.052276917,0.030484986,0.0061604124,0.10455513,0.021468045,0.035412606,0.035210036,0.09556053,0.027953766,0.029340038,0.053829875,0.020403406
Statue Of Liberty - NYC/35.jpg,0.061323315,0.08600358,0.025488257,0.061524067,0.06694215,0.085854635,0.054753542,0.031286187,0.037284516,0.05991409,0.07132942,0.06741743,0.03196402,0.06701626,0.040296856,0.043551985,0.061178837,0.046870865
Statue Of Liberty - NYC/36.jpg,0.06798584,0.07870298,0.032577027,0.068737105,0.070849404,0.071268186,0.067487545,0.033723634,0.042681493,0.053584497,0.070500925,0.07532104,0.026318878,0.058735386,0.04125763,0.054228038,0.041794557,0.044245787
Statue Of Liberty - NYC/36.libertybanner.jpg,0.06836425,0.04722668,0.043741062,0.038024414,0.035163987,0.051562715,0.07000465,0.07538007,0.029764464,0.050376285,0.03799662,0.0674508,0.10678568,0.0636565,0.052595723,0.029246284,0.083481394,0.049178313
Statue Of Liberty - NYC/37.2622_nyc_statue_liberty.jpg,0.030930698,0.032359265,0.029026952,0.035668593,0.042082928,0.07211499,0.36796457,0.031450715,0.0053997636,0.03575171,0.016471192,0.012027715,0.027817769,0.09683394,0.016744083,0.020652281,0.094565414,0.032137595
Statue Of Liberty - NYC/37.jpg,0.21966533,0.024367383,0.06756298,0.025627483,0.058269423,0.061033845,0.08226398,0.012186382,0.008321844,0.078673944,0.06397665,0.028827235,0.057678666,0.08885236,0.04893715,0.023951124,0.037041683,0.012762455
Statue Of Liberty - NYC/38.jpg,0.1749398,0.035179384,0.091828756,0.026979875,0.0331227,0.02923602,0.044765655,0.030645764,0.025393449,0.043149132,0.037983906,0.040749453,0.16748609,0.05208458,0.040854506,0.026926572,0.07476292,0.023911314
Statue Of Liberty - NYC/39.9932556-Statue-of-Liberty-and-NYC-skyline-0.jpg,0.036237087,0.16178839,0.01911438,0.03549043,0.09780874,0.083965346,0.1073808,0.06483608,0.041607887,0.052451275,0.024683673,0.068028875,0.021525374,0.07079792,0.028788028,0.030566648,0.02986397,0.025065014
Statue Of Liberty - NYC/39.jpg,0.05568184,0.024553996,0.01484397,0.07423463,0.080016404,0.09190715,0.030708805,0.06361685,0.05278305,0.045104522,0.16349505,0.05957631,0.02896735,0.04434664,0.047301885,0.028330531,0.053709265,0.04082166
Statue Of Liberty - NYC/4.Statue-of-Liberty_C.jpg,0.6506165,0.00039005766,0.00027949153,0.0002983332,0.05124997,0.0035235984,0.02638633,0.002276659,0.010337609,0.003692659,0.002053792,0.0013690596,0.011128523,0.00039154972,0.004635147,0.22831205,0.0007172514,0.0023413862
Statue Of Liberty - NYC/4.jpg,0.075466275,0.0073836017,0.008116688,0.042079534,0.052486096,0.14132507,0.035267744,0.0646661,0.026213815,0.010349257,0.16121453,0.13278031,0.0712654,0.050898787,0.03454949,0.012136039,0.033960935,0.03984035
Statue Of Liberty - NYC/40.5b490e1d44099_BI_800x400.jpg,0.036237106,0.099902324,0.031416804,0.038984805,0.18698886,0.06941324,0.07382229,0.052649338,0.045302577,0.02138416,0.039539155,0.07824177,0.015527709,0.05142018,0.04603629,0.044947863,0.023374254,0.044811264
Statue Of Liberty - NYC/42.jpg,0.07498527,0.042917024,0.052428663,0.022726707,0.015645716,0.049582314,0.10630915,0.036884654,0.010435752,0.08721678,0.021383671,0.031651165,0.119764335,0.08550027,0.03225363,0.021844894,0.1603874,0.028082589
Statue Of Liberty - NYC/43.jpg,0.0066256016,0.031612303,0.03881025,0.0038872883,0.0112905465,0.027290992,0.28146204,0.005970966,0.0004642817,0.0449054,0.03878272,0.0021387448,0.009900859,0.41264644,0.0025646992,0.0005846412,0.08076632,0.0002958839
Statue Of Liberty - NYC/44.Statue-of-Liberty-Express-NY-Water-Taxi-main-900x435.jpg,0.25189576,0.019981267,0.014341239,0.026575817,0.022951148,0.024732424,0.035761427,0.01564128,0.0068204342,0.010773473,0.032771215,0.19308797,0.10297232,0.02877738,0.11133361,0.0076064295,0.013826967,0.08014989
Statue Of Liberty - NYC/45.GettyImages_1057633150.jpg,0.10175998,0.03967966,0.063697554,0.012824105,0.031240337,0.047028583,0.09562959,0.04723837,0.012049134,0.044345573,0.013800817,0.07004538,0.10775103,0.07669171,0.064969525,0.024868382,0.051998936,0.09438131
Statue Of Liberty - NYC/45.jpg,0.04900038,0.032791488,0.01922517,0.07697591,0.09306588,0.080621384,0.05331593,0.0748645,0.03559837,0.045701556,0.07682966,0.103480734,0.024288917,0.09370194,0.025047915,0.022696206,0.0670335,0.025760498
Statue Of Liberty - NYC/46.jpeg,0.090843126,0.019964628,0.02914668,0.039518602,0.029240986,0.07904723,0.09048588,0.04248405,0.012177254,0.0819204,0.061542667,0.031140469,0.05206717,0.12433564,0.018073602,0.02199212,0.16338724,0.012632255
Statue Of Liberty - NYC/47.new-york-usa-may-16-2019-people-make-photo-of-the-statue-of-liberty-new-york-city-ny-usa-W68DHN.jpg,0.024367213,0.0018111301,0.042789284,0.01709082,0.0030473226,0.012860341,0.20854329,0.0023184863,0.0064529143,0.005334942,0.15299359,0.00074779545,0.25096324,0.11743519,0.0014510765,0.00044969018,0.15011615,0.001227451
Statue Of Liberty - NYC/48.jpg,0.048253566,0.14083958,0.045571033,0.027769202,0.0641822,0.056605898,0.05535175,0.06268571,0.036634773,0.033848323,0.04675857,0.1565824,0.023799574,0.069994606,0.04550514,0.015422025,0.021757357,0.048438318
Statue Of Liberty - NYC/49.Statue_20of_20Liberty_20MH_20RS.jpg,0.09470296,0.036285874,0.06564092,0.012097617,0.010554773,0.05201241,0.18331164,0.023868473,0.0042387913,0.06647188,0.026650643,0.040658396,0.09793925,0.15701663,0.025218844,0.0071361675,0.07749454,0.018700104
Statue Of Liberty - NYC/49.jpg,0.06661757,0.08518319,0.077992186,0.073541135,0.035482403,0.05259988,0.06587771,0.036400452,0.017686337,0.15657632,0.0629579,0.04722598,0.011896735,0.08486767,0.017449997,0.020628016,0.07305167,0.013964647
Statue Of Liberty - NYC/5.jpg,0.078696184,0.06776887,0.023502106,0.014607026,0.017792035,0.048449483,0.063035235,0.056785863,0.018811902,0.031153081,0.017738014,0.08463437,0.2251487,0.062395312,0.061460305,0.016287358,0.07692698,0.034807146
Statue Of Liberty - NYC/5.statue-liberty-one-world-trade-260nw-758701297.jpg,0.054187633,0.010725295,0.009665019,0.0226495,0.035266638,0.07318003,0.3326105,0.022409547,0.0027004136,0.03484352,0.024295205,0.018271992,0.07985678,0.12480979,0.021851271,0.01223406,0.09931727,0.021125557
Statue Of Liberty - NYC/50.jpg,0.023371324,0.02873033,0.014833591,0.02773833,0.07237481,0.062445994,0.09607148,0.03819386,0.009961479,0.043712683,0.0818677,0.035085298,0.0077082356,0.3943727,0.0062117837,0.0033797463,0.050735664,0.0032049771
Statue Of Liberty - NYC/51.11979460-the-statue-of-liberty-on-liberty-island-new-york-city-panorama-photo.jpg,0.030100858,0.034036547,0.033064917,0.0063331085,0.012682579,0.12694539,0.0710467,0.016362678,0.012722764,0.029001838,0.08669158,0.03411557,0.070164815,0.3470527,0.0090514375,0.004163902,0.07027187,0.0061908904
Statue Of Liberty - NYC/51.jpg,0.030726826,0.11585064,0.022363856,0.024847705,0.08730552,0.08710314,0.12992501,0.08836597,0.03078796,0.03398284,0.024850601,0.06757626,0.03678238,0.08484583,0.03898371,0.023195198,0.037839893,0.034666624
Statue Of Liberty - NYC/53.snapchat-drapes-statue-liberty-american-flag-for-fourth-july-augmented-reality-lens.1280x600.jpg,0.014225711,0.04336049,0.036082964,0.043035436,0.071437426,0.06759395,0.059171695,0.122488745,0.018627118,0.028848544,0.123412624,0.06532369,0.005889033,0.23371033,0.006832601,0.0036244376,0.05302666,0.0033085854
Statue Of Liberty - NYC/54.jpeg,0.052058753,0.0973408,0.041321672,0.0015558426,0.0026663048,0.044115555,0.03633692,0.007773076,0.006964588,0.12414749,0.0040235394,0.0069932104,0.34114918,0.09760625,0.014997024,0.011455462,0.10579509,0.0036991646
Statue Of Liberty - NYC/55.jpg,0.25719678,0.019040873,0.15212943,0.008093978,0.031280935,0.016824186,0.01964551,0.014155475,0.10882585,0.034740254,0.06848409,0.0206204,0.16625968,0.03127188,0.010695612,0.007803134,0.02071517,0.012216758
Statue Of Liberty - NYC/55.statue-of-liberty-new-york-top.jpg,0.09351603,0.0066110734,0.0025514807,0.021525929,0.034876224,0.033151854,0.0062610595,0.014356064,0.055172026,0.006684682,0.30571583,0.2120206,0.08918537,0.030365365,0.07260491,0.0014979454,0.009797351,0.004106236
Statue Of Liberty - NYC/56.6ace96d14f7475156f090200c93e1505.jpg,0.06922784,0.06997323,0.023951061,0.04836939,0.054723885,0.09385406,0.067082584,0.037979145,0.03919697,0.057957396,0.05818511,0.072732076,0.03989691,0.06690586,0.032313008,0.052920092,0.06140108,0.053330332
Statue Of Liberty - NYC/56.jpg,0.064322926,0.121267445,0.025403677,0.017283892,0.14476146,0.03174512,0.104007795,0.056969736,0.022378294,0.0315865,0.013785949,0.05998788,0.045956697,0.041950725,0.11352,0.034878306,0.02099344,0.04920019
Statue Of Liberty - NYC/57.jpg,0.028836157,0.048065446,0.038549885,0.10414205,0.06303543,0.029373499,0.042364404,0.09192756,0.057701245,0.04885646,0.100626804,0.06516495,0.07434638,0.050378658,0.04136305,0.015861452,0.07330561,0.02610089
Statue Of Liberty - NYC/57.new-york-city-skyline-statue-liberty-dramatic-view-nyc-including-ny-130694370.jpg,0.04393292,0.07225615,0.032794975,0.012707164,0.016253809,0.07207924,0.073461935,0.030415125,0.03282394,0.06380114,0.018267505,0.042587105,0.1878211,0.07647672,0.03370502,0.035278276,0.10988254,0.045455426
Statue Of Liberty - NYC/58.120907_12_20_05_IMG_3042.jpg,0.13669372,0.011567773,0.0084071355,0.04188412,0.030320218,0.09968771,0.087774836,0.025392573,0.014016283,0.020643603,0.08332681,0.087817654,0.135551,0.045428414,0.054782245,0.021331076,0.033354033,0.062020905
Statue Of Liberty - NYC/58.jpg,0.015794791,0.0971812,0.20915139,0.027005667,0.04129435,0.043111287,0.0770597,0.15425143,0.010176475,0.051210936,0.024153681,0.03892415,0.0057403147,0.13206495,0.0065120608,0.004526705,0.050539948,0.011300834
Statue Of Liberty - NYC/59.main.jpg,0.33423394,0.008512766,0.008602502,0.037083413,0.032986052,0.031867728,0.013811776,0.009008935,0.014289393,0.008124143,0.13358715,0.15293811,0.07310906,0.02089821,0.07621688,0.009342357,0.010970808,0.024416804
Statue Of Liberty - NYC/6.jpg,0.08726378,0.02059381,0.019117521,0.03748516,0.06050601,0.07608526,0.0817075,0.09329321,0.03050338,0.05190664,0.038162827,0.062421624,0.044692274,0.070660174,0.021497827,0.042914607,0.09875332,0.0624351
Statue Of Liberty - NYC/60.jpg,0.06210086,0.01729651,0.027341997,0.018856924,0.038953315,0.088814296,0.1538081,0.039371084,0.0043043024,0.040352307,0.051293343,0.03513941,0.02402159,0.3018752,0.010490454,0.0076137856,0.07087899,0.007487665
Statue Of Liberty - NYC/61.now-you-can-visit-statue-liberty-nyc-from-anywhere-augmented-reality-via-ios-app.1280x600.jpg,0.08082413,0.026516607,0.006482516,0.04470773,0.010004593,0.05305003,0.08717707,0.027002092,0.01725705,0.05414484,0.014443691,0.021338347,0.26085055,0.04118048,0.02739977,0.026386892,0.18367116,0.017562417
Statue Of Liberty - NYC/62.jpg,0.15069242,0.03855038,0.07393082,0.031918116,0.049292807,0.05470795,0.10491418,0.026232889,0.007883138,0.07302099,0.03492925,0.054934062,0.038100183,0.10067231,0.05635322,0.027473133,0.04707003,0.029324135
Statue Of Liberty - NYC/62.newvsold-800x400.jpg,0.08755275,0.09989736,0.072645575,0.017604958,0.01866068,0.057342347,0.085967086,0.020372286,0.014714958,0.07030482,0.017533744,0.023041483,0.15732273,0.08062029,0.05051028,0.020750664,0.078976534,0.026181525
Statue Of Liberty - NYC/64.jpg,0.116959766,0.03353682,0.022242472,0.046412576,0.034949448,0.068438426,0.07240581,0.043856356,0.02487925,0.16591501,0.043459397,0.042848505,0.024744315,0.0614027,0.013373849,0.05829354,0.091308735,0.03497304
Statue Of Liberty - NYC/65.jpg,0.06565051,0.09674775,0.11572381,0.054289,0.04588565,0.03232691,0.056938976,0.065806694,0.032368403,0.05000805,0.038312506,0.08982792,0.04001046,0.050897527,0.039329845,0.022104945,0.05768954,0.04608154
Statue Of Liberty - NYC/65.statue-of-liberty-ellis-island-ferry-600x300.jpg,0.01269775,0.00982632,0.0149407275,0.080221824,0.15367235,0.0727885,0.049177412,0.028804218,0.23386636,0.038898572,0.05807803,0.011319245,0.018143278,0.009105213,0.045963027,0.07199198,0.0418706,0.048634592
Statue Of Liberty - NYC/66.Walks-NYC-Statue-432.jpg,0.058621008,0.017195592,0.0055737444,0.08725869,0.039313752,0.059270572,0.056038443,0.013478356,0.027060915,0.057743065,0.14430478,0.066471204,0.09226061,0.09658716,0.057971843,0.0068201,0.10474421,0.009285997
Statue Of Liberty - NYC/66.jpg,0.070164874,0.055883527,0.018115565,0.054598156,0.06119104,0.073097475,0.10960558,0.049303755,0.022559205,0.08052177,0.039666772,0.06956444,0.027578937,0.10972886,0.021023968,0.033440344,0.07645841,0.027497435
Statue Of Liberty - NYC/67.NYC_1440x480_3.jpg,0.08548821,0.09117035,0.064631954,0.05069441,0.042911988,0.051881403,0.05651681,0.054693278,0.027970618,0.06689727,0.04247941,0.08566398,0.034861144,0.053283624,0.056994166,0.031671505,0.049059134,0.053130805
Statue Of Liberty - NYC/67.jpg,0.032343734,0.06254311,0.056972753,0.015373312,0.021696888,0.0710868,0.12254163,0.02519974,0.0141446125,0.09390204,0.046952285,0.026026396,0.07885631,0.1802031,0.017494464,0.010866761,0.11492251,0.008873571
Statue Of Liberty - NYC/68.Statue_20of_20Liberty.jpg,0.04647252,0.10498566,0.044614006,0.05352451,0.08654427,0.06889015,0.06893315,0.03356923,0.03609726,0.047394395,0.07135312,0.06288169,0.0281333,0.068756856,0.044547588,0.041967075,0.0521005,0.03923461
Statue Of Liberty - NYC/68.jpg,0.045458734,0.013353654,0.008444867,0.020096868,0.014498538,0.04586534,0.1023593,0.026147474,0.0123512745,0.06253897,0.024569092,0.022351502,0.29442236,0.07875918,0.020892719,0.011814596,0.18483083,0.011244777
Statue Of Liberty - NYC/69.5c796289ca615_LibertyCruise05.jpg,0.038702074,0.019343862,0.010711928,0.07897548,0.09775684,0.11351351,0.07017173,0.063144565,0.031160995,0.02472702,0.10082689,0.08752845,0.03524709,0.057009947,0.048176095,0.02255103,0.04342688,0.05702561
Statue Of Liberty - NYC/69.jpg,0.0641424,0.08801768,0.030288933,0.061423153,0.063039824,0.072782464,0.06383167,0.030686699,0.040489107,0.060675375,0.05636756,0.06561838,0.03567129,0.06575624,0.045945067,0.052626405,0.05494586,0.04769185
Statue Of Liberty - NYC/7.jpg,0.086785205,0.038454387,0.02078984,0.028842907,0.019090598,0.051114436,0.08151806,0.019923626,0.01648975,0.11070904,0.041075412,0.05229811,0.14268856,0.09405397,0.042367145,0.015016959,0.11834479,0.020437213
Statue Of Liberty - NYC/7.statue-of-liberty.jpg,0.017909521,0.01587969,0.01954899,0.041743167,0.1220203,0.109074,0.083776146,0.12964758,0.036113206,0.022153942,0.0782165,0.06544833,0.023546565,0.114974834,0.018817324,0.011311185,0.06957746,0.020241324
Statue Of Liberty - NYC/70.Fotolia_134018591_Subscription_Monthly_M.jpg,0.08989282,0.027611464,0.030694885,0.055079248,0.07038052,0.059154302,0.06271076,0.04130234,0.019736422,0.0881901,0.06280056,0.080036104,0.030898014,0.12992002,0.03282735,0.016215187,0.07701695,0.025533061
Statue Of Liberty - NYC/8.jpg,0.023871675,0.035361007,0.29865083,0.018729156,0.040216815,0.029429313,0.13040103,0.08002044,0.006030238,0.058385354,0.008290486,0.007758249,0.019666623,0.044431046,0.011650124,0.021723311,0.14105128,0.024333002
Statue Of Liberty - NYC/8.vip-nyc-access-statue-liberty-empire-state-building-ground-zero-911-attraction.jpg,0.13701673,0.05588263,0.031411856,0.04767199,0.042335477,0.057607606,0.043257244,0.02409232,0.048450727,0.050737962,0.05716546,0.08008182,0.06164084,0.03986403,0.06291149,0.07147344,0.045778584,0.0426199
Statue Of Liberty - NYC/9.jpg,0.03315039,0.011704735,0.016432997,0.018822405,0.115807965,0.09000528,0.033757664,0.24107257,0.027845224,0.008155924,0.065210804,0.116992354,0.03436282,0.05705477,0.04645373,0.011051236,0.022621188,0.049497925
Stonehenge/1.stonehenge-from-ne.jpg,0.08473305,0.023455152,0.01337479,0.062053595,0.063941225,0.0567105,0.037353877,0.02581458,0.042367443,0.027296755,0.08169746,0.09075582,0.107508056,0.03388078,0.10826686,0.028910877,0.047083203,0.06479603
Stonehenge/10.jpg,0.07853134,0.0025509438,0.003387502,0.063851036,0.033653397,0.059666682,0.017819941,0.006503486,0.020937955,0.007220089,0.5487746,0.05333349,0.029641835,0.015902627,0.033744186,0.003796915,0.008762053,0.0119218975
Stonehenge/10.tour_img-2421140-146.jpg,0.072462425,0.09564273,0.035084665,0.051747564,0.062324952,0.07221346,0.06376103,0.033132844,0.04193603,0.050927255,0.049935017,0.077252194,0.033304688,0.062320545,0.04554884,0.054271474,0.048279956,0.04985422
Stonehenge/100.jpg,0.24548604,0.023388742,0.00028689383,0.011790618,0.049058076,0.0033241762,0.003978273,0.00024984113,0.028900513,0.0065505654,0.006236434,0.030383931,0.0279587,0.0006992722,0.5204518,0.037048306,0.0005914811,0.003616329
Stonehenge/102.jpg,0.15145837,0.01735185,0.0027985678,0.024942404,0.05622364,0.007968923,0.036329526,0.0053322813,0.0077625276,0.0108841965,0.026238436,0.089521915,0.09617301,0.010744793,0.40608013,0.00699131,0.009061037,0.03413714
Stonehenge/103.jpg,0.25558677,0.012002445,0.000916648,0.016378338,0.0069487877,0.0067342315,0.012558204,0.0008286592,0.005332995,0.0059297387,0.00933163,0.044812884,0.36695462,0.0069017312,0.22439924,0.008522498,0.008520355,0.007340285
Stonehenge/104.jpg,0.25601825,0.019329684,0.005421847,0.03217787,0.044178914,0.019429523,0.019467082,0.0029611175,0.015597796,0.011293808,0.053027958,0.10166703,0.10532097,0.015030061,0.24699669,0.020907879,0.006240496,0.024933053
Stonehenge/105.jpg,0.031780433,0.22131106,0.016072575,0.02618008,0.10448711,0.084591344,0.07471571,0.027800651,0.060510054,0.03170202,0.054045014,0.056867927,0.017009282,0.050759546,0.06195933,0.034518342,0.015871998,0.029817559
Stonehenge/106.jpg,0.018357854,0.13345298,0.011552173,0.036695965,0.13380666,0.010830976,0.12322172,0.0035002711,0.013212799,0.06691002,0.036921572,0.009080819,0.009127792,0.01650875,0.3521202,0.0073784804,0.012483642,0.004837275
Stonehenge/109.jpg,0.24593882,0.016507873,0.0005359545,0.008239785,0.011607773,0.0045166058,0.008996887,0.000771735,0.011299914,0.010208216,0.005053785,0.03290545,0.28972965,0.0034017956,0.33083248,0.008737802,0.0054148454,0.005300657
Stonehenge/11.Stonehenge-construction-may-have-been-aided-by-lots-of-pig-fat.jpg,0.16979103,0.0032837105,0.00157134,0.018696027,0.09070371,0.005104818,0.004159584,0.0008493138,0.17186986,0.012195003,0.11900297,0.07075982,0.069332674,0.004618423,0.23874904,0.0068913484,0.0027093727,0.009711845
Stonehenge/11.jpg,0.18748489,0.014776662,0.0018033038,0.00453724,0.0047931015,0.0060764737,0.0077774674,0.0012184473,0.015708918,0.013604464,0.015253085,0.062342472,0.4557921,0.014893789,0.17842671,0.0020858548,0.008613203,0.0048118127
Stonehenge/110.jpg,0.060871076,0.09327336,0.10156358,0.04522546,0.0531166,0.040036887,0.080548726,0.055778917,0.030249905,0.0504776,0.045711808,0.06314613,0.034458324,0.058049064,0.04595045,0.036646757,0.057090297,0.047805175
Stonehenge/111.jpg,0.015079262,0.008530761,0.0006539461,0.0038865036,0.58804715,0.0015971101,0.006203773,0.0013492457,0.003601842,0.0027710942,0.0017780802,0.0029513226,0.0018851662,0.0007610232,0.3382055,0.016941903,0.000328879,0.0054274537
Stonehenge/112.jpeg,0.030608792,0.018307153,0.006298517,0.04056596,0.24075386,0.013544506,0.06764294,0.0058485437,0.01225337,0.020902261,0.025577378,0.033626735,0.03680237,0.014183693,0.34809366,0.019748203,0.012041726,0.05320026
Stonehenge/114.jpg,0.060858984,0.022979876,0.017966181,0.02522567,0.21721281,0.01110044,0.034198135,0.034942493,0.016328556,0.0078287795,0.018050522,0.12896472,0.04033772,0.020428276,0.22053951,0.014165677,0.007495543,0.10137603
Stonehenge/119.jpg,0.14587016,0.009866518,0.0010092324,0.017834112,0.0061123115,0.009601496,0.011689801,0.0011682863,0.009168035,0.007211634,0.018920599,0.038706493,0.5281236,0.011084846,0.16167583,0.00361701,0.012213377,0.006126595
Stonehenge/12.header-stonehenge-inside.jpg,0.31282693,0.025283532,0.0008399213,0.010908284,0.019646179,0.0037193836,0.011980558,0.0005606266,0.0057274653,0.003186392,0.0066928263,0.07473942,0.064641334,0.0025044635,0.4360404,0.010309472,0.0013482586,0.009044522
Stonehenge/12.jpg,0.2489108,0.015552284,0.0024439064,0.03345875,0.022849986,0.014779486,0.014619978,0.0024533852,0.014392796,0.009378324,0.023889009,0.086205564,0.25336877,0.011209029,0.19134735,0.021140033,0.013429676,0.020570878
Stonehenge/121.jpg,0.48301086,0.0088549,0.0009903477,0.015131779,0.019441502,0.0043911603,0.0053043934,0.0004989636,0.009042765,0.002632393,0.013449168,0.06530625,0.117793076,0.0028398167,0.23142174,0.011855393,0.001687396,0.0063479925
Stonehenge/13.dn11067-1_700.jpg,0.1694063,0.022095554,0.003745721,0.032959055,0.123499826,0.0063443244,0.0112295365,0.002087848,0.022374526,0.0062527093,0.029526973,0.1050428,0.058475263,0.005915818,0.34861094,0.024016341,0.0035483802,0.024868118
Stonehenge/14.jpg,0.17054565,0.015342788,0.0018270318,0.022172065,0.015675914,0.01233019,0.010920917,0.0012306877,0.021839662,0.009991022,0.044566564,0.07983887,0.26708958,0.012644291,0.28907445,0.0067638494,0.007405901,0.010740577
Stonehenge/14.stonehengeis.jpg,0.042415913,0.097010605,0.017862896,0.07044062,0.06620124,0.07249452,0.06933543,0.0105632385,0.042136054,0.05502229,0.10045427,0.086466886,0.027951034,0.06054352,0.07416065,0.03145608,0.03622575,0.039259043
Stonehenge/15.stonehnege_tourist_photo_600.jpg,0.3925236,0.05706064,0.0010153182,0.009558963,0.020757066,0.0043817637,0.009296283,0.00073353376,0.011626789,0.008365279,0.0031545542,0.023599146,0.049860366,0.0012376711,0.38322598,0.019690892,0.0014891509,0.0024230322
Stonehenge/16.jpg,0.015980195,0.01258189,0.005145472,0.096619144,0.28614295,0.025650214,0.029270412,0.018814422,0.06722779,0.024812862,0.15398628,0.03645621,0.017731553,0.014813405,0.1276573,0.030650562,0.0151778,0.021281613
Stonehenge/16.stonehenge-gty-jpo-190508_hpMain_12x5_992.jpg,0.058377806,0.10059636,0.03072128,0.06420578,0.077983,0.071970105,0.06453115,0.027932042,0.03980678,0.04755073,0.07372386,0.0843349,0.025241189,0.060388975,0.045390904,0.046704046,0.035680424,0.04486068
Stonehenge/17.jpg,0.06100691,0.047843356,0.02739385,0.08068006,0.061264195,0.06316492,0.048125856,0.033645876,0.03557457,0.08872876,0.11074414,0.059568286,0.027933516,0.061493,0.05514148,0.030584048,0.073943265,0.03316386
Stonehenge/17.web3-stonehenge-ancient-monument-wiltshire-england-pd.jpg,0.24989161,0.15755376,0.003390169,0.0069935974,0.010053886,0.004046026,0.022927307,0.0053741727,0.010603583,0.017620753,0.001959649,0.035018668,0.08365006,0.0036186397,0.36578995,0.00886873,0.006828618,0.005810769
Stonehenge/18.jpg,0.025438575,0.0015032789,0.00207593,0.05371422,0.060845096,0.072415315,0.012924298,0.0054811086,0.056486204,0.014250411,0.5636627,0.025031243,0.020680215,0.010036282,0.041727137,0.008993421,0.014098006,0.010636487
Stonehenge/18.visiting-stonehenge-uk-1180x450.jpg,0.102660425,0.03569745,0.015110697,0.029753132,0.061306834,0.018171301,0.049385265,0.021223191,0.013623383,0.017648278,0.020984128,0.12381914,0.116533026,0.024172256,0.17650491,0.015662564,0.019538512,0.13820541
Stonehenge/19.RESTRICTED-glb-stonehenge-leadasset-TRAVEL-xlarge.jpg,0.044392053,0.11227082,0.04594751,0.052713837,0.094393544,0.07019398,0.067938976,0.03503426,0.051605657,0.044002783,0.065301985,0.05762566,0.024797494,0.05038989,0.048844617,0.05233658,0.040716857,0.041493475
Stonehenge/19.png,0.1588459,0.05023922,0.014784525,0.020945061,0.019961793,0.015370269,0.02069665,0.004841274,0.03905022,0.0500343,0.040850632,0.08773815,0.13985075,0.027512645,0.2502994,0.01964272,0.018507944,0.020828525
Stonehenge/2.jpg,0.025906598,0.0034396243,0.0022700103,0.05949452,0.05514422,0.04592516,0.018771868,0.0032749225,0.04399,0.024023695,0.46017033,0.044097133,0.04010458,0.021513322,0.12140943,0.0051273326,0.014929804,0.010407475
Stonehenge/2.shutterstock_625998422.jpg,0.24435382,0.07435457,0.014055831,0.026557898,0.0263455,0.035468765,0.029844284,0.008789986,0.02504753,0.026968086,0.012935497,0.049108405,0.1483237,0.0156163415,0.1468284,0.06604372,0.018066553,0.031291045
Stonehenge/20.SOU_11_Stonehenge_680x330_0.jpg,0.19313371,0.0575063,0.0015879724,0.0065722973,0.031713933,0.0012782421,0.011403929,0.0006986885,0.0126710525,0.0048263036,0.0032762275,0.05028318,0.03038138,0.00065492495,0.5809327,0.00773647,0.0018449944,0.0034977614
Stonehenge/20.jpg,0.19125229,0.054165956,0.00084028667,0.0136816185,0.009670909,0.005358836,0.013163119,0.0006281099,0.008855346,0.008176722,0.0038241798,0.02827739,0.123600416,0.0025935555,0.50976884,0.016915618,0.003809445,0.005417381
Stonehenge/21.excursion-castillo-windsor-bath-stonehenge-grid.jpg,0.13481168,0.07690374,0.0011147187,0.015705122,0.029116036,0.00510289,0.013373702,0.0017913597,0.020820808,0.014284782,0.0061122403,0.03248329,0.07519952,0.0023338373,0.5433418,0.01934243,0.0034788866,0.0046831756
Stonehenge/21.jpg,0.01511371,0.0033087214,0.0023309186,0.011337111,0.68695545,0.0017290426,0.0075252694,0.008953382,0.016369974,0.0025749984,0.009142784,0.022472734,0.0053050094,0.0015119708,0.17551854,0.011337209,0.0014989846,0.017014217
Stonehenge/22.StonehengeSprinkler.jpg,0.06639144,0.024771444,0.001344312,0.024026573,0.13593595,0.0032559186,0.01050656,0.001284462,0.011180229,0.00338377,0.013021504,0.06872376,0.02524868,0.002867574,0.580678,0.009879346,0.0013946648,0.016105965
Stonehenge/22.jpg,0.22926918,0.03694399,0.0020296336,0.009551846,0.010939022,0.008845428,0.015295202,0.0013675316,0.011615403,0.008092164,0.010002704,0.07173855,0.23461908,0.008319669,0.31414184,0.008410073,0.0055505065,0.013268208
Stonehenge/23.jpg,0.45468628,0.05422758,0.0077053453,0.018425254,0.083018124,0.016566258,0.02513214,0.003310739,0.014622004,0.018881585,0.008870603,0.039968174,0.018966349,0.008282162,0.14126988,0.07449631,0.0043077907,0.0072632614
Stonehenge/23.stone_henge_turkey_dna_600.jpg,0.23021479,0.060015664,0.026562817,0.024181038,0.01969253,0.018028006,0.09829766,0.007950917,0.0064264047,0.057588853,0.0061593484,0.018500287,0.156291,0.0188987,0.11254889,0.0379157,0.08933451,0.011392904
Stonehenge/24.jpg,0.061457437,0.0075787497,0.005011528,0.050567366,0.14674176,0.035894264,0.039239123,0.010359469,0.024975462,0.013660989,0.2319757,0.082699575,0.03426538,0.023373157,0.17518449,0.010917019,0.009711778,0.036386788
Stonehenge/24.shutterstock_540226144-1170x508.jpg,0.21758221,0.022146994,0.0007614063,0.016690971,0.051140957,0.0036660987,0.008452437,0.0004911573,0.012289467,0.004432753,0.007902754,0.04572874,0.051277306,0.0020426193,0.52578187,0.021625116,0.0014416585,0.0065454645
Stonehenge/25.32996248738_f89b25d51b_b.jpg,0.15357606,0.011050203,0.0033394468,0.021576826,0.0538834,0.012916968,0.011255172,0.0069359634,0.08468253,0.02628336,0.11617471,0.16343565,0.07218899,0.011043579,0.2182845,0.00849254,0.01317336,0.011706814
Stonehenge/25.jpg,0.13140152,0.005703091,0.001029476,0.007950726,0.22846287,0.015094983,0.02883767,0.00605437,0.033139955,0.012743658,0.010456202,0.036662217,0.008109307,0.0015154312,0.08831002,0.3417713,0.0015155222,0.04124163
Stonehenge/26.Stonehenge_Total-760x380.jpg,0.19230421,0.108015575,0.0003285162,0.0045759273,0.010628432,0.002426838,0.0070105894,0.00060496083,0.0076362616,0.0060875025,0.0012673996,0.027687147,0.03827603,0.00063205324,0.57741606,0.012584523,0.0008440942,0.0016737438
Stonehenge/26.jpg,0.12257278,0.016855262,0.008153196,0.022954173,0.2349576,0.030672854,0.036785427,0.017785192,0.023092391,0.018827919,0.019835996,0.07547373,0.03912056,0.009444509,0.11264936,0.10882749,0.014315287,0.08767622
Stonehenge/27.jpg,0.03295994,0.049851872,0.03044177,0.026160624,0.19403124,0.021432988,0.15240528,0.019428598,0.009885563,0.030150196,0.011675122,0.01280222,0.028788848,0.0100971125,0.2547569,0.02715693,0.0209707,0.06700418
Stonehenge/27.stonehenge.jpg,0.20503406,0.02445481,0.0026763831,0.018500425,0.0067668664,0.020430105,0.12459656,0.0018361011,0.0030524167,0.017343324,0.008912217,0.018699916,0.34432283,0.015633421,0.14039657,0.013317416,0.025942827,0.008083689
Stonehenge/28.image.jpg,0.19255058,0.035569623,0.00067359355,0.01013007,0.12625268,0.001862265,0.0044749123,0.00032509593,0.0034626995,0.003752874,0.002154564,0.012688426,0.007055037,0.0005624111,0.57189775,0.02483007,0.00044199848,0.0013154738
Stonehenge/28.jpg,0.046829004,0.09268471,0.0009937079,0.03553442,0.12979342,0.0050506736,0.012035646,0.0013789587,0.022809513,0.017251926,0.0050218725,0.010773943,0.008502558,0.0012939282,0.56162953,0.04160302,0.0016352761,0.005177831
Stonehenge/29.jpg,0.28246,0.02184052,0.007451027,0.037716422,0.042372607,0.023712736,0.02666814,0.002698144,0.023293408,0.0102347145,0.08398865,0.08509571,0.12203211,0.017533917,0.1719196,0.015215001,0.006646818,0.019120362
Stonehenge/29.stonehenge-altar-stone-3.jpg,0.38807398,0.017020691,0.004746058,0.015056535,0.06855693,0.005512136,0.008740754,0.0007540208,0.024803262,0.009386014,0.029891787,0.079425864,0.03346388,0.0050716386,0.280507,0.017818438,0.0014893521,0.009681668
Stonehenge/3.jpg,0.03273645,0.011118745,0.007640111,0.03584402,0.4373075,0.0084650805,0.016792972,0.015435343,0.018288571,0.0054961,0.027089335,0.05157465,0.011708961,0.0067787953,0.24247634,0.018599046,0.0056911414,0.046956934
Stonehenge/3.stonehenge-freesally-pixabay-e1460111972910-1024x433.jpg,0.14714913,0.009525789,0.006130197,0.040515408,0.19691595,0.015999148,0.023985028,0.0042144433,0.025476074,0.0068837735,0.16459914,0.09091427,0.027918374,0.009632353,0.19343431,0.0131131215,0.0050786464,0.018514628
Stonehenge/31.Stonehenge800.jpg,0.14737336,0.09344551,0.0032202888,0.025177235,0.03723037,0.013037949,0.036009707,0.002262771,0.009935777,0.009250932,0.0059330333,0.033991225,0.059046756,0.004082445,0.47308874,0.032361157,0.0060872305,0.008465621
Stonehenge/31.jpg,0.051379226,0.035552647,0.0010318075,0.011195584,0.0070364443,0.004596433,0.032655284,0.00054367824,0.0048901862,0.026225373,0.006434009,0.0133201,0.30031803,0.0076147174,0.47334412,0.0031945396,0.016771438,0.0038963675
Stonehenge/32.jpg,0.24786645,0.087199636,0.014254175,0.016352395,0.032204468,0.0077192895,0.02908585,0.003872621,0.013264272,0.018300192,0.013213965,0.079500824,0.08735721,0.011999877,0.29379156,0.017371954,0.009989969,0.016655246
Stonehenge/32.stonehenge-main.jpg,0.1483883,0.06658651,0.0007424159,0.0153957745,0.05933189,0.004080973,0.010452279,0.0005676579,0.0073791775,0.0038882138,0.001903365,0.017113812,0.02377933,0.0005253543,0.5955563,0.04064512,0.0013623197,0.0023011884
Stonehenge/33.jpg,0.32372382,0.004804148,0.0051619243,0.032901645,0.0927981,0.008968369,0.0072068027,0.005426014,0.03542073,0.0045555998,0.10253923,0.15753426,0.054776892,0.008487291,0.12127273,0.0064935633,0.0044435724,0.023485243
Stonehenge/34.jpg,0.0364573,0.034582604,0.01385773,0.02984646,0.081035204,0.036994997,0.03086814,0.23053382,0.07484532,0.024537867,0.027847607,0.10001296,0.06333385,0.035480075,0.06073241,0.018618697,0.04168581,0.05872908
Stonehenge/34.stonehenge-aerial-750x350.jpg,0.18321127,0.03882525,0.005284484,0.03547764,0.06825536,0.011448107,0.03915477,0.0024272304,0.00983242,0.010249365,0.014453019,0.05691973,0.09803458,0.008848051,0.35595578,0.028214412,0.009314204,0.02409429
Stonehenge/35.2019.03.25-stonehenge-370x2000_7590e449-5056-a36a-0959cf58b320a65d.jpg,0.065057024,0.3609642,0.00051562936,0.0053787236,0.01831324,0.0024198797,0.006292315,0.0016884746,0.00702309,0.010718495,0.0013328347,0.020776909,0.0169526,0.0004287247,0.4711147,0.009360628,0.0009934155,0.0006690962
Stonehenge/35.jpg,0.13642892,0.035417456,0.0038319824,0.036025137,0.17876281,0.008237853,0.01983213,0.0025628577,0.01250443,0.00502108,0.01915579,0.08645247,0.02542208,0.006108419,0.37335515,0.027228603,0.0023799117,0.02127292
Stonehenge/36.jpg,0.029950613,0.0060542324,0.002202461,0.054713525,0.09216947,0.03289949,0.024242366,0.003452142,0.031415634,0.015946953,0.21638227,0.046279892,0.090580784,0.015688613,0.29611814,0.005828279,0.011570313,0.02450483
Stonehenge/36.stonehenge-built-by-descendants-of-early-immigrants-to-britain-study-finds.jpg,0.07511235,0.011921552,0.015075822,0.08501121,0.069347754,0.06389183,0.03952855,0.01634298,0.05359182,0.019734375,0.25400126,0.06076684,0.04564537,0.019990347,0.06789911,0.028973639,0.045195468,0.027969744
Stonehenge/37.EDRhpiiXUAI0fO5.jpg,0.46238938,0.0054366724,0.0014747961,0.016917083,0.0838507,0.0038542666,0.0045111137,0.00075363513,0.035060793,0.0035898194,0.04558364,0.08171093,0.026181193,0.0017753979,0.20481089,0.011735729,0.0008064448,0.009557554
Stonehenge/38.SH_17_20EAW_20image_hero.jpg,0.028586064,0.46503422,0.00441415,0.013158276,0.030681767,0.0024077077,0.016307749,0.0030922524,0.00459113,0.019465985,0.0028802655,0.024256777,0.007001566,0.0022987747,0.36552474,0.0051111314,0.0033210907,0.0018664253
Stonehenge/38.jpg,0.0347414,0.027628671,0.0051928028,0.02885052,0.044580042,0.020171238,0.17166232,0.0022482553,0.0059441626,0.020073507,0.009133024,0.012473922,0.18463859,0.009813659,0.33364043,0.017143818,0.04527193,0.026791696
Stonehenge/39.another-painting-of-stonehenge.jpg,0.33365566,0.0077727926,0.0039498615,0.023663701,0.08112713,0.011236447,0.0072732638,0.0027701627,0.023058295,0.004396797,0.08120661,0.13569811,0.068472125,0.007259027,0.17731665,0.011465132,0.0050546196,0.014623759
Stonehenge/4.entrada-stonehenge.jpg,0.14323008,0.041548043,0.0012750482,0.027014691,0.07007572,0.0050185984,0.015650531,0.001089423,0.016406704,0.0069059157,0.006374633,0.03573821,0.03936349,0.0023895937,0.54275584,0.033512786,0.002488536,0.009162282
Stonehenge/4.jpg,0.097025044,0.09598934,0.055412605,0.04679573,0.054267623,0.0406017,0.059106182,0.041094948,0.03494472,0.040525816,0.03654406,0.09493372,0.03989712,0.046992514,0.06576071,0.047979623,0.040876534,0.061252013
Stonehenge/40.jpg,0.22652878,0.09041628,0.012920022,0.02838218,0.06353797,0.022705369,0.031538017,0.015955992,0.04719686,0.03309183,0.00953266,0.028772667,0.047163546,0.0074301,0.18090662,0.12610844,0.013821098,0.01399146
Stonehenge/41.jpg,0.05041618,0.04954342,0.0056448583,0.04474834,0.046394274,0.038300473,0.06325645,0.003918276,0.063985236,0.026014788,0.011931376,0.013997385,0.12988365,0.0055378103,0.3140465,0.08962221,0.023466835,0.01929204
Stonehenge/42.Roman-Bath-Tour_Stonehenge_credit-nicolamargaret_iStock-http___www.istockphoto-1024x512.jpg,0.07494528,0.03298055,0.020481236,0.03786567,0.07842429,0.03444957,0.049121194,0.027063219,0.041838586,0.019039055,0.052799445,0.12683745,0.06357415,0.02960819,0.17103861,0.021023927,0.0211793,0.09773038
Stonehenge/43.jpg,0.39513898,0.032018375,0.00045994465,0.0061473344,0.036220673,0.0017984188,0.0041235234,0.00032759077,0.012657962,0.0033736788,0.0034598385,0.038324106,0.019384868,0.00051149284,0.42577323,0.017054155,0.00034372788,0.0028820317
Stonehenge/43.stonehenge-day-trip-hero.jpg,0.034776177,0.03934839,0.024783887,0.03357242,0.06845877,0.10959708,0.04013952,0.055317037,0.07585462,0.031248095,0.09554082,0.087505326,0.06227422,0.061839588,0.04856451,0.029495813,0.052654304,0.049029376
Stonehenge/44.Historical-Stonehenge.jpg,0.09615271,0.032050934,0.0057406053,0.038115747,0.038890462,0.06341626,0.02862785,0.013447954,0.0601993,0.020487309,0.09039576,0.09192166,0.18056926,0.030255504,0.14224327,0.019076457,0.021731583,0.02667743
Stonehenge/44.jpg,0.11993856,0.04766335,0.010243384,0.06641412,0.10715106,0.024861954,0.024575245,0.0125114005,0.057665836,0.03385886,0.041777875,0.06114774,0.04303812,0.013347339,0.19877608,0.077832006,0.013270639,0.04592646
Stonehenge/45.brooke-bell-573120-unsplash.jpg,0.041086826,0.20090415,0.00046495994,0.010602062,0.06667452,0.0002928334,0.0009543944,0.0006731825,0.005469901,0.020430243,0.0011993082,0.015980821,0.003328119,0.00017104506,0.6257007,0.005241424,0.00045107323,0.00037450623
Stonehenge/45.jpg,0.064352036,0.07462239,0.03623298,0.050059438,0.063166596,0.08368277,0.053085398,0.044153146,0.049686812,0.045135237,0.05818971,0.075063005,0.037729498,0.0565995,0.049814567,0.047748383,0.054530073,0.05614842
Stonehenge/46.Stonehenge-Destination-Venice-1024x440.jpg,0.09286615,0.06254382,0.0015360478,0.029852046,0.08208645,0.0036812362,0.013863065,0.0012410613,0.006876218,0.0048754043,0.004937463,0.026641207,0.03249504,0.0018285224,0.605019,0.021510735,0.0027272643,0.0054192264
Stonehenge/46.jpg,0.07717751,0.17249824,0.020382745,0.037564922,0.0999797,0.017780706,0.024873277,0.0703668,0.0334297,0.024197094,0.016689047,0.09200739,0.06366032,0.008334657,0.15902321,0.046304416,0.023402488,0.01232779
Stonehenge/48.jpg,0.15575415,0.15224208,0.03630168,0.045831684,0.06728746,0.015839117,0.029831031,0.020493612,0.010581777,0.023174357,0.013541668,0.064488836,0.06949725,0.011673021,0.19096258,0.053011656,0.025896434,0.013591726
Stonehenge/48.stonehenge1-640x280.jpg,0.23662898,0.017456744,0.011869671,0.02851855,0.025112726,0.016954117,0.013062638,0.007905608,0.025453588,0.009528427,0.06271329,0.20052846,0.14430635,0.023939397,0.1259458,0.007977789,0.011792816,0.030305156
Stonehenge/5.jpg,0.32383296,0.04080088,0.0015863049,0.010573511,0.022690747,0.004448618,0.013353165,0.000919908,0.010567701,0.006115369,0.0067355265,0.05455098,0.058107577,0.002894289,0.41609457,0.017979186,0.0020753315,0.0066734236
Stonehenge/5.stonehenge-2371476_960_720.jpg,0.26151174,0.075241916,0.00085707253,0.0064319223,0.042932622,0.0054379595,0.010135698,0.002658483,0.030636186,0.027010873,0.0030836503,0.020370957,0.03250018,0.0009119074,0.42619276,0.049846727,0.001757264,0.002482132
Stonehenge/50.jpg,0.18036523,0.008347161,0.0033521159,0.042638794,0.03999574,0.031602502,0.015410604,0.002646617,0.030327588,0.013082427,0.22934103,0.07707956,0.10184854,0.017731618,0.17858781,0.00799704,0.006542884,0.013102652
Stonehenge/50.stonehenge.jpg,0.07837422,0.0031091664,0.0052335756,0.054366134,0.058673423,0.06410903,0.020667385,0.008686262,0.028954271,0.012529075,0.46121484,0.05564627,0.03368107,0.01612067,0.05626951,0.0079526445,0.011709834,0.022702504
Stonehenge/51.Stonehenge_Stonehenge-is-a-pre-historic-henge-and-national-landmark-on-the-Wiltshire-plain-4-1170x350.jpg,0.0743719,0.01885969,2.665746e-05,0.0005774514,0.003621672,6.462278e-05,0.00043911274,1.600562e-05,0.0026965067,0.003953702,0.00044691915,0.009992388,0.013758769,6.6398614e-05,0.87031484,0.00058883586,9.032174e-05,0.00011407997
Stonehenge/51.jpg,0.12380215,0.029376663,0.017194787,0.051290024,0.09982286,0.05612725,0.041339107,0.006157134,0.034127913,0.016357537,0.25866988,0.064025454,0.034743473,0.023875501,0.08218652,0.02479924,0.023078136,0.013026345
Stonehenge/52.stonehenge-flowers.-toppic.jpg,0.106423296,0.0084219845,0.0037237066,0.021206573,0.34114423,0.004662671,0.015487557,0.0020945922,0.0061436505,0.0018875939,0.023868877,0.07589882,0.012285336,0.0042804824,0.33687353,0.015592799,0.0011274671,0.018876852
Stonehenge/53.jpg,0.27303147,0.0116039645,0.0022998604,0.015388491,0.14408088,0.0021804627,0.0074408534,0.0015111505,0.014686679,0.0024715043,0.021819534,0.15164329,0.02522782,0.003154528,0.29582518,0.010636252,0.001176626,0.0158214
Stonehenge/53.stonehenge-panorama-2.jpg,0.023006909,0.059753537,0.0036791933,0.020148806,0.09504472,0.07126918,0.26924306,0.0046393783,0.0151751675,0.035730816,0.042390738,0.020935686,0.028078469,0.07261884,0.16199619,0.022786317,0.02466151,0.028841581
Stonehenge/54.1089035448.jpg,0.021371968,0.005496647,0.0074726366,0.08560322,0.092359416,0.088713266,0.038924966,0.009719291,0.16793168,0.026867568,0.21923643,0.025689634,0.035990793,0.012798031,0.06519909,0.036540393,0.030014923,0.030070033
Stonehenge/54.jpg,0.28893977,0.03497574,0.0010302699,0.009672169,0.015174763,0.0035606737,0.011686197,0.00088216766,0.007965277,0.0055886316,0.005685178,0.048577707,0.10137243,0.0019371622,0.44461948,0.010872882,0.0022399726,0.005219456
Stonehenge/55.jpg,0.25219488,0.038116403,0.008917026,0.018273555,0.05790507,0.008059461,0.01577866,0.0031241688,0.03452889,0.018715557,0.038650893,0.14135227,0.046493467,0.012036281,0.25497934,0.022342397,0.005718275,0.022813294
Stonehenge/55.webheadersalisbury-shaftesbury_20(Custom).jpg,0.26019788,0.044005055,0.01200011,0.037414264,0.04264037,0.025923468,0.021745572,0.0064999205,0.018961746,0.010774128,0.045861013,0.14299521,0.07479491,0.016799005,0.1635682,0.025828697,0.0119517865,0.038038727
Stonehenge/56.Stonehenge-in-England.jpg,0.039627552,0.090301864,0.002536444,0.034922414,0.06497661,0.006066278,0.024637831,0.0018812105,0.025154278,0.014506771,0.008205545,0.024677355,0.030612934,0.0038231781,0.59430486,0.018368207,0.005128216,0.0102685485
Stonehenge/56.jpeg,0.02816646,0.0039058495,0.0035579416,0.081901625,0.039188415,0.06728304,0.025238728,0.010286296,0.014040483,0.02306612,0.5930259,0.023817534,0.006491848,0.016729856,0.035635762,0.0042253635,0.014446554,0.008992244
Stonehenge/58.jpg,0.31752792,0.029668145,0.0005677933,0.0069609135,0.059291467,0.0010964507,0.0031647922,0.00032381533,0.016970461,0.006709226,0.003316748,0.017877633,0.01820123,0.0004912056,0.5017934,0.014349144,0.00039287907,0.0012967625
Stonehenge/59.jpeg,0.027220387,0.021316025,0.009110297,0.016907813,0.26788473,0.008030476,0.13212359,0.014099537,0.003992543,0.011830471,0.006823133,0.017973516,0.024980236,0.0114699295,0.34585503,0.013908219,0.014489131,0.051984936
Stonehenge/6.jpg,0.057789836,0.007312006,0.009091823,0.02516537,0.26095605,0.025119206,0.045734745,0.020104302,0.03381432,0.028217085,0.0068184454,0.012475854,0.0143476315,0.0033248232,0.054226212,0.21859688,0.012593747,0.16431168
Stonehenge/6.vXt4oCA6LwTsSDhQjd2grR-1200-80.jpg,0.11398445,0.0067413137,0.0078753615,0.08927657,0.07360116,0.06203635,0.020976288,0.037425883,0.03134903,0.01035702,0.14602791,0.14020589,0.06340003,0.022825453,0.07781349,0.016732885,0.022018807,0.057352256
Stonehenge/60.jpg,0.008508886,0.0079372935,0.00023247628,0.0034127266,0.35330886,0.0025095278,0.021418773,0.00027472194,0.0012087903,0.0010575042,0.0025768646,0.0024342812,0.0012475302,0.0010894381,0.57615393,0.012539609,0.0003544316,0.0037342624
Stonehenge/60.tour_img-1762492-146.jpg,0.016463278,0.0035840967,0.0017788924,0.0672393,0.044563055,0.030550122,0.012770614,0.004144,0.033218313,0.048031956,0.5515849,0.035316736,0.013546409,0.029487342,0.07525305,0.0022353623,0.024897657,0.0053349184
Stonehenge/61.Stonehenge.jpg,0.091522835,0.05114249,0.00037631538,0.004975523,0.026975153,0.0006105188,0.0068080365,0.00024157207,0.007061922,0.0055118334,0.00131518,0.013608966,0.012013409,0.00039807142,0.76825684,0.007372336,0.000649998,0.0011589655
Stonehenge/61.jpg,0.108447075,0.065709434,0.001530617,0.016476775,0.0691344,0.002723323,0.009514477,0.0009210177,0.017795667,0.010670144,0.0063109184,0.03004883,0.012525608,0.0014119315,0.62112314,0.019678835,0.0012849943,0.004692885
Stonehenge/62.stonehenge_2084sm.jpg,0.029708203,0.09862203,0.014376122,0.052336756,0.14997622,0.03563391,0.026974266,0.08139196,0.09468932,0.1315684,0.02968474,0.04284818,0.016843952,0.014572883,0.04698545,0.054816343,0.016254924,0.06271645
Stonehenge/63.Stonehenge-750x350.jpg,0.12345646,0.06307038,0.12068237,0.022343913,0.034571752,0.040544298,0.054167263,0.03537853,0.025543157,0.11549052,0.019159071,0.023906084,0.07911151,0.0669958,0.027628846,0.042268604,0.081653364,0.024028044
Stonehenge/63.jpg,0.29753244,0.010956688,0.0028473607,0.019505503,0.12996915,0.0036232267,0.0066099325,0.013687767,0.066293076,0.005278852,0.011580012,0.06729025,0.10970256,0.004362361,0.21687195,0.016734328,0.008912081,0.008242516
Stonehenge/64.jpg,0.2968291,0.023629146,0.00065032055,0.017023675,0.030594252,0.0033460294,0.008304894,0.00045012205,0.00895197,0.0033374808,0.00844673,0.052276112,0.05993668,0.0017127366,0.46341902,0.014053422,0.0013628248,0.0056755133
Stonehenge/65.jpg,0.02248732,0.03274581,0.012293404,0.07156007,0.036665667,0.025852522,0.101694,0.010934632,0.035387877,0.03789228,0.070890106,0.032473166,0.12159338,0.020612199,0.21535306,0.016990298,0.12880959,0.005764581
Stonehenge/66.gatwick-airport-transfer-to-stonehenge-800x400.jpg,0.08394002,0.03298181,0.00076465873,0.014640406,0.028842168,0.0026807513,0.008780549,0.00038297256,0.015420043,0.0099243345,0.005410543,0.020511948,0.060872763,0.0021298057,0.69334185,0.01266386,0.0024889053,0.004222531
Stonehenge/66.jpg,0.08127599,0.06182983,0.06073126,0.087163046,0.12756154,0.028978879,0.046696976,0.030552454,0.027174603,0.018632615,0.087373644,0.07375935,0.030691009,0.0201406,0.10527013,0.048540335,0.0364991,0.027128588
Stonehenge/68.jpg,0.20919721,0.039124195,0.001944145,0.005289642,0.02821863,0.0008725093,0.006824025,0.00048729425,0.0076782033,0.008271927,0.005977613,0.055327263,0.02059247,0.002249948,0.59869295,0.004927321,0.0011115039,0.003213159
Stonehenge/68.travel-iceland-london-trip-2018-260nw-1248227521.jpg,0.22475238,0.013965889,0.0006003493,0.006984183,0.15653217,0.00048309533,0.0042655854,0.00030154164,0.009755984,0.0024497202,0.0027255598,0.020619933,0.007099051,0.00037270156,0.53162163,0.015223659,0.00032512643,0.0019214703
Stonehenge/69.Stonehenge1.jpg,0.04316485,0.06864025,0.050252974,0.040097136,0.078308985,0.0814863,0.066303246,0.053015824,0.06304575,0.041836217,0.042423397,0.055993345,0.0377206,0.052773573,0.039541285,0.059660055,0.06074507,0.0649913
Stonehenge/69.jpg,0.05383398,0.0057686004,0.0050435965,0.08165161,0.11407096,0.06559379,0.019326106,0.030151442,0.11018124,0.0136268055,0.1298789,0.10965277,0.05650562,0.0138134295,0.07489668,0.02859051,0.018340917,0.069073185
Stonehenge/7.181206-stonehenge-mc-1034_15d50fe9b98cdedd71e251a6ee0050e3.nbcnews-fp-1024-512.JPG,0.09234948,0.054912433,0.00042114084,0.025895888,0.16133474,0.0012028529,0.0018895087,0.00037422494,0.021364046,0.011388118,0.0044567874,0.013528381,0.007425826,0.00032223357,0.5825222,0.017685791,0.00034385905,0.0025824266
Stonehenge/7.jpg,0.26087686,0.019185979,0.0009160641,0.015178168,0.09804093,0.003126028,0.006161764,0.0005690062,0.020855999,0.0055931215,0.011918946,0.050741535,0.022857198,0.0014636923,0.44878733,0.026530959,0.0006876478,0.006508647
Stonehenge/70.jpg,0.043988023,0.01899157,0.010392565,0.034781713,0.32627392,0.009512938,0.030904917,0.004300709,0.010651169,0.013682743,0.029724086,0.054110795,0.0097329635,0.01481059,0.3403838,0.013667112,0.0034330757,0.030657282
Stonehenge/70.stonehenge-propped.jpg,0.36935198,0.012504416,0.0005184222,0.0075133336,0.01632149,0.0033529778,0.006835718,0.0003922326,0.0065500257,0.003259845,0.005176291,0.04325617,0.13379975,0.0018513575,0.3709135,0.011490186,0.0017972752,0.0051150294
Stonehenge/71.England-Stonehenge3.jpg,0.0681864,0.055971816,0.05718372,0.06408904,0.06922012,0.06408483,0.045347426,0.05734334,0.034916285,0.0476168,0.08436007,0.05575667,0.03767361,0.046099406,0.04875153,0.055045757,0.0684693,0.039883915
Stonehenge/71.jpg,0.02784235,0.006263627,0.0010718077,0.016443731,0.0012819321,0.014157138,0.09339801,0.0029511729,0.001617272,0.015862612,0.0034973142,0.0027215492,0.6108217,0.008425221,0.026875803,0.0045799003,0.15693967,0.0052491217
Stonehenge/72.jpg,0.0498828,0.037859835,0.028006835,0.07295325,0.056511946,0.09251618,0.046414223,0.039589096,0.0670394,0.04923114,0.11315655,0.05192021,0.044330172,0.03603364,0.057832323,0.049359582,0.05424622,0.053116728
Stonehenge/72.stonehenge-bringing-back-the-dead-2677.jpg,0.14168349,0.07664338,0.016151804,0.026985412,0.090838656,0.036891595,0.026883872,0.025535503,0.0479532,0.04416128,0.016310971,0.03147999,0.05450242,0.012557935,0.14505489,0.16572382,0.021249061,0.019392794
Stonehenge/73.a_Stonehenge-Wedding-8-700x206.jpg,0.120344445,0.023128819,0.0009910543,0.01954365,0.1631809,0.0017126056,0.008399651,0.00070620165,0.01537557,0.0038910073,0.006947781,0.040512566,0.013711596,0.0010403816,0.55245644,0.021478625,0.000881531,0.0056971665
Stonehenge/73.jpg,0.07704735,0.011125315,0.0001491234,0.0016995172,0.50293577,0.00013617521,0.00027278205,0.0001979749,0.023606889,0.015391888,0.0020940932,0.00624931,0.00095514953,0.00011482543,0.3477023,0.010022415,4.013594e-05,0.00025891457
Stonehenge/74.6C7049707-130422-stonehenge-1.nbcnews-fp-1024-512.jpg,0.112435,0.0525752,0.016649516,0.024558296,0.19203964,0.017220177,0.030355591,0.027459115,0.038558856,0.012215576,0.023202313,0.16849522,0.028459234,0.018146405,0.1483551,0.028424917,0.006140189,0.054709684
Stonehenge/74.jpg,0.25634998,0.017664285,0.0015963721,0.025760239,0.09104565,0.005112385,0.01070099,0.0011882995,0.014744077,0.0034876717,0.016468525,0.12256507,0.04228401,0.003283941,0.3404467,0.020224584,0.0015255542,0.025551716
Stonehenge/75.St+complete+--+simulation.jpg,0.442259,0.018114552,0.00054666615,0.0036988717,0.014009277,0.0011039911,0.006127155,0.00042208796,0.0067360145,0.0018050903,0.0022813312,0.054247227,0.050624315,0.00086097565,0.38615698,0.0060533667,0.00066454883,0.0042885165
Stonehenge/76.88658-2-Stonehenge-England.jpg,0.3396232,0.05101238,0.0019488473,0.0043472014,0.0070606032,0.0054809526,0.009544343,0.0008901341,0.008346369,0.0063715377,0.0058967476,0.07989323,0.12791583,0.0046091066,0.32910004,0.006909889,0.0018991226,0.009150459
Stonehenge/76.jpg,0.15733442,0.015818045,0.008517172,0.022992121,0.16264533,0.006258786,0.012277446,0.0034047128,0.041217547,0.012973953,0.05466622,0.13007511,0.030029736,0.010970116,0.28709,0.0079769315,0.0024565922,0.033295773
Stonehenge/77.jpg,0.007345396,0.0016615507,0.0016240192,0.051349085,0.0657094,0.040822428,0.006064184,0.010202231,0.41635722,0.008310398,0.29730463,0.024959167,0.01694345,0.0044166413,0.018539364,0.005933364,0.017360408,0.005097087
Stonehenge/78.Stonehenge.jpg,0.020146096,0.0032911175,0.0006623474,0.009949643,0.64528775,0.007648241,0.013773005,0.009673793,0.007827423,0.0060431287,0.0034900745,0.01302403,0.0013683173,0.0007169829,0.10993693,0.0625681,0.00049479486,0.084098265
Stonehenge/78.jpg,0.028706329,0.041818876,0.026597684,0.0328918,0.16140698,0.0788656,0.11903533,0.083723195,0.021487743,0.028445678,0.025237523,0.040417492,0.029848665,0.04716706,0.065023966,0.029978378,0.031099498,0.10824829
Stonehenge/79.jpg,0.14086077,0.009789399,0.00600611,0.06800284,0.030948084,0.04792575,0.026232833,0.015821362,0.034035385,0.019284695,0.11100239,0.100620754,0.18205963,0.032303162,0.0924076,0.017192198,0.036882337,0.028624607
Stonehenge/79.stonehenge-meaning-theories-history.jpg,0.1013461,0.022731856,0.005930699,0.023982532,0.1970212,0.013523169,0.03398919,0.017968228,0.039676722,0.034335803,0.014369682,0.07221702,0.026441494,0.005923499,0.17240037,0.048528217,0.004492728,0.16512145
Stonehenge/8.1ce64d20cf8610a9d426da649ad061c413acfef7.jpg,0.042135973,0.008727372,0.008312213,0.047341067,0.070350535,0.11418287,0.02352941,0.06490996,0.046703327,0.008592292,0.2672073,0.11101702,0.050989922,0.047894914,0.0361918,0.009607113,0.025782462,0.01652442
Stonehenge/8.jpg,0.012839992,0.006881058,7.473586e-05,0.004270328,0.21424225,0.00025434542,0.0034546636,0.00021566675,0.0031955796,0.0010107552,0.002325585,0.006850572,0.0016196733,0.00026511378,0.7376042,0.0024068488,9.2935974e-05,0.0023957293
Stonehenge/80.jpg,0.29710242,0.010988602,0.0032924553,0.033066045,0.15009494,0.0042341775,0.006865288,0.001127194,0.05552991,0.005391992,0.028428169,0.074777134,0.041136965,0.0027699778,0.23425373,0.03130417,0.0016664233,0.017970443
Stonehenge/80.stonehenge-interactive-bg-e1495294229687.jpg,0.09261974,0.017455168,0.015090404,0.06035601,0.07735976,0.08654832,0.030212099,0.029610038,0.04016552,0.023934787,0.16024333,0.08675969,0.05228224,0.03178218,0.07569185,0.02869332,0.03634764,0.054847892
Stonehenge/81.jpg,0.044952597,0.105643794,0.022643281,0.04212526,0.08095948,0.062560625,0.085959755,0.021296324,0.07059791,0.060882784,0.07504462,0.06604212,0.021249482,0.042271726,0.088854365,0.043055512,0.026882121,0.03897817
Stonehenge/81.stonehenge2-700x255.jpg,0.042641003,0.0116198715,0.0008329614,0.021232285,0.007835223,0.0060106926,0.011502544,0.0006387301,0.011673057,0.029747669,0.026071567,0.020737374,0.358939,0.013081815,0.41366097,0.0018379601,0.018479973,0.0034572373
Stonehenge/82.IPO_01NewTour0724H_lg.jpg,0.069898464,0.016043365,0.0006642127,0.008580709,0.005753446,0.0037298365,0.016265856,0.00063539844,0.008607033,0.025604228,0.006913481,0.0180926,0.38297248,0.007496102,0.40768385,0.0031986274,0.011798717,0.0060615344
Stonehenge/83.jpg,0.050425734,0.07978714,0.000568032,0.0141309025,0.08588451,0.0024369387,0.0032280637,0.00416388,0.03337686,0.024955122,0.013138125,0.1668943,0.0328804,0.0011831567,0.46925253,0.010532067,0.0024544164,0.004707806
Stonehenge/83.stonhenge.jpg,0.15041558,0.07374754,0.04060366,0.029820185,0.03334758,0.037354194,0.05099868,0.021993175,0.052989483,0.07603637,0.031226179,0.07074826,0.057067472,0.03885682,0.056053042,0.101365626,0.039254382,0.0381216
Stonehenge/84.jpg,0.07134922,0.006139426,9.8292796e-05,0.0039203153,0.100571305,0.00013341037,0.0015415811,2.7135255e-05,0.00855802,0.0011125561,0.0020753127,0.014730717,0.0026460488,0.00010140967,0.78338516,0.002720365,6.807343e-05,0.00082165655
Stonehenge/85.IMG_3335-1230x400.jpg,0.05924745,0.054576423,0.008396864,0.07829056,0.14387724,0.029085629,0.02841047,0.020017417,0.08605715,0.054415543,0.029445779,0.03695389,0.033423707,0.013414547,0.15326965,0.07964181,0.013940209,0.077535585
Stonehenge/85.jpg,0.03780718,0.004428717,0.00039284106,0.006792046,0.44010866,0.006477991,0.028179849,0.002460423,0.0055239066,0.0037395265,0.0044516507,0.011024616,0.0024673804,0.0011756287,0.35505402,0.06146605,0.0004416696,0.028007869
Stonehenge/86.Web_Stonehenge_iStock-172382850.jpg,0.14066081,0.2315949,0.008277927,0.015108885,0.025556603,0.030421577,0.023667965,0.007722764,0.02607471,0.033534687,0.006955869,0.04749366,0.09011129,0.008777213,0.22870909,0.05022469,0.012909424,0.012197995
Stonehenge/86.jpg,0.07272797,0.030322365,0.0014663424,0.01040935,0.13534793,0.0038831572,0.0450432,0.0010319443,0.017823359,0.0054995785,0.009856939,0.036862683,0.012556039,0.0011321369,0.5846421,0.02484401,0.0025498103,0.0040011047
Stonehenge/87.598a56edcf003.image.jpg,0.06056027,0.23875642,0.0027944886,0.019178085,0.04321429,0.009644748,0.028897306,0.002734713,0.023144843,0.014169667,0.0073304405,0.030098015,0.040426288,0.00491672,0.4448137,0.019317923,0.0046004397,0.00540174
Stonehenge/88.stonehenge-bluestones-880x440.jpg,0.04569302,0.057800587,0.0010731571,0.042423695,0.14633943,0.0044344887,0.011278575,0.0021279233,0.024289105,0.016227156,0.009166851,0.019159274,0.015687672,0.0015703803,0.5626731,0.027508494,0.0020591854,0.010487956
Stonehenge/89.Trilithon.jpg,0.15522471,0.03759856,0.0002144899,0.0033950184,0.066111274,0.00033656423,0.0025100973,0.00020060633,0.007972776,0.0047407793,0.00083872915,0.013033408,0.00464541,0.000101255166,0.6904747,0.011892708,0.00020140396,0.00050755986
Stonehenge/89.jpg,0.06525872,0.07503457,0.0016267339,0.019123476,0.031356644,0.0056860847,0.030576026,0.0010327684,0.0070445035,0.010890813,0.0043042726,0.013372755,0.061409723,0.0029395227,0.6448773,0.015263464,0.0054478063,0.004754805
Stonehenge/9.jpg,0.22542489,0.04241965,0.02151608,0.022355322,0.047595613,0.04032364,0.033034846,0.013315482,0.04485111,0.030844487,0.037063356,0.106014416,0.07664689,0.026843324,0.08996991,0.076048,0.024228899,0.041504096
Stonehenge/9.stonehenge.jpg,0.43021932,0.014530759,0.0014059803,0.019389303,0.058769513,0.0047738617,0.009494736,0.0006610765,0.010807737,0.0026590615,0.013457656,0.079222426,0.03939502,0.0024135832,0.278183,0.023590581,0.0011555599,0.0098708635
Stonehenge/90.jpg,0.019785648,0.050227523,6.027574e-05,0.0048693223,0.046946287,0.00012742546,0.00044780996,9.975266e-05,0.0044923397,0.008976757,0.00068951544,0.005424415,0.0019752537,7.4551725e-05,0.85142213,0.0040705805,0.00015661497,0.00015377144
Stonehenge/91.Best-preserved-part-of-the-outer-stone-circle-also-you-can-see-the-fallen-stone-so-called-Slaughter-Stone-Stonehenge-900x450.jpg,0.36432448,0.013180762,0.00073500694,0.015007127,0.017305853,0.0076354034,0.009828715,0.00055203727,0.009185787,0.00679514,0.005164712,0.025297452,0.21472158,0.0027980544,0.25567675,0.040958203,0.0039810264,0.0068520308
Stonehenge/91.jpg,0.14983203,0.26768997,0.0020519171,0.010654974,0.023316965,0.0040361458,0.007103864,0.0012981119,0.007906604,0.010882384,0.002213894,0.02643225,0.030139953,0.000924894,0.43254143,0.01956578,0.002027647,0.0013811899
Stonehenge/92.jpg,0.19063206,0.014457559,0.01057183,0.0375842,0.06389713,0.028791323,0.02040861,0.019267863,0.020612828,0.011097095,0.089223735,0.17169541,0.06906027,0.025157565,0.15108617,0.010005318,0.010973674,0.055477403
Stonehenge/93.jpg,0.16653654,0.009524142,0.0004507041,0.0063229757,0.015820976,0.0016658576,0.004916999,0.00014748797,0.0040544244,0.0035350185,0.008117066,0.043714114,0.10225563,0.0025137656,0.62247103,0.0024322,0.00086146494,0.004659654
Stonehenge/98.jpg,0.02870348,0.05454435,0.050034717,0.086663984,0.18885015,0.004016647,0.023156194,0.015044017,0.024371408,0.13078749,0.12649682,0.039683532,0.012829584,0.03861043,0.13801259,0.008211472,0.022410939,0.007572088
Stonehenge/99.jpg,0.07924437,0.057054237,0.020243587,0.06778193,0.07906547,0.03162104,0.043335218,0.020041715,0.06056585,0.050618246,0.048688047,0.063617244,0.06065564,0.027191916,0.13406241,0.06791038,0.03995907,0.04834363
Taj Mahal - India/1.taj-mahal-1400x500.jpg,0.13016152,0.024469398,0.01911862,0.025862753,0.34264863,0.016979877,0.008802832,0.010285249,0.04321911,0.018851256,0.0016224597,0.007082383,0.0070992312,0.0018188187,0.02251792,0.28822884,0.0042315046,0.02699952
Taj Mahal - India/10.jpg,0.057814635,0.07407771,0.04609531,0.055514295,0.109027125,0.06821084,0.061276548,0.05474671,0.04671854,0.03885246,0.059884008,0.07321235,0.02359828,0.052877788,0.034799393,0.05529233,0.049885947,0.038115665
Taj Mahal - India/101.jpg,0.114714265,0.04633849,0.038083196,0.038673673,0.04354017,0.06459278,0.054717463,0.05255555,0.04925068,0.0805401,0.034823336,0.064368814,0.04073306,0.048276696,0.026591843,0.08356416,0.06554375,0.05309191
Taj Mahal - India/103.jpg,0.061033703,0.054168858,0.03807098,0.039438363,0.050913442,0.084533475,0.048644528,0.0692742,0.048149712,0.039389063,0.056827184,0.083164655,0.05449012,0.05121983,0.051242635,0.039142862,0.04944216,0.08085429
Taj Mahal - India/104.jpg,0.2238227,0.15735203,0.066005155,0.029878885,0.056142066,0.032531958,0.018264184,0.009910755,0.04605278,0.06919467,0.0065628365,0.044482388,0.035268616,0.01028018,0.055434808,0.10595635,0.015072757,0.017786972
Taj Mahal - India/11.SH_Taj_Banner.jpg,0.049058758,0.10121065,0.023700858,0.0048908344,0.015425441,0.07360798,0.05075096,0.023669112,0.027178647,0.054289114,0.0074627725,0.027227763,0.2677956,0.070872724,0.03805833,0.047293153,0.08652113,0.030986194
Taj Mahal - India/111.jpg,0.039365266,0.17952983,0.10867053,0.030938553,0.32887593,0.008396245,0.015108482,0.04831414,0.008840549,0.055419464,0.0091441,0.051865567,0.00462471,0.013998082,0.032756932,0.038944528,0.01356786,0.011639255
Taj Mahal - India/116.jpg,0.10446717,0.019455567,0.018985026,0.026406173,0.3456188,0.023279464,0.030349134,0.012092537,0.026828691,0.015437543,0.010864857,0.023643987,0.021583468,0.007197738,0.08235579,0.17237222,0.007798285,0.05126363
Taj Mahal - India/119.jpg,0.26920393,0.012255911,0.11765685,0.025458308,0.22964083,0.031887192,0.010076396,0.0045493,0.06572585,0.04391224,0.017269393,0.0140048675,0.011189846,0.007376149,0.0129185235,0.103958584,0.009902519,0.01301332
Taj Mahal - India/12.jpg,0.067897916,0.017397564,0.004684664,0.023173783,0.40777156,0.016092092,0.019138971,0.0035361578,0.012747315,0.0044696853,0.0041069626,0.009010063,0.009100499,0.0019751932,0.21753766,0.15039831,0.0017163728,0.029245235
Taj Mahal - India/12.taj-mahal.jpg,0.10221134,0.02844876,0.02856935,0.019717608,0.4070503,0.026429018,0.017949818,0.019634532,0.022303326,0.01648567,0.0072553763,0.01529455,0.014916472,0.005324988,0.04873008,0.18475783,0.006780084,0.028140884
Taj Mahal - India/120.jpg,0.03560396,0.018185688,0.021235105,0.101957686,0.11100996,0.055518076,0.038257357,0.038701728,0.08216959,0.045429282,0.16880502,0.034139104,0.018763788,0.01780907,0.06532127,0.046303812,0.059369303,0.041420117
Taj Mahal - India/121.jpg,0.41218674,0.004044077,0.014771215,0.0022725284,0.18380494,0.011191033,0.0025158445,0.008607777,0.065117404,0.016272021,0.003565575,0.008344946,0.012313828,0.001192372,0.007632414,0.23344107,0.0009850062,0.011741018
Taj Mahal - India/128.jpg,0.06323256,0.03998618,0.011973356,0.06821429,0.09619108,0.03292929,0.035596248,0.053282198,0.08742626,0.14744027,0.013471779,0.019442612,0.022514004,0.010631999,0.0296022,0.10252233,0.020122446,0.1454209
Taj Mahal - India/13.jpg,0.06031888,0.07036228,0.053534895,0.06417828,0.06556,0.069611445,0.05256991,0.03536374,0.044585664,0.047679298,0.073014855,0.0590192,0.038459357,0.043371573,0.056853786,0.0595289,0.058160964,0.04782699
Taj Mahal - India/13.taj-160006500_6.jpg,0.15161988,0.04262648,0.028101765,0.03924318,0.13590729,0.041115128,0.039148398,0.03362147,0.043239437,0.023934806,0.023745844,0.040599987,0.042519208,0.01960153,0.0915542,0.13868201,0.018562095,0.046177354
Taj Mahal - India/138.jpg,0.043814313,0.063758805,0.016457492,0.024264488,0.031464785,0.049455058,0.06795317,0.06435632,0.07031102,0.1570028,0.0017507782,0.0040059495,0.036369145,0.004199111,0.02616076,0.17782372,0.04866365,0.112188645
Taj Mahal - India/14.Taj-Mahal.jpg,0.066476434,0.040730506,0.019165311,0.04668306,0.049197298,0.11816404,0.040615335,0.07411608,0.07594159,0.10625956,0.095580846,0.030642217,0.023241876,0.03096058,0.02170387,0.07322788,0.0465821,0.040711377
Taj Mahal - India/141.jpg,0.015456488,0.09628901,0.05551287,0.031969804,0.06670849,0.04728981,0.038414758,0.049128264,0.11835757,0.1156071,0.0010921696,0.002727518,0.013187995,0.0016007139,0.018119322,0.23336053,0.039069146,0.056108486
Taj Mahal - India/142.jpg,0.03377032,0.04126021,0.031139567,0.040899362,0.073477976,0.019832075,0.009807302,0.013900797,0.2080809,0.16936196,0.0010389084,0.0025878747,0.009882762,0.0007852293,0.018774195,0.2673284,0.018344507,0.03972758
Taj Mahal - India/146.jpg,0.062146455,0.022239346,0.048653096,0.041058462,0.11091912,0.063135706,0.02129102,0.024173047,0.26497242,0.04223217,0.04564132,0.03324887,0.018783603,0.006574471,0.022655895,0.093351,0.010070272,0.06885366
Taj Mahal - India/15.shutterstockRF_547110784-1280x525.jpg,0.020561429,0.0056026294,0.007397954,0.0034928238,0.8451832,0.0018660886,0.0013311364,0.01184698,0.004278919,0.0032970225,0.0008307949,0.0025648787,0.0013920376,0.00050473434,0.017660806,0.06499455,0.00060831197,0.0065855356
Taj Mahal - India/150.jpg,0.26686013,0.008143626,0.010265129,0.005526478,0.17849126,0.010902617,0.0072566993,0.06125631,0.03701648,0.037355106,0.009277343,0.017839022,0.016293103,0.0018228615,0.012367543,0.30431497,0.0037361584,0.01127502
Taj Mahal - India/151.jpg,0.22139825,0.048099004,0.017635569,0.022405501,0.04144893,0.031388927,0.040999934,0.0102350395,0.05689984,0.06327477,0.028846186,0.06881109,0.04776973,0.019278575,0.063371524,0.1744775,0.019786358,0.023873253
Taj Mahal - India/152.jpg,0.13877852,0.05264639,0.007908188,0.013237138,0.39806986,0.00834431,0.0083455,0.008845752,0.022186976,0.012687947,0.0018649028,0.0101866545,0.009462464,0.0011704805,0.12171568,0.17419453,0.002465291,0.00788945
Taj Mahal - India/155.jpg,0.112541325,0.051765166,0.023907995,0.06452053,0.08779229,0.045231674,0.053815838,0.03827595,0.042252783,0.07794066,0.023614641,0.045471847,0.039632034,0.025665196,0.032858454,0.12380521,0.04917556,0.06173287
Taj Mahal - India/158.jpg,0.09224313,0.058410965,0.15458481,0.025760531,0.052744478,0.03157098,0.048600357,0.059527546,0.02765272,0.12253807,0.021290727,0.043477528,0.035139702,0.050873592,0.0173561,0.057280794,0.062034212,0.038913738
Taj Mahal - India/16.Taj_Mahal_PTI_oow.jpg,0.18178529,0.039619304,0.0068384456,0.030524831,0.020331927,0.029516444,0.096253976,0.003425759,0.011808587,0.02141009,0.0063315406,0.01343481,0.23844928,0.008675894,0.14037488,0.093782336,0.046372846,0.011063811
Taj Mahal - India/161.jpg,0.055691186,0.046249837,0.009374514,0.03516142,0.34506306,0.04364777,0.06268625,0.020052776,0.020482497,0.014649307,0.02880258,0.08560513,0.010679941,0.025742302,0.082798064,0.05475344,0.010399392,0.048160594
Taj Mahal - India/168.jpg,0.53604347,0.0007586865,0.0005422178,0.00012188958,0.13417865,0.0004663426,7.859913e-05,0.0025548118,0.020581398,0.012097391,0.00034288887,0.003778229,0.001180397,1.1783006e-05,0.0015252561,0.2854508,3.0028617e-05,0.00025713976
Taj Mahal - India/17.taj-mahal-1024327_960_720.jpg,0.11521525,0.008173627,0.0016426181,0.015961718,0.35111699,0.0227988,0.039459508,0.02022058,0.021728616,0.011886007,0.00706677,0.051959913,0.0045749545,0.0052472996,0.055787276,0.1800752,0.0026008997,0.084484
Taj Mahal - India/18.taj_story_650_012815022620.jpg,0.16277686,0.05792441,0.0056067295,0.015273431,0.14115767,0.026279844,0.012805911,0.016296938,0.04709702,0.04027574,0.0064359135,0.020625673,0.029726947,0.0033397502,0.110259496,0.28447676,0.0058406587,0.013800239
Taj Mahal - India/182.jpg,0.151098,0.041737556,0.029854769,0.053288296,0.16834743,0.034660663,0.0263065,0.012129734,0.085621506,0.07164588,0.027963804,0.04737709,0.026761618,0.0172944,0.053684805,0.103345156,0.012842168,0.036040716
Taj Mahal - India/186.png,0.18491119,0.031655803,0.022402538,0.0045271195,0.02486011,0.027820738,0.027160875,0.006483633,0.045017008,0.26897222,0.019653043,0.031101502,0.08446349,0.03799967,0.053968973,0.06831056,0.03815238,0.022539116
Taj Mahal - India/19.6777Taj_20Mahal_20Agra_20-_20India_20Incredible-916x269.jpg,0.32344642,0.018561805,0.007364141,0.034018755,0.04107534,0.04936814,0.060692396,0.017040202,0.01771351,0.04348541,0.012745748,0.04205353,0.058785837,0.018512946,0.032866914,0.13781494,0.03268349,0.05177044
Taj Mahal - India/19.jpg,0.043940876,0.02727989,0.03425589,0.026085187,0.12649706,0.030787062,0.056605615,0.059548866,0.07808432,0.12177515,0.013423823,0.022993935,0.030918306,0.018668765,0.047815517,0.07621965,0.024717836,0.16038226
Taj Mahal - India/191.jpg,0.036526904,0.06530252,0.04938289,0.06699302,0.26911128,0.013607574,0.022148114,0.04211879,0.062668286,0.049489696,0.004872836,0.009948915,0.009966492,0.0033403384,0.041877303,0.18184261,0.019945849,0.05085652
Taj Mahal - India/192.jpg,0.065735765,0.030608293,0.020453142,0.07089011,0.18309844,0.06305854,0.062965095,0.06053108,0.023640774,0.028207267,0.03635145,0.05926581,0.01603437,0.02700897,0.043052215,0.07280006,0.01361632,0.12268232
Taj Mahal - India/195.jpg,0.058064666,0.0146159185,0.007975482,0.05814389,0.017668163,0.088686615,0.11072017,0.014729572,0.053565048,0.08418142,0.021208657,0.010425504,0.07308717,0.010000982,0.032284882,0.16021208,0.14713793,0.037291784
Taj Mahal - India/2.600px-Taj_Mahal-10__28cropped_29.jpg,0.27993208,0.011363832,0.0073719537,0.013512024,0.38532844,0.01819685,0.008938457,0.0057325927,0.017075669,0.011304797,0.0051853736,0.02289644,0.0069134287,0.005443571,0.022945076,0.15113498,0.0014096226,0.025314776
Taj Mahal - India/2.jpg,0.103299566,0.085636504,0.020192873,0.020307213,0.17269862,0.026733398,0.020669362,0.052104663,0.057096343,0.070897,0.010523545,0.032424048,0.04857694,0.010912327,0.10015343,0.13047095,0.0215834,0.015719755
Taj Mahal - India/20.Taj-Mahal-Tour-Agra.jpg,0.050999004,0.0753121,0.047099203,0.04320189,0.02420476,0.030423732,0.08796362,0.019676607,0.03067753,0.10368937,0.003650241,0.0067795403,0.10103651,0.007438354,0.05516614,0.12166573,0.16945122,0.02156451
Taj Mahal - India/20.jpg,0.085044086,0.016566917,0.083822034,0.042259283,0.3216915,0.03947059,0.017011484,0.007489857,0.092050545,0.022996515,0.024366815,0.023324557,0.015880276,0.005684919,0.033693276,0.1264896,0.008697516,0.033460274
Taj Mahal - India/22.asia-india-agra.jpg,0.09193511,0.010047598,0.003031543,0.017491553,0.17089327,0.018596265,0.038461853,0.030995091,0.015060297,0.02310781,0.0043227207,0.025696171,0.006935566,0.0019398934,0.080556944,0.10820749,0.002445993,0.3502748
Taj Mahal - India/23.Our-Travel-Diaries-Taj-Mahal-India.jpg,0.03995121,0.088332064,0.07377751,0.03135936,0.06624922,0.07283844,0.088913225,0.04877727,0.06755611,0.039530665,0.032528564,0.06437895,0.030465066,0.053360652,0.037521757,0.06331165,0.054220792,0.046927486
Taj Mahal - India/24.delhi-jaipur-taj-mahal-tour.jpg,0.033247642,0.07081188,0.06736322,0.035404626,0.11144504,0.033976365,0.048292313,0.09357131,0.044461213,0.12056549,0.0028498468,0.0039473977,0.015955882,0.0061487295,0.027037047,0.14245865,0.039602987,0.10286033
Taj Mahal - India/24.jpg,0.061545897,0.024601348,0.047468796,0.017311934,0.425411,0.019236967,0.012975515,0.036596082,0.02198808,0.019057859,0.0048917923,0.010099806,0.012377626,0.004351829,0.03461459,0.20586176,0.009584753,0.03202439
Taj Mahal - India/25.Tajmahal.jpg,0.06156816,0.044955965,0.03961386,0.023361031,0.34762618,0.01261563,0.0075133564,0.024535269,0.030378183,0.012966847,0.0021192888,0.011441959,0.011231723,0.0012294934,0.034454014,0.3118633,0.010220819,0.012305037
Taj Mahal - India/26.jpg,0.32092163,0.0149591705,0.02026196,0.00807301,0.24711366,0.022332398,0.013144747,0.011618074,0.042555742,0.021182239,0.0061133066,0.016508892,0.015308594,0.008404374,0.027699554,0.17474866,0.0040559047,0.024997978
Taj Mahal - India/27.maxresdefault.jpg,0.12989171,0.035027724,0.025418103,0.04061381,0.04763064,0.0710914,0.07791988,0.048463512,0.03331042,0.063222855,0.046642072,0.072636396,0.039723083,0.06281205,0.027500322,0.062285192,0.0591978,0.0566131
Taj Mahal - India/28.jpg,0.09838962,0.00440824,0.0012362944,0.01744934,0.3155974,0.027323266,0.072242916,0.038218625,0.006946956,0.007816116,0.006685825,0.02014141,0.005244884,0.0034264696,0.0794418,0.1799716,0.0017061057,0.11375314
Taj Mahal - India/28.taj-mahal-instagram-captions-090818.jpg,0.02038768,0.0012991667,0.0008353604,0.00046399728,0.86714554,0.00044383027,0.0002062626,0.004910498,0.0013447285,0.0015408996,0.00036801823,0.002182528,0.00052390556,3.558079e-05,0.007943598,0.08970699,7.242059e-05,0.0005891204
Taj Mahal - India/29.Agra_Taj_Mahal.jpg,0.011667087,0.004568576,0.0067374236,0.080630966,0.056475323,0.12588453,0.030115973,0.017432697,0.25568104,0.029487949,0.22090091,0.014450023,0.017196588,0.010279987,0.023369305,0.027651407,0.04490983,0.022560328
Taj Mahal - India/29.jpg,0.0210328,0.01565082,0.0123156365,0.042040687,0.13603663,0.03758703,0.035589233,0.018698603,0.15567924,0.060544204,0.0049561705,0.0032602674,0.010356741,0.0014217268,0.02573567,0.27215314,0.014445403,0.13249587
Taj Mahal - India/3.jpg,0.120501466,0.029267559,0.028561484,0.016943203,0.081954814,0.051757228,0.024122503,0.044662345,0.062932946,0.06580644,0.021215582,0.026337115,0.06932267,0.023754863,0.047568068,0.22211233,0.026110237,0.037069242
Taj Mahal - India/3.taj_mahal_03_big.jpg,0.1652961,0.0148590235,0.01774175,0.016450718,0.08062129,0.044722237,0.028271439,0.100658156,0.04228012,0.031254865,0.03386208,0.03456934,0.09749876,0.023013081,0.022368373,0.16829894,0.047394563,0.030839168
Taj Mahal - India/30.TajmahalPhotographyTours-2.jpg,0.026231598,0.005450168,0.00078838074,0.0023530372,0.6743864,0.0019769447,0.0036428014,0.005016668,0.0031194536,0.0017677408,0.0010691325,0.00415192,0.001927832,0.00039046552,0.109797046,0.15328075,0.00052570645,0.0041240174
Taj Mahal - India/30.jpg,0.07924437,0.057054237,0.020243587,0.06778193,0.07906547,0.03162104,0.043335218,0.020041715,0.06056585,0.050618246,0.048688047,0.063617244,0.06065564,0.027191916,0.13406241,0.06791038,0.03995907,0.04834363
Taj Mahal - India/31.7-Best-Drone-Videos-Of-India.jpg,0.0961806,0.020020066,0.02826365,0.038871393,0.039953332,0.043867327,0.046918657,0.06305231,0.04771424,0.16215806,0.044030942,0.027835993,0.054179955,0.035545852,0.029249093,0.07921639,0.0815583,0.061383873
Taj Mahal - India/32.India4070-Shortlisted-To-Be-A-Swachh-Iconic-Place-Here-How-Taj-Mahal-Fares-So-Far_istock.jpg,0.098475374,0.010357051,0.0043747034,0.023872118,0.34382924,0.021951905,0.01848834,0.01635016,0.025087707,0.014040706,0.014203727,0.064144775,0.010047731,0.0030428453,0.09876823,0.16659315,0.0018711096,0.06450115
Taj Mahal - India/33.tzoo.10110.0.866230.Taj-Mahal-India-iStock-1085853264.jpg,0.12252518,0.05078348,0.040759116,0.031524528,0.04096944,0.050121333,0.061677475,0.034397144,0.051588118,0.07935656,0.03170903,0.06298031,0.04778343,0.05335091,0.034250814,0.108126454,0.053739496,0.044357125
Taj Mahal - India/34.Taj-Mahal--India-Tours--On-The-Go-Tours-236721404392766_crop_683_341.jpg,0.11799966,0.06825375,0.1784113,0.019928575,0.11421006,0.024991417,0.013133476,0.018556457,0.03035293,0.1166826,0.008067637,0.019869437,0.022211686,0.011026779,0.022780288,0.16891454,0.033972833,0.010636601
Taj Mahal - India/34.jpg,0.08878457,0.08182655,0.005669898,0.04685892,0.10350531,0.02832902,0.037146043,0.014592989,0.086874664,0.07043938,0.020392178,0.020936156,0.026857385,0.008528764,0.2233633,0.08999466,0.008859694,0.037040424
Taj Mahal - India/35.large_7_3eFpejpShPeLoo5aKA7_KDLVwlIStBd8Y8ZSwm_Yo.jpg,0.060245633,0.01742008,0.05484835,0.028418764,0.04497942,0.029482607,0.038230862,0.027597195,0.07834636,0.31167454,0.031996176,0.012378016,0.023393024,0.020494612,0.024144018,0.09414707,0.06536771,0.036835574
Taj Mahal - India/36.Taj_20Mahal.jpg,0.024703516,0.0061849733,0.008142518,0.0035436403,0.73457205,0.004735472,0.0030252805,0.028507255,0.0051901448,0.0047751376,0.0017137827,0.006695687,0.0051589957,0.0014811208,0.030475734,0.119405486,0.0016711799,0.010018033
Taj Mahal - India/37.Agra-Luxury-Travel-Taj-Mahal-Private-Tour-India-Luxury-Travel1.jpg,0.046765026,0.05806229,0.0122319115,0.028802782,0.35254875,0.009107056,0.0038207755,0.02897005,0.09186069,0.122420155,0.02038332,0.032008924,0.017606404,0.003187869,0.067556806,0.08950563,0.00494759,0.010214058
Taj Mahal - India/38.India-Greatest-Monument-feature-img-850x400.jpg,0.14567424,0.029952476,0.008334363,0.017497899,0.36454627,0.018528389,0.011133892,0.017344212,0.052438,0.02869644,0.0062128645,0.016928207,0.010211456,0.0041312245,0.05371473,0.181442,0.003231321,0.029982163
Taj Mahal - India/39.tajmahal2.jpg,0.08396931,0.023696974,0.0182761,0.06939281,0.034023166,0.08479166,0.050876014,0.05409246,0.045494746,0.059920177,0.067256145,0.04867624,0.079080515,0.043397725,0.03701853,0.050823797,0.10266415,0.046549503
Taj Mahal - India/4.asia-taj-mahal-and-the-treasures-of-india-mh.jpg,0.0460341,0.053915683,0.020108772,0.06415452,0.09037993,0.07503304,0.051567946,0.034013078,0.08518881,0.07503903,0.0106298635,0.012388998,0.032305915,0.0072459173,0.059695374,0.15878356,0.025885059,0.097630344
Taj Mahal - India/4.jpeg,0.32693496,0.012273795,0.018266222,0.0060557798,0.284861,0.009800017,0.007752614,0.016307956,0.10061108,0.01450191,0.004058614,0.020140441,0.012364068,0.0031102493,0.020577177,0.1238507,0.0029989593,0.015534386
Taj Mahal - India/40.IMG_4162-2.jpg,0.046984926,0.08456624,0.0626635,0.041777886,0.08465583,0.06808052,0.08173851,0.054491654,0.05867567,0.050585493,0.036023498,0.06961873,0.023316674,0.055659745,0.02547261,0.06069403,0.049148764,0.045845803
Taj Mahal - India/42.114787621-crown-of-the-palaces-taj-mahal-in-agra-uttar-pradesh-india.jpg,0.08520716,0.03291563,0.013866059,0.039270476,0.035341922,0.13350102,0.029958464,0.047805566,0.08456856,0.12135603,0.0857247,0.033874005,0.02574119,0.029283937,0.016884021,0.10374272,0.046419516,0.03453903
Taj Mahal - India/43.32874863600_c8c2942728_b.jpg,0.11698059,0.028461067,0.018019745,0.055934653,0.03074474,0.063720666,0.075671874,0.0420965,0.02788196,0.08670335,0.03035671,0.035925508,0.080821626,0.03669647,0.030697674,0.080505185,0.10459114,0.054190613
Taj Mahal - India/44.il_794xN.1834989904_4h6e.jpg,0.21027577,0.053936847,0.0059349136,0.024685754,0.123108864,0.019823587,0.0090759145,0.0034993577,0.07018413,0.027998812,0.0043747937,0.01642822,0.018842012,0.0012601856,0.120691076,0.27500665,0.0031720158,0.011701106
Taj Mahal - India/44.jpg,0.09584707,0.043371294,0.034972113,0.041811705,0.04712371,0.07236168,0.06410305,0.03340892,0.0559331,0.08804041,0.036065336,0.050062865,0.039543416,0.048779603,0.021259554,0.110349506,0.07301938,0.043947328
Taj Mahal - India/45.india-food-tour-private.jpg,0.20355816,0.005647842,0.0011993778,0.020957338,0.16220574,0.03737897,0.11013959,0.0390274,0.0072923787,0.012049796,0.006164197,0.026613893,0.0064595547,0.007966009,0.022544092,0.2066204,0.0048153424,0.119359925
Taj Mahal - India/45.jpeg,0.15128511,0.06096522,0.011480217,0.012020432,0.10983573,0.035572845,0.01501721,0.027582215,0.061060496,0.061323736,0.0037452069,0.010445509,0.041666552,0.005106055,0.07360187,0.28749558,0.012022507,0.019773504
Taj Mahal - India/47.jpg,0.14523335,0.0068129897,0.017837256,0.0746821,0.06881762,0.14839396,0.03425215,0.01469164,0.08598241,0.021923257,0.12448979,0.03832238,0.04252937,0.013112425,0.031404614,0.07129565,0.02731581,0.032903273
Taj Mahal - India/47.large_a6AQG9Mr5-1mzZ3Q4_hOyNf4AcbuvvoBYoA4pRvxZAQ.jpg,0.11640997,0.004838694,0.003624346,0.0024812142,0.36857513,0.0081299385,0.0017968356,0.01905548,0.016558649,0.012909621,0.00235372,0.011037115,0.005464654,0.00049256306,0.017282726,0.39950326,0.0008337411,0.008652367
Taj Mahal - India/48.jpg,0.122829884,0.06005667,0.03477251,0.045897897,0.042221546,0.05725719,0.051217593,0.026148438,0.053452913,0.0841626,0.0504675,0.055369835,0.0409999,0.044267505,0.043298528,0.10643429,0.049884703,0.03126052
Taj Mahal - India/48.tajmahal.jpg,0.060616124,0.0878163,0.030275898,0.053242926,0.067594774,0.07928152,0.07237236,0.03473251,0.047717758,0.052599836,0.063127525,0.076370865,0.0299932,0.064663395,0.039479066,0.05218928,0.04227668,0.045650125
Taj Mahal - India/5.shutterstock_322549166-taj-mahal-1.jpg,0.13547854,0.017331945,0.008549126,0.00870694,0.5450052,0.0076111755,0.004089547,0.014766096,0.04116018,0.01645923,0.0044196555,0.01602444,0.0072014104,0.0016699454,0.03291176,0.123274736,0.0012479189,0.014092186
Taj Mahal - India/50.taj_mahal-wikimedia-commons.jpg,0.046449002,0.09166668,0.024197668,0.040576532,0.075425245,0.11138102,0.061192587,0.04845442,0.0520899,0.04702394,0.071633376,0.07098002,0.02782638,0.06795772,0.028544907,0.044023752,0.044991273,0.045585617
Taj Mahal - India/51.f1-638x300.jpg,0.14241384,0.012210856,0.0025760548,0.003863935,0.23700821,0.006909177,0.0016425004,0.042256035,0.054793656,0.11455101,0.007957786,0.040519834,0.007390892,0.00040222477,0.01591348,0.30294147,0.0010405681,0.005608366
Taj Mahal - India/52.Agra-Taj-Mahal.jpg,0.017767465,0.01557643,0.012208626,0.03870604,0.27288684,0.028536558,0.053062845,0.023848712,0.07561141,0.054592125,0.0054493165,0.005149479,0.013577049,0.0027502803,0.06484848,0.13760804,0.012912962,0.16490741
Taj Mahal - India/53.131135647786250000.jpg,0.2490906,0.026680153,0.0015189672,0.011832138,0.2918188,0.004357315,0.007045789,0.0020207951,0.030215647,0.0072395317,0.0039608213,0.01758254,0.008124974,0.00071571773,0.25102115,0.08041299,0.0005743398,0.0057875966
Taj Mahal - India/54.Taj-Mahal.jpg,0.05032625,0.049692806,0.03193406,0.05574909,0.21042112,0.027910205,0.027048398,0.07547976,0.037397534,0.04737521,0.04228669,0.041146617,0.027892012,0.018343193,0.0842341,0.106527805,0.022862298,0.043372836
Taj Mahal - India/54.jpeg,0.026588105,0.0057766396,0.002890566,0.0015195445,0.85718423,0.0005784023,0.00067417225,0.011234577,0.004911455,0.0022084145,0.00052337686,0.004313713,0.0018378933,0.0002646926,0.03187426,0.04578842,0.00046154228,0.0013701166
Taj Mahal - India/55.taj-mahal.jpg,0.02412634,0.0216342,0.028259944,0.05068316,0.20765841,0.04255522,0.04328838,0.10601379,0.05028718,0.05316384,0.023070795,0.010079666,0.011566438,0.008789111,0.052880727,0.084692,0.025775827,0.155475
Taj Mahal - India/56.IMG_8142-1024x231.jpg,0.24640664,0.034404833,0.023021867,0.030322542,0.047584217,0.027179537,0.025577264,0.010356151,0.028704753,0.018651376,0.051700972,0.13532677,0.08099222,0.026048198,0.11932814,0.035957333,0.01622897,0.042208172
Taj Mahal - India/56.png,0.104467034,0.043119036,0.04145731,0.07703128,0.08242319,0.049425717,0.055391777,0.02541795,0.08884499,0.027000971,0.049546048,0.07231454,0.040027123,0.015600819,0.056214582,0.08167409,0.03975444,0.050289143
Taj Mahal - India/57.jpg,0.16741484,0.021146335,0.038130634,0.015608806,0.562288,0.004107259,0.002430056,0.0026374802,0.021355776,0.015998133,0.0042312457,0.014202468,0.0039319103,0.001340534,0.027370377,0.09217123,0.0019193053,0.0037156406
Taj Mahal - India/57.taj-mahal-seen-from-across-the-yamuna-river-in-agra-uttar-pradesh-BR650F.jpg,0.19579381,0.008945592,0.00442231,0.09376105,0.026921503,0.06894123,0.034345247,0.030649131,0.03546343,0.03670019,0.039988033,0.06740586,0.11760111,0.026103724,0.027687788,0.0431564,0.104807906,0.03730568
Taj Mahal - India/59.97282741-panorama-of-taj-mahal-at-sunny-day-in-agra-india-.jpg,0.024169104,0.023694433,0.024637215,0.041660517,0.06637955,0.033132337,0.048902024,0.065663345,0.1203894,0.17302547,0.007759844,0.0064313593,0.015290947,0.004705254,0.016343927,0.09035065,0.029112535,0.20835206
Taj Mahal - India/6.14509625909_9946c89f4d_b.jpg,0.15277383,0.036525674,0.027706841,0.010275249,0.14019257,0.031773005,0.013981152,0.038214743,0.045665503,0.07194102,0.004178307,0.009623616,0.032545343,0.00905303,0.04145032,0.29258022,0.016892262,0.024627374
Taj Mahal - India/60.taj-mahal-india-hindi-1024x448.jpg,0.05856152,0.07034864,0.053268064,0.061095003,0.08198889,0.057504833,0.06990718,0.043286797,0.03709372,0.049859796,0.06418056,0.062618144,0.032548867,0.058054823,0.044221874,0.056087453,0.051645413,0.047728445
Taj Mahal - India/61.img_3894.jpg,0.0049781655,0.0040947907,0.00839997,0.017675634,0.80354214,0.004527435,0.006338411,0.0114333,0.027115837,0.00607868,0.0045527276,0.003101768,0.0016819737,0.0006478473,0.02308836,0.04654749,0.0017833185,0.024412202
Taj Mahal - India/62.important-information-for-travellers-visiting-taj-mahal-india.jpg,0.08099109,0.029270366,0.01794258,0.06380265,0.13269182,0.03769664,0.056076318,0.05589169,0.04248949,0.08569063,0.03226557,0.026801316,0.027194243,0.018980972,0.052086446,0.089562535,0.03670241,0.113863215
Taj Mahal - India/62.jpg,0.34689614,0.029895226,0.012251666,0.015066846,0.034536142,0.02626728,0.025572589,0.006449198,0.054021847,0.046794385,0.025723679,0.054558095,0.05051153,0.013077853,0.056544244,0.17126797,0.016846837,0.013718445
Taj Mahal - India/64.taj-mahal.jpg,0.21889067,0.029492987,0.022600766,0.049298182,0.06455066,0.032983612,0.029277792,0.0119844135,0.03396745,0.01569278,0.056551896,0.1201353,0.06459229,0.01939906,0.10613099,0.051834565,0.021113118,0.051503558
Taj Mahal - India/65.Agra-Luxury-Travel-Taj-Mahal-Private-Tour-India-Luxury-Travel4.jpg,0.010179355,0.0037440464,0.0021424498,0.004951837,0.81375057,0.0035557533,0.0038944958,0.024712086,0.0041993246,0.0017142034,0.0017579232,0.0069198804,0.002334144,0.0010708327,0.062983274,0.0387824,0.0011754086,0.012131943
Taj Mahal - India/66.jpg,0.08403405,0.030046776,0.090688616,0.047111988,0.21864174,0.012527706,0.009113848,0.008910714,0.23970942,0.048058566,0.010504637,0.011910177,0.015650842,0.0021179512,0.040369075,0.094936155,0.008659151,0.027008567
Taj Mahal - India/66.stock-photo-architecture-taj-mahal-india-agra-92be4e13-7390-4d95-87d5-6851f34dfab2.jpg,0.16196503,0.060887475,0.014437754,0.019386116,0.06213804,0.038261946,0.052433237,0.007885276,0.06761022,0.05192291,0.035310112,0.083896115,0.041178796,0.018824436,0.100332186,0.13813883,0.016116941,0.02927464
Taj Mahal - India/68.image9.jpg,0.4262913,0.036780298,0.016097033,0.016881153,0.073952034,0.017586235,0.020738192,0.005332586,0.023084143,0.015195028,0.01729387,0.084973544,0.03780471,0.00788695,0.10028678,0.062006544,0.0040724585,0.033737164
Taj Mahal - India/68.jpg,0.019863103,0.036534272,0.14585915,0.04835656,0.10650799,0.06875787,0.044513725,0.06756597,0.09072155,0.08175094,0.04193048,0.018848592,0.017635776,0.010543163,0.020019272,0.078019135,0.059245855,0.043326538
Taj Mahal - India/69.panorama-view-taj-mahal-sunrise-light-with-reflection-agra-india_44576-148.jpg,0.03873243,0.037187915,0.026897378,0.03519607,0.044139713,0.10067621,0.057836086,0.06364462,0.046417415,0.03696163,0.055342387,0.058216628,0.09965367,0.06278659,0.031910516,0.04338334,0.088174514,0.07284291
Taj Mahal - India/7.img-5415117f9a1dc-posts-8811.jpg,0.33288515,0.0054625412,0.0015367208,0.000572209,0.08522192,0.0029337208,0.0005146943,0.0077148466,0.037947346,0.03995341,0.0011274737,0.009715845,0.0070629385,0.000102780825,0.0060489103,0.45965338,0.0005088187,0.0010372301
Taj Mahal - India/7.jpg,0.09457151,0.055684302,0.031996965,0.026518395,0.39088345,0.0139767965,0.021019645,0.030881919,0.019129623,0.017901082,0.0051329136,0.022230761,0.014201354,0.004703715,0.080047,0.14118642,0.009021642,0.020912478
Taj Mahal - India/70.flickr-betta_design-taj-mahal_1024x768.jpg,0.052916355,0.05707288,0.047511306,0.06518299,0.08639208,0.08422592,0.041246485,0.05991357,0.06567008,0.046566237,0.06491516,0.037629116,0.026562996,0.024191346,0.048971035,0.07684057,0.05401377,0.060178276
Taj Mahal - India/70.jpg,0.28238532,0.017690785,0.028446134,0.030945843,0.248783,0.05469196,0.031707402,0.010859055,0.010100053,0.031357113,0.0224466,0.05678806,0.012798152,0.033198096,0.025197657,0.065619215,0.0063879513,0.030597668
Taj Mahal - India/71.Agra_TAJ-MAHAL_Banner.jpg,0.075892575,0.058918282,0.028937176,0.043815713,0.06890563,0.08617437,0.052064337,0.0407435,0.07397267,0.05042408,0.05920521,0.072774954,0.032171503,0.043952137,0.041868385,0.07728611,0.049256176,0.043637175
Taj Mahal - India/71.jpg,0.041274697,0.022612285,0.03298711,0.057975594,0.037301123,0.10495532,0.053601615,0.04635526,0.148577,0.06635602,0.035118215,0.021848982,0.054620754,0.015945498,0.025288636,0.09225738,0.08247805,0.060446505
Taj Mahal - India/72.ghqomxmyhb-1464014423.jpg,0.11747473,0.04680708,0.025179073,0.027600713,0.041474983,0.046162527,0.069386184,0.0154774245,0.100014545,0.077948585,0.03315804,0.046673693,0.035295837,0.019049177,0.046536926,0.18987627,0.032419037,0.029465236
Taj Mahal - India/74.tzoo.41031.0.408691.Taj.jpg,0.057789836,0.007312006,0.009091823,0.02516537,0.26095605,0.025119206,0.045734745,0.020104302,0.03381432,0.028217085,0.0068184454,0.012475854,0.0143476315,0.0033248232,0.054226212,0.21859688,0.012593747,0.16431168
Taj Mahal - India/75.Taj_Mahal-0301_field_image_listing_featured.var_1514978552.jpg,0.015802633,0.17360479,0.04785842,0.03336129,0.07563337,0.074187316,0.043721244,0.077993326,0.15098673,0.06502336,0.0106982505,0.019084383,0.022157377,0.0066841585,0.026106672,0.10230818,0.027873376,0.026915263
Taj Mahal - India/75.jpg,0.049572818,0.097261295,0.037023116,0.05283938,0.083099894,0.07359662,0.063992314,0.036977284,0.04146719,0.042188644,0.07916049,0.08196328,0.028268643,0.068999216,0.040540192,0.04428317,0.039964437,0.038801927
Taj Mahal - India/76.agra.jpg,0.059666995,0.01260127,0.018560221,0.066806376,0.053335994,0.14326665,0.071747825,0.019704279,0.014425701,0.0362962,0.26924172,0.043292444,0.025178848,0.05166563,0.049804218,0.016146732,0.02448706,0.023771869
Taj Mahal - India/78.taj-mahal-agra.jpg,0.20329064,0.12884934,0.0030358315,0.017202059,0.057436846,0.009037449,0.008414749,0.002673368,0.027471207,0.024817094,0.0068044225,0.031997446,0.034846965,0.0019150757,0.38677222,0.047548223,0.0026844968,0.005202599
Taj Mahal - India/79.jpg,0.090423755,0.037137628,0.0072658653,0.039210904,0.027311077,0.039540768,0.046473578,0.012158024,0.06587244,0.10055624,0.0037947982,0.007882486,0.08289524,0.0042963973,0.05711044,0.28399482,0.053664815,0.04041077
Taj Mahal - India/79.tajmahal.jpg,0.016003372,0.022626197,0.008323068,0.053398132,0.08711805,0.06888787,0.050674506,0.021052934,0.25665158,0.08466512,0.017606422,0.01023219,0.013878902,0.004714912,0.040490355,0.1396841,0.018933998,0.085058324
Taj Mahal - India/8.Agra-Taj-Mahal1.jpg,0.010787444,0.00507429,0.006067937,0.010614348,0.75656295,0.0054817284,0.006914206,0.042015668,0.007836582,0.0043975697,0.002661587,0.0044116247,0.0035602672,0.002113447,0.052856863,0.043642685,0.0030599025,0.031941038
Taj Mahal - India/8.jpg,0.027607104,0.010985053,0.009189294,0.027602458,0.34917617,0.028204879,0.015410915,0.013288119,0.08956729,0.020693034,0.0044805743,0.004905591,0.0042637973,0.0010636847,0.03827968,0.2011437,0.0022470765,0.15189151
Taj Mahal - India/80.taj-mahal-1140x426.jpg,0.08699528,0.05376859,0.03137734,0.050351925,0.07567678,0.0536603,0.10058746,0.058265984,0.02459855,0.09004744,0.017610459,0.040603854,0.04061894,0.038241293,0.024184927,0.07678203,0.07153356,0.065095276
Taj Mahal - India/82.20151203_1153232-1024x576.jpg,0.07718094,0.06413869,0.069720045,0.019643996,0.021324255,0.035854228,0.09918797,0.029022431,0.018989647,0.12769817,0.0021904132,0.0052799885,0.08144243,0.013215344,0.030138874,0.116809264,0.16556561,0.022597678
Taj Mahal - India/83.view-of-taj-mahal-from-oberoi-amarvilas-pool-luxury-hotel-in-agra-india-1024x512.jpg,0.02488307,0.020596882,0.0073262234,0.03475711,0.087093964,0.021923676,0.012663339,0.014066754,0.19479802,0.07083272,0.0014891214,0.0025162955,0.007975179,0.00052279665,0.020259537,0.37158605,0.0091658225,0.0975434
Taj Mahal - India/85.jpg,0.20095137,0.03226308,0.02319929,0.05106742,0.097150534,0.029533198,0.05823009,0.022643408,0.023528952,0.04063261,0.03484665,0.054282174,0.05408414,0.02623517,0.07327161,0.10180798,0.031002572,0.045269832
Taj Mahal - India/85.taj-mahal-12.jpg,0.1055267,0.024635354,0.024596674,0.027222589,0.03848562,0.07758953,0.064874604,0.07316173,0.034614112,0.11351451,0.027174298,0.0290365,0.043052487,0.05269026,0.015157137,0.09927512,0.08748786,0.061904877
Taj Mahal - India/86.taj-holiday.jpg,0.09920941,0.04901111,0.023940135,0.040488373,0.04121716,0.07208571,0.0605613,0.023269774,0.067391455,0.091648266,0.059165966,0.051849697,0.044128735,0.039399605,0.03960868,0.11708879,0.046164494,0.033771373
Taj Mahal - India/87.36816.jpg,0.11999549,0.015696334,0.030595189,0.018089356,0.058844753,0.023053426,0.045799177,0.010469842,0.109279945,0.034888625,0.016811298,0.019393573,0.018731304,0.005489759,0.027704077,0.39414582,0.0366926,0.014319499
Taj Mahal - India/89.jpg,0.05570234,0.07283942,0.056115463,0.017479641,0.030297522,0.07264343,0.07311421,0.031832576,0.03206835,0.06420542,0.0250034,0.045228448,0.11126916,0.084594496,0.038675494,0.047463465,0.08056651,0.060900595
Taj Mahal - India/9.tzoo.10110.0.764206.koushik-chowdavarapu-392709-unsplash.jpg,0.06804917,0.04575344,0.024800355,0.033549573,0.06272765,0.09359309,0.071625225,0.06814316,0.047504038,0.05567353,0.05133885,0.06971656,0.038131613,0.07196734,0.021216284,0.055309597,0.06613344,0.054767072
Taj Mahal - India/90.AgraBoltOnsIndia-49851242400981_crop_683_341.jpg,0.16833714,0.14851514,0.025691202,0.02764716,0.038901333,0.02850513,0.034536097,0.016874947,0.032348156,0.064644486,0.0025310325,0.012676217,0.07204283,0.0050487584,0.10763303,0.16316402,0.030839147,0.020064186
Taj Mahal - India/91.taj-mahal-agra-india-1140x530.jpg,0.019253012,0.053713836,0.027791059,0.0432665,0.06935985,0.037142884,0.029236376,0.04288662,0.24626392,0.10039275,0.004141332,0.007493354,0.012526594,0.0019222395,0.025377277,0.17486255,0.020721795,0.08364815
Taj Mahal - India/92.Reflection-of-the-Taj-Mahal1.jpg,0.15654202,0.055773143,0.017931022,0.04286486,0.09621515,0.051216442,0.029158795,0.02680016,0.06262742,0.052026533,0.013622953,0.04842409,0.021053046,0.00851012,0.036452282,0.16983661,0.00923381,0.10171151
Taj Mahal - India/92.jpg,0.08709408,0.060283754,0.012523176,0.03319431,0.13930336,0.015294907,0.011750994,0.010449483,0.074635066,0.027525749,0.0009721973,0.0048894947,0.012829695,0.00069163373,0.051520374,0.43150565,0.0073871985,0.018148787
Taj Mahal - India/94.jpg,0.122348644,0.08215224,0.027034037,0.045049157,0.076835684,0.041959237,0.042360682,0.018107744,0.057333246,0.03078992,0.03723872,0.09235904,0.042938996,0.021533934,0.10003897,0.08762337,0.027285364,0.04701086
Taj Mahal - India/96.jpg,0.013703542,0.0033367092,0.0074876654,0.03818263,0.12637608,0.03208404,0.011727645,0.012833672,0.52307886,0.01612245,0.10017246,0.016753094,0.011131995,0.0033111614,0.026336124,0.021424454,0.011662038,0.024275403
The Blue Grotto - Capri/1.grotta_d_0_0_900.20181030174940.jpg,0.13376516,0.0097887125,0.004407406,0.054397687,0.011206055,0.04471878,0.04936242,0.036346115,0.016128706,0.040944394,0.019023528,0.038621575,0.2261485,0.03676774,0.020080356,0.021011723,0.20589668,0.031384334
The Blue Grotto - Capri/10.grotta-azzurra.jpg,0.0560653,0.0437032,0.23490924,0.04396741,0.049675833,0.030594675,0.06346213,0.035876498,0.063813224,0.038101707,0.02813621,0.032286037,0.033336982,0.018741323,0.025005855,0.08787647,0.08086293,0.03358503
The Blue Grotto - Capri/10.jpg,0.021564148,0.010410111,0.03953722,0.010739436,0.0040100883,0.021301318,0.33223423,0.010165735,0.0017193743,0.048965175,0.0037529261,0.0017243952,0.10003273,0.022485362,0.009818566,0.014940655,0.33702764,0.009570828
The Blue Grotto - Capri/102.jpg,0.05047524,0.02829568,0.07197184,0.019787991,0.3121914,0.029240206,0.020921381,0.084148355,0.026090145,0.019674042,0.019004805,0.039133318,0.047118258,0.019428868,0.049268298,0.093378894,0.0464575,0.02341373
The Blue Grotto - Capri/103.jpg,0.032510478,0.014510688,0.03353517,0.039213896,0.010753047,0.055473924,0.16094941,0.024872484,0.013222416,0.08758098,0.015112408,0.006113949,0.076982304,0.017461289,0.014204954,0.034340944,0.3412672,0.021894373
The Blue Grotto - Capri/104.jpg,0.050004415,0.02046396,0.026518082,0.05767483,0.037588306,0.06593834,0.038848393,0.124844655,0.03629282,0.03335724,0.10424283,0.08748746,0.07002435,0.06369167,0.025926182,0.013040009,0.1205052,0.023551354
The Blue Grotto - Capri/106.jpg,0.032925405,0.014522886,0.035068024,0.023336085,0.039059937,0.050692655,0.26457992,0.034225523,0.013771192,0.061979417,0.005804226,0.004434621,0.046004813,0.017983995,0.015616812,0.091407694,0.17964976,0.06893703
The Blue Grotto - Capri/11.grotta-azzurra-shared.jpg,0.0033049518,0.021907438,0.5783056,0.008798827,0.0076695615,0.007876098,0.08191476,0.007208697,0.0020047717,0.054739304,0.0020881696,0.0010695119,0.006140571,0.0060613244,0.0041926745,0.006452034,0.19860245,0.0016632375
The Blue Grotto - Capri/11.jpg,0.05454841,0.067514606,0.23507686,0.032633103,0.04677621,0.027183447,0.079254285,0.051098805,0.01621415,0.058394235,0.012655029,0.021143919,0.041091252,0.035023082,0.030276217,0.048673376,0.116056845,0.026386177
The Blue Grotto - Capri/12.4764cda1304959367fa9a4afdb6dd097.jpg,0.023542318,0.0150173865,0.021735998,0.045568377,0.009637212,0.05577134,0.15509821,0.014706474,0.020852331,0.035213932,0.018533828,0.0067656282,0.14284723,0.0149978325,0.030619942,0.03634845,0.3384862,0.0142574
The Blue Grotto - Capri/12.jpg,0.13954093,0.02233493,0.021236219,0.054490726,0.020717638,0.046106234,0.052608307,0.02528829,0.014212158,0.24210402,0.048999988,0.03134984,0.019483265,0.06877098,0.011656108,0.0367489,0.12831213,0.016039317
The Blue Grotto - Capri/13.blue-grotto-malta.jpg,0.038517404,0.008424762,0.024562074,0.017289642,0.004536986,0.031102203,0.114371404,0.01716652,0.004526381,0.08302932,0.0040625962,0.0029017443,0.05558275,0.0138853965,0.00797472,0.029891856,0.5312633,0.010911015
The Blue Grotto - Capri/13.jpg,0.020042459,0.004022337,0.013949202,0.087711334,0.030789312,0.10720929,0.045870386,0.024526026,0.011343311,0.024911376,0.43162063,0.016371015,0.025177578,0.04213473,0.01685379,0.005854003,0.084338136,0.007275007
The Blue Grotto - Capri/14.4e66e4d2c5c8966334b2d938c9b7f58d.jpg,0.12188865,0.019556673,0.023115784,0.05279775,0.021121832,0.026176803,0.078662336,0.030998204,0.012579362,0.227102,0.027040198,0.0353178,0.027707532,0.088311225,0.008193147,0.022774223,0.1545623,0.022094078
The Blue Grotto - Capri/14.jpg,0.032790843,0.03677016,0.12535465,0.030354962,0.032825574,0.03831192,0.10520406,0.05472458,0.010709496,0.041167952,0.012645772,0.00983126,0.08230647,0.044187322,0.029019361,0.02665734,0.2688221,0.018316258
The Blue Grotto - Capri/15.grotta-blu-capri-1020x360.jpg,0.007502883,0.014310299,0.02258622,0.07694444,0.07736777,0.08355571,0.108021885,0.05859337,0.0524878,0.014408316,0.13657674,0.019564789,0.060319193,0.022237035,0.029061927,0.015724445,0.19310077,0.0076364307
The Blue Grotto - Capri/15.jpg,0.04415802,0.011248586,0.05122526,0.106701605,0.02787738,0.033221297,0.18655246,0.036484025,0.034000345,0.020642193,0.22247384,0.014667588,0.040673085,0.046190545,0.0072338325,0.013653821,0.08970477,0.013291338
The Blue Grotto - Capri/16.capri-and-blue-grotto-from-naples-cruise-port-private-shore-excursion-0.jpg,0.046068117,0.027686158,0.029191647,0.07032862,0.0466911,0.10356791,0.048722092,0.045521777,0.054698575,0.05519104,0.14401598,0.03889869,0.040351044,0.036627512,0.040688135,0.050173678,0.083418876,0.03815906
The Blue Grotto - Capri/16.jpg,0.026407124,0.008312784,0.0269001,0.08379297,0.045321465,0.1084219,0.04674318,0.06977881,0.046948854,0.030848237,0.15733323,0.02599361,0.042518884,0.030387687,0.018588385,0.026586121,0.187282,0.017834598
The Blue Grotto - Capri/17.jpg,0.115324624,0.0063503203,0.009566561,0.0717153,0.08511047,0.07276596,0.03387515,0.096074276,0.03145614,0.022257587,0.044257004,0.058643643,0.087703206,0.022577569,0.042643126,0.028651465,0.074537784,0.0964898
The Blue Grotto - Capri/18.blu_grotto_capri_1425984505.jpg,0.052296337,0.018658774,0.0063927667,0.03417008,0.015432096,0.06837187,0.14131382,0.01959797,0.009441182,0.058380775,0.021313282,0.024252215,0.16331322,0.09111207,0.020636596,0.016482705,0.21930325,0.019530997
The Blue Grotto - Capri/18.jpg,0.014411075,0.03301398,0.04734173,0.011028736,0.0041840672,0.01729655,0.21479835,0.0077195186,0.0017087101,0.080767445,0.0044737626,0.0014524707,0.09576742,0.029227179,0.013184195,0.0069510858,0.4153483,0.0013254221
The Blue Grotto - Capri/2.DSC0059_mod-900x300.jpg,0.056565218,0.024578083,0.020723067,0.0714349,0.05325307,0.06805722,0.06914397,0.03718667,0.050031353,0.09276693,0.11927066,0.042757683,0.036008235,0.04752649,0.043963727,0.047336895,0.078635514,0.04076034
The Blue Grotto - Capri/2.jpg,0.02248732,0.03274581,0.012293404,0.07156007,0.036665667,0.025852522,0.101694,0.010934632,0.035387877,0.03789228,0.070890106,0.032473166,0.12159338,0.020612199,0.21535306,0.016990298,0.12880959,0.005764581
The Blue Grotto - Capri/20.blue-grotto-capri-yacht-charter.jpg,0.10898121,0.0051842066,0.2399783,0.02615898,0.020011054,0.009239906,0.034222994,0.03145365,0.013500327,0.009431075,0.03689722,0.0026156437,0.18318386,0.06751925,0.0024820988,0.0019567972,0.20495124,0.0022322373
The Blue Grotto - Capri/20.jpg,0.02951882,0.0019057597,0.008728344,0.14196286,0.022314025,0.052381594,0.20384772,0.08369595,0.012737502,0.0041731107,0.21175128,0.008163668,0.063943736,0.03478345,0.006665481,0.01932686,0.06661463,0.027485207
The Blue Grotto - Capri/21.blue-grotto-aka-grotta-azzurra-in-capri-italy.jpg,0.017060446,0.007645021,0.006294734,0.01576412,0.0018310422,0.015081486,0.17894295,0.003258028,0.0021642782,0.031074625,0.0031438856,0.0017918702,0.2762874,0.009683535,0.018536627,0.008122429,0.39885926,0.0044582193
The Blue Grotto - Capri/21.jpg,0.087695114,0.008836283,0.008941563,0.11175662,0.03905067,0.08059409,0.020381156,0.03341832,0.04426451,0.015847577,0.22310571,0.0946043,0.07186507,0.031104362,0.04522984,0.015973022,0.04276761,0.024564166
The Blue Grotto - Capri/22.Bisevo-in-001.jpg,0.017959496,0.020160995,0.04041255,0.015638161,0.0038058043,0.02111375,0.28487888,0.007095577,0.0027334555,0.04605195,0.004050437,0.001778965,0.10460425,0.01592868,0.015843261,0.01790067,0.37489295,0.005150051
The Blue Grotto - Capri/22.jpg,0.04882699,0.07548921,0.20997353,0.03611897,0.046920687,0.03943332,0.040974688,0.077756435,0.02182509,0.106925935,0.023670439,0.040558245,0.022155765,0.040057313,0.030459564,0.03397959,0.0640908,0.040783405
The Blue Grotto - Capri/23.jpg,0.09890314,0.022363987,0.025714584,0.053783428,0.080892086,0.06287425,0.045839194,0.056983463,0.03906795,0.015747875,0.049681526,0.13311747,0.057548616,0.04320567,0.06875801,0.02669613,0.040639553,0.078183115
The Blue Grotto - Capri/24.jpg,0.1060494,0.08319732,0.029097838,0.006615156,0.008847769,0.026009107,0.036672737,0.012260439,0.021954793,0.063979045,0.0045330026,0.006553834,0.36455446,0.03107416,0.042914905,0.048804667,0.10193479,0.004946586
The Blue Grotto - Capri/25.jpg,0.05143439,0.069013916,0.01075464,0.009088025,0.010333425,0.009141633,0.004813814,0.008586457,0.026826743,0.07174853,0.020227967,0.08340026,0.45622787,0.020405699,0.07328889,0.005022361,0.06528783,0.004397487
The Blue Grotto - Capri/26.jpg,0.031835504,0.0052636424,0.0029449079,0.015189654,0.0021163146,0.051713288,0.17608957,0.011211595,0.002678347,0.042582486,0.0041952175,0.0017677799,0.2360347,0.020734638,0.009077099,0.014746889,0.3630509,0.008767585
The Blue Grotto - Capri/27.jpg,0.09054884,0.011112316,0.030161817,0.015494521,0.027533818,0.038767125,0.16415162,0.04457116,0.005925295,0.06243183,0.0027366728,0.0043287566,0.03998708,0.022609312,0.010806418,0.12388439,0.23130615,0.073642924
The Blue Grotto - Capri/27.woes-grotta-smile11-1020x360.jpg,0.008770947,0.05067658,0.2547772,0.021890365,0.014637821,0.015554924,0.19058889,0.018667879,0.0032988167,0.04697731,0.004345266,0.002255107,0.028655922,0.010678165,0.013279964,0.015793096,0.29513943,0.004012338
The Blue Grotto - Capri/28.Amalfi-Coast-Tours-Blue-Grotto.jpg,0.043012306,0.021393955,0.029595613,0.06076896,0.03607311,0.10784328,0.05223193,0.046793394,0.14359115,0.06516694,0.036633562,0.022116123,0.056408603,0.01600377,0.025805414,0.091376,0.086152606,0.059033364
The Blue Grotto - Capri/28.jpg,0.04120367,0.04747893,0.022078719,0.07710727,0.070064954,0.10855769,0.075468965,0.034659237,0.04407678,0.05519179,0.09904199,0.054442357,0.02571153,0.057259455,0.04536151,0.038412612,0.05823436,0.04564805
The Blue Grotto - Capri/29.jpg,0.08136148,0.014418651,0.012305967,0.030323274,0.013555857,0.03961274,0.08408219,0.057808854,0.011720366,0.03272472,0.019364884,0.031441163,0.30423477,0.04216824,0.023899317,0.014559781,0.15117732,0.03524046
The Blue Grotto - Capri/3.blue-grotto-hero.-toppic.jpg,0.019397447,0.0057502976,0.0026849944,0.024799038,0.0017788346,0.029758867,0.15647733,0.004713876,0.004840509,0.033603538,0.007209559,0.002903909,0.2793737,0.01600214,0.013744554,0.008702737,0.3833334,0.0049252375
The Blue Grotto - Capri/3.jpg,0.02363475,0.010839558,0.07430183,0.030392982,0.037536126,0.039571457,0.20929232,0.037098594,0.013268054,0.14108588,0.0139763495,0.0062230015,0.027020682,0.020102944,0.015380259,0.038623102,0.20688547,0.054766588
The Blue Grotto - Capri/30.jpg,0.0070117842,0.013699053,0.5661702,0.0034741962,0.0014688978,0.004777658,0.11130169,0.002062326,0.000640238,0.033960152,0.003733553,0.00046433677,0.02466993,0.021537658,0.0024767779,0.0010355508,0.20083924,0.0006767506
The Blue Grotto - Capri/31.jpg,0.024258614,0.08112362,0.028913623,0.01708561,0.027631117,0.07753249,0.07647791,0.04815778,0.042216983,0.024905363,0.025902458,0.036666907,0.21074793,0.07682261,0.039013863,0.023741761,0.111280434,0.027520876
The Blue Grotto - Capri/32.jpg,0.057716407,0.055803545,0.11121447,0.04152931,0.025361942,0.03837634,0.15508844,0.044495605,0.009172414,0.06766449,0.037323765,0.023159254,0.06453417,0.08426897,0.03244066,0.017294085,0.11051121,0.024045052
The Blue Grotto - Capri/33.famous-blue-grotto-malta-near-260nw-528540901.jpg,0.042690545,0.13950738,0.045799416,0.0078079537,0.00978966,0.061577212,0.06509771,0.02142562,0.016996264,0.094805434,0.008264493,0.01706947,0.18478528,0.080367796,0.03773651,0.033968385,0.11275939,0.019551395
The Blue Grotto - Capri/33.jpg,0.02616531,0.023640621,0.057479635,0.037768863,0.11110252,0.024820352,0.039584145,0.06051509,0.2135794,0.100432105,0.037148874,0.031350426,0.033703957,0.014535667,0.051554553,0.042094722,0.06777473,0.026749069
The Blue Grotto - Capri/34.blue-grotto-boat-trip.jpg,0.16378973,0.010088358,0.012953508,0.04611482,0.13559668,0.05197893,0.046229288,0.054676067,0.029458405,0.023656009,0.02222474,0.10888043,0.042962763,0.03168613,0.028641842,0.058948345,0.026057236,0.10605684
The Blue Grotto - Capri/34.jpg,0.16371852,0.01006171,0.0057274634,0.050530594,0.010350689,0.040322155,0.04137094,0.02044887,0.015262675,0.07752981,0.031245735,0.058798205,0.10951006,0.071026705,0.012355757,0.016950365,0.24336891,0.02142081
The Blue Grotto - Capri/35.jpeg,0.010364473,0.013667197,0.087601624,0.05260763,0.12806262,0.036112808,0.17904516,0.024956854,0.023485607,0.08491797,0.07596987,0.0087502515,0.014424724,0.032804344,0.0664353,0.025280662,0.111130916,0.024382
The Blue Grotto - Capri/36.jpg,0.037142545,0.02473144,0.14480543,0.024635661,0.19281054,0.029996864,0.0735693,0.07046593,0.010496558,0.028892552,0.0044753123,0.0060232827,0.019304318,0.010556373,0.030406067,0.15097526,0.07191673,0.06879585
The Blue Grotto - Capri/37.jpg,0.04064364,0.00719848,0.004603536,0.031153573,0.0056061395,0.074972995,0.18269895,0.011183981,0.010832939,0.055402126,0.008601454,0.0046675587,0.18151891,0.013360784,0.015771363,0.037186213,0.2954969,0.019100534
The Blue Grotto - Capri/38.100c12000000sg563931A_C_750_350.jpg,0.009001927,0.009337179,0.11188752,0.0051638186,0.0016844603,0.0110336235,0.24875873,0.005081663,0.0005001137,0.05755924,0.0031031067,0.0004856048,0.03553698,0.026178408,0.004763361,0.004501196,0.46423277,0.0011903147
The Blue Grotto - Capri/38.jpg,0.0396351,0.034242596,0.08211958,0.030896123,0.045269087,0.048745155,0.116391875,0.08194433,0.020002108,0.04293255,0.032844387,0.034045357,0.08981626,0.057586577,0.030374773,0.022775823,0.16523653,0.025141807
The Blue Grotto - Capri/39.capri-blue-grotto.jpg,0.08006853,0.012738295,0.021781093,0.048694745,0.015209858,0.06515699,0.03291185,0.014458703,0.03515251,0.18472739,0.22080693,0.021334399,0.035968944,0.049311485,0.026609747,0.030523375,0.09553388,0.009011247
The Blue Grotto - Capri/39.jpg,0.0036238818,0.0001246637,0.0003108782,0.024407888,0.008168031,0.036237612,0.002498743,0.001357026,0.046372768,0.0029255222,0.842753,0.0070010214,0.0058572283,0.003270018,0.0029689653,0.0006239102,0.010986629,0.00051212136
The Blue Grotto - Capri/4.coopculturae_id_sito_201_1836.jpg,0.017190775,0.014170742,0.06463935,0.0136844255,0.005067116,0.022523,0.19532585,0.015030524,0.0041511077,0.13494521,0.001612756,0.0011724626,0.040855028,0.008681703,0.0071617807,0.03155119,0.40950102,0.01273584
The Blue Grotto - Capri/4.jpg,0.04122197,0.020310726,0.04558677,0.08762162,0.04596628,0.047615875,0.096779004,0.074272394,0.035158493,0.020064423,0.11029583,0.025943251,0.113293216,0.0542939,0.02402044,0.019675843,0.11775153,0.020128515
The Blue Grotto - Capri/40.jpg,0.05503342,0.056246143,0.061565343,0.030952357,0.016603975,0.028841743,0.13206908,0.0413285,0.011363398,0.08352584,0.01813277,0.01978423,0.12605606,0.05127277,0.038043328,0.023340072,0.18685044,0.018990412
The Blue Grotto - Capri/41.405b12ff5e19adb0f03fa36e4cfe1be5.jpg,0.041108657,0.015324671,0.0053987796,0.019690324,0.0016219587,0.012523265,0.13558833,0.0036959888,0.0013535988,0.03306701,0.0035803146,0.0034797092,0.44534373,0.015896501,0.033402454,0.0054397555,0.2183992,0.005085674
The Blue Grotto - Capri/41.jpg,0.07005466,0.01574493,0.004361016,0.052273113,0.008516717,0.05115243,0.042357273,0.021548893,0.0254426,0.026478149,0.016813662,0.01869271,0.37810364,0.016848965,0.044733968,0.022978056,0.17131989,0.0125792455
The Blue Grotto - Capri/42.jpg,0.10269667,0.027226709,0.021479128,0.045377444,0.034275416,0.07918851,0.07991332,0.046153396,0.022988902,0.07161627,0.033731986,0.039293274,0.079802565,0.043082025,0.024687603,0.060843285,0.1268292,0.0608142
The Blue Grotto - Capri/43.capritour4.jpg,0.008811456,0.01417861,0.17885193,0.019984907,0.028264767,0.035418108,0.3541821,0.022631943,0.0034019058,0.022496367,0.0072256443,0.002533691,0.033752438,0.016789949,0.02158051,0.015209143,0.19491239,0.019774321
The Blue Grotto - Capri/44.jpeg,0.22892414,0.013735198,0.14286335,0.005398891,0.03662211,0.010137581,0.019683443,0.028024498,0.049099337,0.03622529,0.10296665,0.019465333,0.2395981,0.017437484,0.004968393,0.00743124,0.03361057,0.0038084928
The Blue Grotto - Capri/45.jpg,0.07974917,0.025955357,0.027789738,0.042830054,0.059748586,0.07336774,0.05999641,0.088962495,0.036849722,0.053551577,0.05424855,0.060017806,0.045961175,0.059447207,0.02874319,0.046282224,0.09605093,0.060448036
The Blue Grotto - Capri/46.jpg,0.08246813,0.032442458,0.043093562,0.042319123,0.07849631,0.037902057,0.12022149,0.06280034,0.014664566,0.098833315,0.020216616,0.029041136,0.0475195,0.039993897,0.023107566,0.06499528,0.09534414,0.0665406
The Blue Grotto - Capri/47.jpg,0.07964062,0.05234555,0.06592448,0.029350301,0.03286565,0.03221682,0.08625924,0.070916325,0.017431475,0.049899112,0.027674578,0.05141077,0.12503235,0.049676947,0.048864093,0.028371712,0.0975351,0.054585047
The Blue Grotto - Capri/47.malta-blue-grotto-02.jpg,0.033724654,0.0055084205,0.001907411,0.024882754,0.0020348579,0.022544434,0.1003906,0.0056817085,0.0020491781,0.017435053,0.0053344937,0.0034833434,0.5042695,0.009595283,0.021989068,0.006108508,0.22544849,0.007612162
The Blue Grotto - Capri/48.jpg,0.038670618,0.10895973,0.041791826,0.04713599,0.07464998,0.08605284,0.06302746,0.034607556,0.05141772,0.047947932,0.066034965,0.058656707,0.032889783,0.057196468,0.047227446,0.04426482,0.046076477,0.053391695
The Blue Grotto - Capri/49.capri-grotta-azzurra-m.jpg,0.008533413,0.024803087,0.4739106,0.009853271,0.014382187,0.022174096,0.1336804,0.01823836,0.005119611,0.059488934,0.010304264,0.0046910997,0.012483353,0.024853213,0.0061607,0.009916857,0.15665136,0.004755141
The Blue Grotto - Capri/49.jpg,0.06445081,0.089067094,0.037910882,0.04577452,0.07153219,0.072692,0.064972766,0.042550992,0.041615564,0.045302413,0.05191582,0.08182201,0.031330008,0.069973916,0.04190578,0.0465198,0.05173674,0.04892679
The Blue Grotto - Capri/5.IMG-2323-2126x1440_e2x1_0_72_1400.20170621115010.jpg,0.046552096,0.10056433,0.012846105,0.052143075,0.063754074,0.098083526,0.08361474,0.011358197,0.064609565,0.05504214,0.05366701,0.04055084,0.047652405,0.039904248,0.08648738,0.0674958,0.03889958,0.03677494
The Blue Grotto - Capri/5.jpg,0.009530868,0.05628826,0.04472657,0.07700239,0.079143584,0.06530568,0.029648352,0.1395339,0.05973176,0.059814036,0.15484636,0.06881872,0.008496067,0.053479616,0.013461357,0.007310804,0.06774455,0.005117135
The Blue Grotto - Capri/50.jpg,0.08907893,0.092211254,0.03317013,0.04082247,0.021354407,0.031568795,0.07462492,0.020455016,0.020954344,0.06548723,0.017117467,0.030416282,0.1604641,0.027854608,0.11871775,0.042463433,0.08538273,0.027856147
The Blue Grotto - Capri/51.100w0s000000if1niB163_C_750_350.jpg,0.04367377,0.0026822335,0.0026972443,0.13647027,0.015343763,0.13786413,0.040584475,0.016423797,0.059955604,0.025829952,0.090068094,0.017951936,0.101166524,0.009564312,0.019643394,0.029902676,0.23291384,0.017263925
The Blue Grotto - Capri/51.jpg,0.066423304,0.0692046,0.033857368,0.01806646,0.014221505,0.04361718,0.11388304,0.025237992,0.011283076,0.047045294,0.01634714,0.033539467,0.2300217,0.06307762,0.050849218,0.01939298,0.11474711,0.029185018
The Blue Grotto - Capri/52.png,0.05371553,0.028978942,0.021207651,0.042424362,0.017867252,0.028883781,0.06936475,0.04677652,0.009691475,0.024037823,0.03056545,0.030205414,0.2981203,0.04906478,0.04063666,0.008749325,0.18855101,0.011158959
The Blue Grotto - Capri/53.115678347-blue-grotto-malta-natural-stone-arch-and-sea-caves-phantastic-sea-view-on-malta-island-.jpg,0.0123688355,0.0030743477,0.0025724324,0.016708001,0.0014293438,0.027797353,0.17990197,0.0031547016,0.0021663862,0.028720709,0.0049214805,0.0012510335,0.2009662,0.009197619,0.010374282,0.006324998,0.4855866,0.0034836475
The Blue Grotto - Capri/53.jpg,0.07506147,0.02888618,0.017779404,0.046583563,0.068647385,0.10911036,0.04954247,0.055270467,0.048453275,0.04138672,0.1242681,0.08619551,0.030788517,0.049964864,0.04861553,0.03832794,0.03161125,0.049507055
The Blue Grotto - Capri/54.jpg,0.037627175,0.024906393,0.03507188,0.03974035,0.019043708,0.044050977,0.15654333,0.031198105,0.006793757,0.052267227,0.02830371,0.018502258,0.14614251,0.055610772,0.028632341,0.0114506325,0.25274238,0.011372545
The Blue Grotto - Capri/56.jpg,0.06907106,0.043353993,0.032126423,0.04879023,0.05543722,0.09709673,0.048582144,0.05941694,0.053326834,0.06413573,0.059184257,0.04876588,0.04103807,0.046718832,0.032634255,0.06598121,0.07360317,0.0607371
The Blue Grotto - Capri/57.jpg,0.023200193,0.09405971,0.018954504,0.026761534,0.06765314,0.033294514,0.025120847,0.25209332,0.09880082,0.03501168,0.016806437,0.089165546,0.051265478,0.020520035,0.052805044,0.025042163,0.04298159,0.026463494
The Blue Grotto - Capri/58.anacapri-grotte-bleue-blue-grotto-azzurra.jpg,0.039925363,0.0199,0.021552432,0.0113234,0.005354404,0.02692648,0.20688348,0.014789374,0.0028963499,0.07643667,0.0017887956,0.0016111194,0.105204925,0.0226364,0.014706976,0.048427545,0.36927107,0.010365232
The Blue Grotto - Capri/58.jpg,0.09937871,0.02811916,0.0264635,0.044440515,0.047392912,0.06627843,0.07752104,0.05742864,0.029069392,0.06708566,0.03882957,0.058914468,0.051354263,0.05946209,0.023024343,0.057833806,0.09822595,0.06917757
The Blue Grotto - Capri/59.9926704.jpg,0.0480893,0.046283536,0.033053633,0.05711298,0.088059045,0.06719212,0.037698667,0.07279362,0.06262154,0.05419705,0.06798533,0.04829083,0.03779938,0.03710028,0.062507905,0.045522016,0.05595822,0.077734575
The Blue Grotto - Capri/59.jpg,0.045389537,0.101452015,0.054005694,0.053994738,0.095908515,0.059479244,0.07050188,0.04228024,0.03758601,0.052118428,0.06295884,0.058768127,0.027961837,0.06326214,0.041261073,0.04363812,0.048327755,0.041105982
The Blue Grotto - Capri/6.blue-grotto.jpg,0.045085832,0.10915305,0.03304758,0.05271719,0.07466465,0.09195049,0.055057585,0.032034397,0.039615005,0.045095343,0.08756449,0.06941978,0.028867086,0.0671203,0.04316861,0.03712354,0.050814178,0.037500992
The Blue Grotto - Capri/6.jpg,0.077607356,0.024743797,0.006663582,0.028674096,0.0060870782,0.03479702,0.08151978,0.016217573,0.008773711,0.04294505,0.008984844,0.012652409,0.3985415,0.027407743,0.04500918,0.020626672,0.14490281,0.013845619
The Blue Grotto - Capri/60.Faraglioni1-960x380.jpg,0.0874442,0.070670165,0.030400246,0.03092506,0.030193774,0.04162646,0.036529873,0.029673126,0.017354881,0.042350926,0.021837816,0.03828291,0.20133974,0.040624864,0.091369554,0.053286076,0.12381388,0.012276431
The Blue Grotto - Capri/60.jpg,0.034940373,0.04078317,0.2551256,0.01802522,0.011180675,0.026919946,0.06696869,0.014463526,0.012960443,0.15271528,0.0028854718,0.0041116974,0.03888637,0.014384076,0.012978003,0.040199537,0.24324605,0.0092258025
The Blue Grotto - Capri/61.jpg,0.055844717,0.008190996,0.013590506,0.027450977,0.010550043,0.046490103,0.23351952,0.038098183,0.005922515,0.06865982,0.032788817,0.014330607,0.058721557,0.111681595,0.0032945846,0.014826589,0.24050242,0.0155364685
The Blue Grotto - Capri/62.bluegrotto.jpg,0.041782983,0.0061104735,0.0077354494,0.044939954,0.0058472594,0.040249668,0.08311805,0.015227784,0.010833842,0.036930498,0.01564772,0.009505572,0.212169,0.019500837,0.017030004,0.016651694,0.40497032,0.0117488755
The Blue Grotto - Capri/62.jpg,0.056772165,0.040872995,0.022729542,0.037253838,0.08894782,0.10279324,0.057920538,0.09847883,0.048386835,0.03913652,0.05886908,0.068404645,0.029080661,0.06591795,0.027729742,0.045691334,0.056736547,0.054277666
The Blue Grotto - Capri/63.grottadellosmeraldo.jpg,0.0037953998,0.020752728,0.22970404,0.009562307,0.004202475,0.010169798,0.23886591,0.0073333005,0.0008277519,0.035497952,0.0028276937,0.00053673197,0.019776823,0.013862924,0.0054582157,0.004547854,0.39136124,0.0009168069
The Blue Grotto - Capri/63.jpg,0.08493473,0.036158398,0.043394305,0.012133514,0.007198511,0.042445365,0.085217364,0.019584078,0.007768766,0.19256707,0.008313054,0.0113678975,0.10842458,0.07928774,0.01580756,0.03327761,0.19592223,0.016197328
The Blue Grotto - Capri/64.jpg,0.057838798,0.034601342,0.024686078,0.021964446,0.010476197,0.035457052,0.18470025,0.016601942,0.0069584576,0.07290259,0.003684781,0.0048166616,0.10192935,0.022627503,0.024901388,0.06888913,0.2917338,0.015230164
The Blue Grotto - Capri/65.jpg,0.15176767,0.02490208,0.028704997,0.008808319,0.0049532335,0.03428719,0.1686557,0.00937776,0.00196539,0.08870647,0.0034251506,0.0033602798,0.18383725,0.060062982,0.035040505,0.03098518,0.15343441,0.0077254013
The Blue Grotto - Capri/66.jpg,0.031678077,0.007349999,0.56945354,0.0061016637,0.009267791,0.009242508,0.048295964,0.0039367927,0.010294748,0.0072627407,0.027133701,0.00097755,0.13165379,0.039009407,0.0018679837,0.001084479,0.092473604,0.0029156294
The Blue Grotto - Capri/67.jpg,0.041284744,0.019386448,0.05154644,0.09017312,0.036837198,0.07683639,0.07573686,0.049690004,0.044069733,0.09886739,0.05497094,0.026675632,0.029377978,0.031720813,0.016513538,0.041524515,0.1823391,0.032449264
The Blue Grotto - Capri/68.depositphotos_186448558-stock-photo-praia-mare-cosenza-calabria-italy.jpg,0.007345396,0.0016615507,0.0016240192,0.051349085,0.0657094,0.040822428,0.006064184,0.010202231,0.41635722,0.008310398,0.29730463,0.024959167,0.01694345,0.0044166413,0.018539364,0.005933364,0.017360408,0.005097087
The Blue Grotto - Capri/68.jpg,0.05802707,0.019105887,0.034604333,0.015731711,0.008406888,0.028184721,0.25652677,0.015825639,0.0011303767,0.0325073,0.0066498183,0.0036079718,0.09345723,0.13373925,0.0073747043,0.0033733023,0.27275625,0.008990877
The Blue Grotto - Capri/69.jpg,0.12431436,0.04618245,0.03851194,0.0415031,0.043360904,0.055426814,0.04102981,0.025998458,0.062119335,0.047988176,0.043151405,0.06359455,0.07024446,0.0309182,0.05589053,0.11287496,0.053104,0.043786563
The Blue Grotto - Capri/7.daily.jpg,0.018694006,0.0037580475,0.0015178333,0.019260783,0.0010797521,0.024161654,0.09986666,0.0036230688,0.0043931818,0.02488237,0.0041813045,0.0020730668,0.34467012,0.0075771436,0.012713681,0.008911448,0.41429815,0.004337645
The Blue Grotto - Capri/7.jpg,0.06826417,0.023526438,0.017557962,0.05853221,0.037956223,0.08838878,0.03991886,0.03755299,0.07575921,0.055714525,0.15000847,0.05729939,0.059519444,0.035760112,0.059042186,0.035606105,0.05737109,0.042221956
The Blue Grotto - Capri/70.jpg,0.08155062,0.019578233,0.021026598,0.05450148,0.03124867,0.07732617,0.06641145,0.049400512,0.03822904,0.08580994,0.072550215,0.04009612,0.067718536,0.04303173,0.031347618,0.05287716,0.10870592,0.058590084
The Blue Grotto - Capri/71.jpg,0.090152904,0.042067748,0.2381592,0.014669001,0.016044294,0.020923669,0.06697246,0.01823367,0.009117096,0.114561945,0.0069661303,0.004349899,0.09685912,0.033313874,0.022850284,0.03366695,0.16648263,0.0046090307
The Blue Grotto - Capri/73.jpg,0.034990136,0.13032192,0.029232118,0.023638725,0.022428496,0.05409195,0.043810327,0.04716922,0.03130976,0.032869894,0.02013339,0.06290728,0.19793916,0.044272695,0.079747766,0.020912303,0.08477373,0.03945108
The Blue Grotto - Capri/74.Blue-Cave-850x267.jpg,0.059244674,0.055991683,0.01950244,0.008635245,0.004498607,0.036225162,0.054760773,0.02522315,0.0068566785,0.08509389,0.002468468,0.0065047317,0.2118674,0.06747842,0.036725055,0.03781121,0.27149394,0.009618296
The Blue Grotto - Capri/74.jpg,0.0699365,0.05484658,0.063971385,0.0524429,0.06202579,0.06269333,0.05911368,0.03185954,0.05699843,0.060358558,0.05504304,0.04185762,0.037308857,0.037682258,0.04291579,0.10195225,0.070612766,0.038380824
The Blue Grotto - Capri/75.jpg,0.06727984,0.01340367,0.009355405,0.054317396,0.013210408,0.04164586,0.07640622,0.029219905,0.016144391,0.025204333,0.024754321,0.029899556,0.3330893,0.025222607,0.03190539,0.017730592,0.16135456,0.02985625
The Blue Grotto - Capri/76.jpg,0.06221448,0.015677135,0.011463719,0.010486788,0.0074801277,0.0587687,0.14400114,0.03494279,0.009729708,0.1581405,0.002509622,0.0018343863,0.11984551,0.017956698,0.012842449,0.08231854,0.18442962,0.06535802
The Blue Grotto - Capri/78.jpg,0.020024367,0.014250194,0.019738685,0.066464044,0.015002897,0.08485813,0.1425367,0.023261959,0.04212453,0.020194458,0.13305718,0.018291226,0.14289942,0.07369158,0.013902175,0.014700923,0.1361496,0.018851992
The Blue Grotto - Capri/79.jpg,0.03230973,0.007780122,0.004360429,0.017234383,0.0028462731,0.01989749,0.11360848,0.007609195,0.0022390096,0.028926132,0.0070413426,0.004661083,0.42368034,0.021496464,0.014538236,0.00687723,0.27919835,0.0056956876
The Blue Grotto - Capri/8.blue-grotto-2.jpg,0.09360201,0.060826868,0.047063332,0.009904828,0.02812428,0.02653073,0.018608352,0.058566142,0.058659613,0.05543564,0.01150395,0.027829586,0.2776434,0.031137392,0.034626454,0.041186407,0.10835615,0.010394856
The Blue Grotto - Capri/8.jpg,0.071608424,0.026029494,0.026152031,0.028637292,0.032931596,0.03557074,0.07283768,0.05423808,0.012409716,0.016678892,0.04719694,0.0755011,0.26146227,0.060625363,0.045882553,0.008958208,0.10160505,0.021674654
The Blue Grotto - Capri/81.bewitchingly-beautiful-glowing-waters-in-the-blue-grotto-sea-cave-60031.jpg,0.016683035,0.008102171,0.004666579,0.0073160236,0.004929675,0.018277938,0.015827693,0.0146774445,0.014216354,0.006766816,0.010451679,0.0049579325,0.59845364,0.030291602,0.010850313,0.003834986,0.22822618,0.001469918
The Blue Grotto - Capri/81.jpeg,0.11684515,0.022190945,0.020746116,0.04001085,0.037906244,0.072879024,0.061849423,0.060700487,0.03973926,0.093024045,0.0408581,0.045962572,0.04713395,0.051051743,0.020284552,0.07381308,0.09604571,0.058958802
The Blue Grotto - Capri/82.jpg,0.0042976863,0.003581566,0.025956862,0.006330869,0.0041767145,0.01048152,0.59806424,0.0027429399,0.00014767317,0.0058545275,0.0015541413,0.00018518484,0.034375567,0.017099855,0.0067121466,0.004533305,0.27212098,0.0017843612
The Blue Grotto - Capri/84.jpg,0.034944735,0.043459382,0.0809811,0.14973547,0.067229755,0.016064776,0.0913711,0.072518155,0.030074041,0.018975606,0.12207854,0.037724774,0.062372804,0.033752576,0.041064978,0.0084280595,0.066393256,0.0228309
The Blue Grotto - Capri/85.jpg,0.03308951,0.026643777,0.010843264,0.027022788,0.012155466,0.08159475,0.06357243,0.027053285,0.032504905,0.028773552,0.030198036,0.0244481,0.28310147,0.052365493,0.026786923,0.017867846,0.20230857,0.01966982
The Blue Grotto - Capri/86.jpg,0.021112602,0.018846337,0.16664466,0.029908964,0.016008573,0.026040833,0.17461646,0.023777347,0.0064192927,0.049917012,0.015483004,0.0093816435,0.055790797,0.02457389,0.015099722,0.012924492,0.31981045,0.013643944
The Blue Grotto - Capri/87.grotto-azzurra-malta-is-AEX730.jpg,0.04082946,0.011088377,0.0047117677,0.053492982,0.009298791,0.049817957,0.06313266,0.029543644,0.012314131,0.024025686,0.03929718,0.0198668,0.29833257,0.032753002,0.022624105,0.010332584,0.27108634,0.0074519296
The Blue Grotto - Capri/87.jpg,0.08072223,0.018584074,0.104948334,0.07400885,0.056274917,0.040350664,0.038228862,0.03963885,0.08324288,0.025858162,0.23058869,0.02888325,0.048647143,0.032696735,0.018097496,0.011980657,0.04419704,0.023051234
The Blue Grotto - Capri/88.jpg,0.02673452,0.03765091,0.31831393,0.07477712,0.05143227,0.020496631,0.07088217,0.0362654,0.030301355,0.04211898,0.028690532,0.02062422,0.023279784,0.027312176,0.020516993,0.024011107,0.13300338,0.013588573
The Blue Grotto - Capri/89.jpg,0.07575098,0.052561104,0.23192096,0.015529669,0.044048123,0.024113921,0.029678073,0.043832917,0.022141652,0.037759177,0.021203365,0.019368874,0.15680298,0.05783297,0.016184067,0.014177945,0.1237041,0.013389071
The Blue Grotto - Capri/9.grottaazzurrac.jpg,0.065013535,0.022795176,0.19263941,0.03693883,0.0414915,0.027949145,0.060054176,0.03720356,0.02552338,0.06953442,0.10162919,0.01961754,0.070050925,0.06092165,0.012711298,0.023711206,0.119473845,0.012741173
The Blue Grotto - Capri/9.jpg,0.019603102,0.043153416,0.2911633,0.07480828,0.052094273,0.021523766,0.08730137,0.038396645,0.026336817,0.0239833,0.038900454,0.022853604,0.03115575,0.019685496,0.034132823,0.018977903,0.14027971,0.01564997
The Blue Grotto - Capri/90.jpg,0.087764665,0.030012164,0.02117479,0.061208323,0.04838408,0.07115613,0.05238089,0.04390988,0.050548,0.105988935,0.082611114,0.052203715,0.036901653,0.05022715,0.032654908,0.056778092,0.07218971,0.043905772
The Blue Grotto - Capri/91.jpg,0.059861496,0.024724271,0.10834524,0.024374915,0.014888433,0.0334106,0.12759474,0.047803614,0.0067341016,0.14764288,0.014539228,0.02365466,0.03757508,0.07455483,0.009769135,0.016481295,0.20566368,0.022381814
The Blue Grotto - Capri/92.jpg,0.043056734,0.016207594,0.024601225,0.014718556,0.0050879507,0.026831754,0.15249647,0.016363388,0.0035821907,0.081977844,0.002111939,0.0021241456,0.07966231,0.015018917,0.013727789,0.049123764,0.441321,0.011986415
The Blue Grotto - Capri/93.jpg,0.08076239,0.021918379,0.0168876,0.026169144,0.017410787,0.048562974,0.058055274,0.041183427,0.037318103,0.060761172,0.011073093,0.018623397,0.26091474,0.025430735,0.038421914,0.030835103,0.14916478,0.056507017
The Blue Grotto - Capri/94.jpg,0.12549877,0.0138566885,0.012023416,0.043936253,0.021436939,0.0683256,0.032038808,0.04825198,0.052954055,0.07850799,0.057034872,0.04875232,0.11950175,0.037584722,0.032679036,0.04658725,0.11857618,0.042453453
The Blue Grotto - Capri/95.jpg,0.038517404,0.008424762,0.024562074,0.017289642,0.004536986,0.031102203,0.114371404,0.01716652,0.004526381,0.08302932,0.0040625962,0.0029017443,0.05558275,0.0138853965,0.00797472,0.029891856,0.5312633,0.010911015
The Blue Grotto - Capri/96.jpg,0.016342014,0.010440355,0.008439386,0.031791735,0.009540198,0.037221473,0.30069283,0.0042907917,0.014924956,0.05853436,0.0091265505,0.0036183791,0.1297988,0.01365456,0.035285085,0.029990532,0.2748484,0.011459654
The Blue Grotto - Capri/97.jpg,0.023663444,0.012031973,0.016486598,0.0332602,0.019523818,0.044582125,0.20924892,0.02037696,0.0065249535,0.02294209,0.021526918,0.009168736,0.23726922,0.026216324,0.037006054,0.01275316,0.2318713,0.015547187
The Blue Grotto - Capri/98.jpg,0.05709484,0.069307394,0.035237912,0.049851753,0.072503954,0.083447576,0.05627964,0.04749331,0.04981485,0.047326915,0.06658401,0.070678905,0.035568718,0.06579898,0.04063715,0.04852443,0.057525795,0.046323825
The Blue Grotto - Capri/99.png,0.03486345,0.04878556,0.03525864,0.022707002,0.0075959875,0.024682632,0.190518,0.014501269,0.0044488767,0.046188843,0.006392403,0.0054382687,0.2119419,0.022506464,0.040065575,0.019205056,0.25580272,0.009097369
Venezuela Angel Falls/1.angel-falls-venezuela.jpg,0.097558245,0.034644168,0.036001332,0.04547764,0.03173995,0.07482323,0.037967466,0.0703608,0.049469627,0.037459638,0.069417484,0.07951924,0.07588329,0.04019497,0.049719017,0.031287394,0.06491551,0.07356114
Venezuela Angel Falls/10.Angel-Falls-Venezuela-03.jpg,0.04684511,0.029037934,0.025804378,0.06187841,0.11929835,0.05073388,0.08476014,0.069902346,0.040587317,0.078141145,0.042388633,0.027297612,0.026366431,0.029108863,0.053220585,0.061978936,0.05869291,0.09395709
Venezuela Angel Falls/10.jpg,0.03598879,0.03393875,0.018434513,0.06020533,0.11687118,0.06502409,0.044255048,0.11225693,0.032866158,0.052351236,0.04478733,0.06369072,0.014962222,0.02237263,0.0681755,0.027078314,0.016039835,0.17070141
Venezuela Angel Falls/101.jpg,0.06773398,0.024158029,0.016107045,0.059095442,0.057250537,0.09105635,0.03805538,0.10623916,0.066158555,0.10182336,0.056198753,0.02803344,0.024091309,0.026216105,0.027230427,0.05736827,0.05996889,0.09321502
Venezuela Angel Falls/102.jpg,0.042640198,0.023062123,0.01331215,0.016251609,0.08876698,0.024166008,0.049140636,0.09074929,0.044065453,0.065295905,0.005263572,0.017007278,0.009512975,0.004818832,0.03824749,0.042921465,0.006012541,0.41876543
Venezuela Angel Falls/103.jpg,0.03533646,0.008544233,0.014733984,0.05254896,0.27898955,0.04488757,0.04017402,0.070588045,0.029041102,0.016316151,0.04719227,0.04249531,0.027417092,0.01706185,0.107662514,0.030003728,0.019067265,0.11793984
Venezuela Angel Falls/106.jpg,0.014181563,0.024529418,0.035726044,0.034151945,0.15954907,0.05580294,0.0847554,0.09351797,0.037559513,0.04724277,0.012396108,0.017462878,0.0112850955,0.011172154,0.04493322,0.032112088,0.01597665,0.26764527
Venezuela Angel Falls/11.Angel_20falls_20panoramic.jpg,0.17613864,0.0057000844,0.0051211156,0.051579718,0.024631666,0.031395074,0.020461624,0.028337214,0.01697379,0.010187537,0.048787907,0.17713717,0.19060454,0.02172576,0.073008694,0.010933117,0.025967529,0.08130878
Venezuela Angel Falls/11.jpg,0.033101574,0.02945681,0.022467598,0.049641438,0.06042054,0.06708973,0.019848146,0.21865468,0.072463006,0.037933458,0.04679746,0.0945135,0.016879525,0.011248258,0.036056485,0.021127557,0.021736657,0.14056353
Venezuela Angel Falls/12.Angel-Falls-Venezuela.jpg,0.024467343,0.0040956945,0.0014986563,0.015126809,0.43148732,0.01577773,0.015706934,0.028411796,0.014482672,0.009749285,0.0034969044,0.009722499,0.0021509803,0.00089328905,0.055178672,0.057859745,0.00049068365,0.3094029
Venezuela Angel Falls/12.jpg,0.01906056,0.015000003,0.008965023,0.03441661,0.20647411,0.039349023,0.022083057,0.043441217,0.061782636,0.038755808,0.0073805163,0.011306819,0.0035609014,0.0020225844,0.030968372,0.07731016,0.0024728847,0.37564966
Venezuela Angel Falls/13.jpg,0.16105366,0.01112003,0.033061936,0.01899773,0.25612524,0.05444409,0.032871068,0.046156403,0.027281515,0.017544411,0.010988041,0.03151414,0.021995205,0.022922765,0.026039816,0.12031123,0.009678472,0.097894296
Venezuela Angel Falls/13.venezuela_angelfalls.jpg,0.059690963,0.10218265,0.03322351,0.05954328,0.07656108,0.06633665,0.079593025,0.035313837,0.0505644,0.062636144,0.06377472,0.06993026,0.018970106,0.04906708,0.052339926,0.047577642,0.03196195,0.040732656
Venezuela Angel Falls/14.foto_1379377578.jpg,0.024640774,0.022149015,0.02976521,0.0186896,0.06056757,0.04754665,0.082782045,0.12874614,0.025361696,0.10176999,0.00540066,0.006829021,0.02298311,0.011898218,0.021751512,0.051328525,0.02828031,0.30950996
Venezuela Angel Falls/14.jpg,0.26334408,0.029291317,0.045500748,0.050603297,0.08361808,0.052534737,0.021920474,0.022020409,0.07430736,0.04807869,0.08553963,0.05081903,0.040852472,0.02557775,0.029452037,0.036729798,0.016527489,0.023282694
Venezuela Angel Falls/15.jpg,0.13735595,0.008456332,0.011414975,0.046931338,0.027949268,0.050489083,0.043858822,0.066275716,0.016815841,0.022185162,0.0373533,0.11496154,0.146353,0.030732384,0.040375795,0.01841838,0.052176647,0.12789664
Venezuela Angel Falls/16.B3-CJ467_VENFAL_TOP_20181113222608.jpg,0.13276298,0.035891265,0.030769411,0.049124084,0.037974253,0.0714914,0.03708096,0.043667417,0.05153269,0.05155394,0.06852745,0.0726131,0.06139669,0.036939695,0.049291987,0.0655958,0.054710895,0.049075987
Venezuela Angel Falls/17.even-take-me-many-hours.jpg,0.035553627,0.006784092,0.0039822217,0.09837834,0.06083382,0.066423215,0.021739678,0.018774657,0.054341193,0.032525595,0.35561207,0.04817196,0.0340515,0.021711092,0.068155505,0.01423466,0.035880633,0.022846118
Venezuela Angel Falls/17.jpg,0.030010283,0.017938811,0.019223982,0.030629972,0.08120671,0.04472727,0.031925026,0.064786755,0.047971975,0.05022418,0.010167042,0.027306275,0.005665766,0.0036213156,0.023052488,0.057821162,0.0040919855,0.44962892
Venezuela Angel Falls/18.banner_CANOETOANGELFALLS2018_2-1170x400.jpg,0.25634998,0.017664285,0.0015963721,0.025760239,0.09104565,0.005112385,0.01070099,0.0011882995,0.014744077,0.0034876717,0.016468525,0.12256507,0.04228401,0.003283941,0.3404467,0.020224584,0.0015255542,0.025551716
Venezuela Angel Falls/18.jpg,0.0403399,0.029698601,0.0373748,0.054781348,0.07815537,0.025870264,0.043871943,0.06644114,0.15253416,0.14428079,0.011299344,0.014228054,0.019802144,0.006773983,0.018476367,0.07263728,0.034845218,0.14858924
Venezuela Angel Falls/19.article-1470399223_1170_531_75_0.jpg,0.080400124,0.015129087,0.013991991,0.022200732,0.02797348,0.028237835,0.03359509,0.051095538,0.016342584,0.020569136,0.016132582,0.12261891,0.09924924,0.019919751,0.059104033,0.017093997,0.021472264,0.33487365
Venezuela Angel Falls/19.jpg,0.030980602,0.039005354,0.020678949,0.047474727,0.08017028,0.04328476,0.02924624,0.102210484,0.12213649,0.13658215,0.031931713,0.019601204,0.012694247,0.01110997,0.038958676,0.042466525,0.018499998,0.17296764
Venezuela Angel Falls/2.angel_venezuela2_big.jpg,0.14045215,0.008353898,0.004215173,0.023578122,0.1900704,0.033533163,0.04414865,0.04591475,0.020233003,0.017214356,0.009071464,0.05655245,0.009568494,0.00706993,0.043316748,0.10939989,0.004053588,0.23325399
Venezuela Angel Falls/2.jpg,0.11938306,0.038545314,0.023596877,0.042141102,0.04363577,0.06026236,0.077521436,0.046733692,0.023710426,0.045829047,0.03152895,0.08422983,0.06774421,0.05194958,0.04920079,0.045063578,0.055797298,0.093126625
Venezuela Angel Falls/20.jpg,0.04506124,0.02801225,0.015534715,0.084822096,0.2866421,0.025136499,0.019163063,0.039165415,0.08343911,0.048124135,0.03509995,0.023430873,0.009180712,0.006445346,0.070088506,0.09063218,0.013905063,0.076116785
Venezuela Angel Falls/21.jpg,0.08174203,0.018100882,0.006381394,0.037840296,0.3757239,0.038560264,0.037244357,0.018184606,0.014458988,0.010200448,0.019625582,0.04783959,0.008539566,0.010555219,0.1123263,0.09206016,0.0040872963,0.06652891
Venezuela Angel Falls/21.panoramicasalto1200.jpg,0.039886527,0.12469298,0.035776526,0.040970493,0.081527114,0.024354624,0.028442191,0.11340316,0.08696231,0.09906447,0.011858854,0.049416497,0.009138817,0.005691094,0.020141695,0.026961045,0.009376949,0.19233471
Venezuela Angel Falls/22.jpg,0.028698755,0.0060796533,0.0036997804,0.01672983,0.46244067,0.0149468165,0.039383747,0.034695126,0.009508901,0.012665075,0.0068896753,0.014979795,0.0076223034,0.0039405324,0.12568018,0.061703634,0.003433599,0.14690182
Venezuela Angel Falls/23.DQmSSmv9cry6E4Snou5XyMcRS33e9tPJzRHsLqALC8wKCHB_1680x8400.jpg,0.076570295,0.040036824,0.047501795,0.069964945,0.049559336,0.042231556,0.074579254,0.062484525,0.044014156,0.05131546,0.062712684,0.051290516,0.06110861,0.0501234,0.049565047,0.042603765,0.045658503,0.078679375
Venezuela Angel Falls/23.jpg,0.04921089,0.042868778,0.05087658,0.08727212,0.14467803,0.031050479,0.025310574,0.09649299,0.096754074,0.051039565,0.043766253,0.05408275,0.018167442,0.014828028,0.04297279,0.042179845,0.037489463,0.070959345
Venezuela Angel Falls/24.angel_sausage_2_big.jpg,0.12573956,0.02865342,0.024995178,0.08845647,0.070451245,0.06627989,0.041773383,0.06222758,0.054481827,0.10822753,0.044530436,0.05566267,0.017372755,0.023482561,0.010603945,0.060527958,0.040690497,0.075842984
Venezuela Angel Falls/24.jpg,0.12321127,0.1062722,0.052494068,0.033490058,0.02851622,0.03589391,0.068841994,0.030497568,0.04090257,0.05797302,0.029834574,0.09048073,0.04756387,0.042342905,0.061389565,0.048931673,0.037807193,0.06355656
Venezuela Angel Falls/25.jpg,0.027447607,0.046418536,0.027213192,0.03643748,0.19561028,0.08119043,0.083139956,0.116163984,0.030174863,0.020527244,0.044342663,0.061879992,0.014778983,0.056146763,0.044176012,0.027275382,0.026285341,0.060791284
Venezuela Angel Falls/27.jpg,0.012517629,0.004542326,0.008321197,0.054170277,0.10365265,0.051742394,0.020040333,0.011246103,0.49613345,0.02933219,0.0573538,0.009348878,0.009194169,0.0023195609,0.022741098,0.04669873,0.013016217,0.04762893
Venezuela Angel Falls/28.angel-waterfall-venezuela-720x340.jpg,0.017014341,0.0068371342,0.0068600792,0.010714066,0.041446593,0.019545,0.030985316,0.08073357,0.010126886,0.020183027,0.0028486308,0.009882382,0.0032149646,0.002057223,0.016980402,0.020765886,0.0019287966,0.69787574
Venezuela Angel Falls/28.jpg,0.102660425,0.03569745,0.015110697,0.029753132,0.061306834,0.018171301,0.049385265,0.021223191,0.013623383,0.017648278,0.020984128,0.12381914,0.116533026,0.024172256,0.17650491,0.015662564,0.019538512,0.13820541
Venezuela Angel Falls/29.jpg,0.0448062,0.023406424,0.01065601,0.030024199,0.27738142,0.020894123,0.069241226,0.019791933,0.04737104,0.04813109,0.008065384,0.013269472,0.013956322,0.0041066487,0.11992203,0.089717455,0.009684517,0.14957446
Venezuela Angel Falls/3.angel_falls_2016_01_big.jpg,0.03298284,0.021319639,0.03232996,0.020735972,0.035304416,0.057769693,0.09485787,0.08351475,0.03525051,0.10641018,0.0055349777,0.0068386183,0.027779488,0.008907832,0.016565915,0.0637711,0.038947627,0.31117865
Venezuela Angel Falls/3.jpg,0.112535,0.058338996,0.045014936,0.04499938,0.04876962,0.04902053,0.042014565,0.055865932,0.043893542,0.034918375,0.03972817,0.11221195,0.053924777,0.038513094,0.061420064,0.039536666,0.039874066,0.07942038
Venezuela Angel Falls/30.guiana1.jpg,0.057975374,0.015433029,0.016148353,0.019297931,0.024464682,0.04148622,0.044116613,0.054231036,0.048902962,0.25514352,0.0021123113,0.004054247,0.03268253,0.005689084,0.007506777,0.14714001,0.06183345,0.16178173
Venezuela Angel Falls/30.jpg,0.022540038,0.007280798,0.008317962,0.030186078,0.44036505,0.014050176,0.018431842,0.02679865,0.05535133,0.015603178,0.036866233,0.02579293,0.012352388,0.0071565057,0.15607762,0.01818905,0.005641431,0.09899885
Venezuela Angel Falls/31.jpg,0.071112,0.010600859,0.019428996,0.025120892,0.056934252,0.06961418,0.06439953,0.111835726,0.017093461,0.025842356,0.027707767,0.0957311,0.05456679,0.035951644,0.04398775,0.030411638,0.02592772,0.21373335
Venezuela Angel Falls/32.articles-the-wanderlust-guide-to-the-best-of-venezuela.jpg,0.02067483,0.027945671,0.055460062,0.042095147,0.123133354,0.050549533,0.070771255,0.120276935,0.056771632,0.059210673,0.018246118,0.018978287,0.020529386,0.016056921,0.036139134,0.049650352,0.03418792,0.17932267
Venezuela Angel Falls/32.jpg,0.018006671,0.032782175,0.115351245,0.030728117,0.23658119,0.028738288,0.11216915,0.050545108,0.011822806,0.026301963,0.015513194,0.027468735,0.01744696,0.032233443,0.12534463,0.021318862,0.030599888,0.067047484
Venezuela Angel Falls/33.jpg,0.061233304,0.010867869,0.017261745,0.0552002,0.04730378,0.05756664,0.076055735,0.05603547,0.020617716,0.03389706,0.022893159,0.03946747,0.07389026,0.0141446795,0.04836052,0.038186975,0.03637746,0.2906399
Venezuela Angel Falls/34.jpg,0.018667672,0.017322235,0.039798673,0.026620405,0.14200094,0.04300914,0.0925255,0.13984369,0.01878442,0.05915441,0.018573567,0.012853133,0.023680342,0.015967479,0.054267112,0.03803055,0.03165263,0.20724812
Venezuela Angel Falls/37.9e4e460b62a2f1fa70e1b522af74d802.jpg,0.04121291,0.04888506,0.028346805,0.053416483,0.061726514,0.049032416,0.035368126,0.1151121,0.08128613,0.11391577,0.034728885,0.043691676,0.033942133,0.025799252,0.036995888,0.03472065,0.043614868,0.1182042
Venezuela Angel Falls/37.jpg,0.016347202,0.0077394787,0.0073298872,0.018537262,0.49817663,0.018376615,0.023089997,0.050132744,0.015876563,0.010867564,0.0055797445,0.0062379576,0.0072117173,0.005134131,0.082082376,0.061863873,0.0041856123,0.1612307
Venezuela Angel Falls/38.0130.jpg,0.026419643,0.0699653,0.10746289,0.06273944,0.04585041,0.06494967,0.07237637,0.07005922,0.06596236,0.05952347,0.064232744,0.057208337,0.026231017,0.039448883,0.030773692,0.025676778,0.078146994,0.032972798
Venezuela Angel Falls/38.jpg,0.06367758,0.008689725,0.009778319,0.011002703,0.0662774,0.05399857,0.071075484,0.12887444,0.024887554,0.02705015,0.014466408,0.060930543,0.04643193,0.02460995,0.046022013,0.036018472,0.020214839,0.28599393
Venezuela Angel Falls/39.jpg,0.01828577,0.0078302715,0.017349865,0.032811478,0.24658802,0.021168737,0.022932742,0.02638834,0.2751578,0.038093485,0.026600404,0.011620241,0.010467164,0.0042695864,0.053193364,0.03682562,0.0073477295,0.14306945
Venezuela Angel Falls/4.destination_149189018958ec700d6d7c2.jpg,0.023181614,0.021498982,0.016663842,0.06216532,0.254831,0.05800635,0.045077246,0.083705045,0.0413836,0.053184386,0.01411144,0.015469587,0.0053908066,0.00824252,0.023301829,0.062244542,0.009913371,0.20162858
Venezuela Angel Falls/4.jpg,0.015200447,0.01694295,0.009784362,0.03570663,0.5976101,0.012863463,0.012932085,0.049665563,0.017970841,0.01951941,0.008674035,0.0077453554,0.0043062633,0.0036192841,0.05398426,0.04513089,0.0024440854,0.08589997
Venezuela Angel Falls/40.SAVE105_6_4.jpg,0.09857545,0.031137273,0.083567224,0.034275744,0.026985202,0.036530674,0.103052035,0.067219675,0.017587679,0.11814702,0.01728568,0.03306056,0.044791147,0.044518054,0.010296565,0.040931545,0.106867455,0.085170984
Venezuela Angel Falls/40.jpg,0.06936796,0.025579555,0.028058609,0.042977612,0.046191774,0.0672309,0.039303098,0.036758434,0.11511785,0.20569761,0.07282766,0.03164053,0.034510426,0.026788998,0.017253343,0.045766354,0.044165153,0.0507642
Venezuela Angel Falls/41.jpg,0.13866194,0.012755634,0.011345616,0.071162455,0.09682999,0.056377977,0.023340391,0.016724149,0.03227477,0.015320124,0.16512163,0.094365485,0.056362372,0.021084825,0.10045157,0.0334411,0.020224899,0.03415512
Venezuela Angel Falls/42.foto_1378937215.jpg,0.063728526,0.011479709,0.011625489,0.020317756,0.07583256,0.016962327,0.04700037,0.05662205,0.010044022,0.013203953,0.0108698765,0.11603011,0.06760792,0.01818653,0.11059567,0.016865183,0.015527972,0.3174999
Venezuela Angel Falls/42.jpg,0.06323922,0.013625924,0.011104727,0.04080864,0.054579224,0.06227023,0.07259894,0.0777002,0.029428044,0.17884773,0.03568681,0.020052131,0.029135244,0.029298779,0.032258164,0.04639078,0.05278057,0.15019472
Venezuela Angel Falls/43.jpg,0.011260771,0.029075842,0.047057092,0.027716892,0.05698566,0.01019458,0.013002257,0.038644787,0.4243799,0.156149,0.00250445,0.0032512865,0.0035119758,0.0008698325,0.0057864576,0.03141788,0.006093393,0.13209794
Venezuela Angel Falls/44.940000004-angel-falls-canaima-national-park-venezuela.jpg,0.06970622,0.020003637,0.027112914,0.037189875,0.39398,0.017477216,0.04297671,0.021931117,0.008952511,0.007988052,0.022403419,0.050150186,0.0176231,0.02597409,0.15328169,0.026679646,0.0075774114,0.04899223
Venezuela Angel Falls/44.jpg,0.040311646,0.01400246,0.009949881,0.034941506,0.095349774,0.04174137,0.0574057,0.107888915,0.04297008,0.13374218,0.012958251,0.011168572,0.015894528,0.012037199,0.01809397,0.054295376,0.026273819,0.2709748
Venezuela Angel Falls/45.jpg,0.046845946,0.06257796,0.047083814,0.059062723,0.08949876,0.05808454,0.06972129,0.050168514,0.04008668,0.046353232,0.06265777,0.059430495,0.03544409,0.058880683,0.063508175,0.04170435,0.057035133,0.051855836
Venezuela Angel Falls/46.2.jpg,0.022623356,0.036697034,0.012491224,0.075088575,0.38972664,0.01745263,0.018739508,0.035732627,0.084927626,0.044336684,0.023480743,0.005530549,0.003094165,0.0029446627,0.08031649,0.02617529,0.0025625573,0.11807953
Venezuela Angel Falls/46.jpg,0.14214715,0.016369388,0.020318363,0.037174493,0.16830553,0.03936702,0.03812725,0.046191826,0.039012253,0.01778679,0.03162241,0.06570827,0.07021819,0.02283139,0.09247698,0.06576443,0.027458975,0.059119318
Venezuela Angel Falls/48.Venezuela-Abseil-Angel-Falls-image-of-Auyan-Tepui-c-WallDevil.jpg,0.04334899,0.02886042,0.027294505,0.036627036,0.044261955,0.065945975,0.044803105,0.15384875,0.039446104,0.074405186,0.018501569,0.030995037,0.020598607,0.014496124,0.027493773,0.036698803,0.023271592,0.26910254
Venezuela Angel Falls/48.jpg,0.03332142,0.030406583,0.097965136,0.105764575,0.098068014,0.04612593,0.057963554,0.06496724,0.08517648,0.035715908,0.0901783,0.029369755,0.022357564,0.017847601,0.028423723,0.04827696,0.072871074,0.03520013
Venezuela Angel Falls/49.jpg,0.088858284,0.0042434833,0.005731284,0.054672964,0.06620216,0.08944223,0.012972046,0.024927422,0.05109534,0.009845221,0.3148807,0.10974075,0.0520983,0.024911964,0.037645523,0.009324011,0.016050294,0.027357856
Venezuela Angel Falls/5.angel-falls-venezuela.jpg,0.020765606,0.007684649,0.0071917204,0.013756179,0.05394736,0.049312588,0.3242419,0.029938918,0.010357566,0.07495673,0.010377563,0.0040710177,0.072645016,0.030272176,0.05360364,0.03586985,0.06447496,0.13653249
Venezuela Angel Falls/5.jpg,0.016484104,0.010086185,0.015757293,0.04835011,0.15373108,0.03352717,0.016201094,0.020071248,0.38790375,0.052325483,0.017887661,0.0077352906,0.007853111,0.002430991,0.022695007,0.08071583,0.010603834,0.09564064
Venezuela Angel Falls/50.jpg,0.030654639,0.055095125,0.048453588,0.015282988,0.0257592,0.02673039,0.04292576,0.16225478,0.039905656,0.11244616,0.0044822423,0.022811677,0.010715128,0.0053791422,0.014139742,0.033837058,0.014358949,0.33476788
Venezuela Angel Falls/51.Venezuela.jpg,0.028667534,0.007899251,0.007339212,0.067042455,0.120177835,0.08248411,0.01874694,0.04418604,0.13585089,0.04875813,0.15695564,0.03665325,0.026354747,0.014430819,0.062943354,0.025717566,0.030484078,0.08530823
Venezuela Angel Falls/52.collage.jpg,0.12590618,0.019349901,0.011967481,0.050188918,0.10443217,0.029873053,0.047583614,0.018611023,0.013450503,0.011861777,0.05979494,0.13255143,0.056831717,0.024357796,0.18277033,0.02129616,0.013229757,0.07594327
Venezuela Angel Falls/52.jpg,0.033885915,0.08410062,0.04946031,0.013397549,0.0333515,0.036370136,0.030629983,0.08263634,0.10881073,0.22834893,0.0065391557,0.01661571,0.025795007,0.007850548,0.023423275,0.042569984,0.024000915,0.15221322
Venezuela Angel Falls/53.4a7f9ef01c1827743faebba4f7038534.jpg,0.04639554,0.029076377,0.02775168,0.008423617,0.044690624,0.02561732,0.07521361,0.15475316,0.015927203,0.050998278,0.0033424816,0.018823702,0.018156582,0.01312765,0.027343623,0.024462823,0.011222042,0.40467373
Venezuela Angel Falls/53.jpg,0.0058840797,0.009445171,0.0074083162,0.0281688,0.21447036,0.019802269,0.018369935,0.025614379,0.4202923,0.045902982,0.01550556,0.0066037658,0.003926449,0.0019280957,0.029290443,0.039848477,0.004527581,0.103011005
Venezuela Angel Falls/54.53951.jpg,0.073564455,0.033405185,0.030000152,0.076498315,0.16089328,0.041348048,0.04246379,0.07868336,0.04794207,0.059623178,0.03137785,0.069451146,0.026974441,0.036735658,0.025656467,0.06281076,0.034914393,0.06765769
Venezuela Angel Falls/54.jpg,0.05657967,0.0046685706,0.003461257,0.0139865875,0.01313855,0.07185463,0.43429506,0.020267798,0.0018992443,0.032792296,0.0055992026,0.0043917373,0.053465325,0.048198365,0.0062580304,0.036656246,0.14263158,0.0498558
Venezuela Angel Falls/55.CmEsfRoUgAAlb7x.jpg,0.06302677,0.025614027,0.01730188,0.039504744,0.26168713,0.022035846,0.038004212,0.039363455,0.02408781,0.013674834,0.019000053,0.065049,0.031239804,0.017359434,0.14094436,0.034092847,0.012756951,0.13525678
Venezuela Angel Falls/55.jpg,0.1295466,0.056955177,0.038557723,0.042421315,0.049989756,0.048410043,0.05398147,0.04020384,0.032768242,0.041827515,0.035344332,0.08757969,0.05747041,0.042040568,0.057791624,0.059179496,0.05485458,0.07107762
Venezuela Angel Falls/56.jpg,0.06469266,0.05731043,0.07281995,0.06830868,0.08004916,0.057698276,0.047010884,0.04900132,0.046876613,0.031524774,0.07332083,0.05679218,0.03694616,0.033338204,0.060418185,0.05562967,0.0639347,0.04432747
Venezuela Angel Falls/56.venezuela_and_3_guyanas_tour.jpg,0.043787114,0.0132387765,0.010540072,0.012335755,0.08689043,0.03245967,0.049545188,0.1363583,0.009688315,0.024008052,0.0037334491,0.020121993,0.011102898,0.0061816485,0.03980269,0.056670807,0.0056089424,0.43792585
Venezuela Angel Falls/57.foto_1376057079.jpg,0.027036978,0.063078955,0.060547553,0.036238723,0.040625323,0.047356308,0.04745278,0.11358977,0.10295287,0.12590444,0.013208908,0.024492921,0.02008618,0.0098881945,0.024327226,0.056041904,0.03908666,0.14808428
Venezuela Angel Falls/57.jpg,0.038139842,0.023984756,0.03294702,0.0078049256,0.020893954,0.04182674,0.08358009,0.13471793,0.012629262,0.092871495,0.0039829416,0.010317888,0.038177155,0.019737666,0.01757993,0.03610978,0.032215163,0.35248345
Venezuela Angel Falls/58.angel_fall-29.jpg,0.0696675,0.029806806,0.031761475,0.073805295,0.059409846,0.08844368,0.038472798,0.06871382,0.051294398,0.05246888,0.07505199,0.06680849,0.052504953,0.038956862,0.03734252,0.045181077,0.052982718,0.06732686
Venezuela Angel Falls/58.jpg,0.19033255,0.005747914,0.010496896,0.018461768,0.12673599,0.030412562,0.06412622,0.13950595,0.03539839,0.030332956,0.054884076,0.015281544,0.04208792,0.0094704935,0.012672056,0.17645425,0.014759358,0.022839148
Venezuela Angel Falls/59.wtaerfall-feature.jpg,0.0224132,0.023223193,0.022757135,0.2033616,0.0960257,0.025529835,0.21506321,0.058591083,0.008828965,0.008585047,0.07166492,0.007605549,0.011853496,0.012474098,0.07824586,0.002488314,0.0077471463,0.12354175
Venezuela Angel Falls/6.23d9b9ee5f4ebadca59b53927d7de0c1.jpg,0.060659412,0.013323628,0.009012931,0.03289478,0.07427082,0.036103006,0.03806227,0.085246176,0.029333835,0.03856992,0.0172811,0.06360575,0.012972978,0.006850627,0.04821463,0.042829327,0.0066971546,0.38407177
Venezuela Angel Falls/6.jpg,0.07260452,0.056580115,0.025181377,0.053589564,0.054983012,0.10967753,0.04320998,0.045345318,0.053907596,0.056025382,0.0775038,0.06835297,0.033983164,0.053592794,0.034701094,0.05575568,0.059932392,0.045073617
Venezuela Angel Falls/60.angelpng.jpg,0.07652508,0.021296458,0.027312854,0.027539963,0.026699532,0.06478706,0.07223024,0.06957838,0.035295766,0.068193145,0.025030302,0.051001918,0.09040132,0.037418608,0.026874961,0.049576856,0.0691581,0.16107936
Venezuela Angel Falls/60.jpg,0.034350008,0.08402002,0.023199752,0.048185457,0.11508524,0.10108744,0.06239919,0.068508305,0.060098957,0.044115774,0.071524695,0.053029113,0.018016022,0.044819184,0.046521507,0.037011515,0.027040487,0.0609874
Venezuela Angel Falls/62.Angel_Falls-724x321.jpg,0.03433571,0.0013686826,0.0028824776,0.023162652,0.056465548,0.023888286,0.0045654094,0.0054214387,0.406379,0.013853915,0.2850981,0.03402696,0.043910515,0.0066069765,0.03221927,0.0045749824,0.014595694,0.006644348
Venezuela Angel Falls/62.jpg,0.06773402,0.056589946,0.098232225,0.031289726,0.13762262,0.0494232,0.030973926,0.09616437,0.043624945,0.09141533,0.025443036,0.023844479,0.02560426,0.029290784,0.027743122,0.0682485,0.032358184,0.06439726
Venezuela Angel Falls/63.Angel-Falls-Venezuela.jpg,0.023752764,0.00806536,0.010769974,0.017330313,0.05936215,0.07152729,0.1594891,0.10462565,0.010665048,0.07453899,0.008371405,0.0044972487,0.043714434,0.022717392,0.03268025,0.046093397,0.050530665,0.25126866
Venezuela Angel Falls/63.jpg,0.025151828,0.021104384,0.010567398,0.026950045,0.11164497,0.04374322,0.028319653,0.107963294,0.016251974,0.034938402,0.0041888463,0.014578181,0.0029818343,0.0040786355,0.01544324,0.041969378,0.0028479737,0.4872767
Venezuela Angel Falls/64.jpg,0.024219725,0.015739826,0.03707258,0.031074617,0.15278123,0.032980308,0.07757916,0.06245867,0.049214818,0.051791452,0.018388465,0.021532226,0.020914085,0.01044821,0.068732984,0.05303379,0.01927742,0.25276035
Venezuela Angel Falls/65.jpg,0.03680537,0.0050371564,0.0050100093,0.079199046,0.03376225,0.1002132,0.023201717,0.015282806,0.03156876,0.019981427,0.4933348,0.032037336,0.024009477,0.0199793,0.030524533,0.009284278,0.0274021,0.013366403
Venezuela Angel Falls/65.panorama-clouds-surround-angel-falls-canaima-np-venezuela-dave-welling.jpg,0.09501038,0.030987067,0.04348941,0.024914222,0.09992578,0.058702704,0.15191092,0.063284695,0.0069237384,0.05301606,0.00873781,0.023778075,0.04299904,0.070098594,0.046921693,0.043676995,0.055973485,0.079649374
Venezuela Angel Falls/66.jpg,0.0435502,0.03195369,0.012787449,0.07393732,0.07231646,0.08110911,0.027710168,0.060016617,0.08785412,0.094495915,0.085798725,0.034941465,0.021230463,0.018927246,0.050443508,0.050610445,0.0294972,0.1228199
Venezuela Angel Falls/67.jpg,0.096545584,0.03341626,0.023295207,0.047685467,0.035142455,0.06890742,0.06052719,0.051154394,0.04863416,0.14837235,0.044543214,0.045287058,0.039574895,0.039056934,0.01910025,0.06320249,0.06993271,0.065622
Venezuela Angel Falls/68.jpg,0.079257585,0.05497607,0.035277,0.04300169,0.121929295,0.02354474,0.01938147,0.051048946,0.15323122,0.01883719,0.021385385,0.16960056,0.03035655,0.009662258,0.052471425,0.034023087,0.013560031,0.068455495
Venezuela Angel Falls/68.saltodelangel_auyantepui2_01.jpg,0.10835369,0.048824262,0.116465196,0.025617281,0.06803208,0.04922369,0.03165273,0.056712832,0.039580096,0.17042859,0.019724684,0.026396671,0.030430192,0.033933174,0.01957805,0.05040448,0.033374358,0.07126805
Venezuela Angel Falls/69.iStock_000035594354_Large-1.jpg,0.13800976,0.012043465,0.010581303,0.07166658,0.08806494,0.04650825,0.030228764,0.018872457,0.0456911,0.016149424,0.18311016,0.095083214,0.04355151,0.018739918,0.09452794,0.02651339,0.026551245,0.03410667
Venezuela Angel Falls/69.jpg,0.102606826,0.042494923,0.026190542,0.0071609705,0.015156204,0.07234178,0.056186415,0.010220984,0.02045298,0.052865148,0.015140263,0.019351907,0.3264037,0.078966595,0.038490262,0.034809943,0.06080447,0.020356039
Venezuela Angel Falls/7.image1.jpg,0.10153454,0.04071247,0.025512818,0.060776025,0.08710021,0.048355605,0.02995798,0.041917134,0.050064422,0.028512252,0.07652757,0.09263047,0.05440943,0.028988294,0.08792119,0.04464713,0.047093015,0.05333949
Venezuela Angel Falls/7.jpg,0.04747202,0.018832978,0.015292689,0.024521418,0.052293453,0.03484807,0.0502616,0.07669645,0.022545706,0.037580047,0.009646771,0.03444374,0.010425589,0.004745142,0.04291683,0.042939216,0.005563918,0.46897435
Venezuela Angel Falls/70.4176796264.jpg,0.03620068,0.14729664,0.021366639,0.03602991,0.09542242,0.09831431,0.053623278,0.035170134,0.09819492,0.045857448,0.066609085,0.049791027,0.016842222,0.033760503,0.048832808,0.05556398,0.020396957,0.040727127
Venezuela Angel Falls/70.jpg,0.19511642,0.01944491,0.023782123,0.019213377,0.2943563,0.046523042,0.031454273,0.016169293,0.016308898,0.017690497,0.0059058904,0.028287094,0.015400002,0.018398672,0.025203036,0.16421367,0.008368681,0.054163884
Venezuela Angel Falls/71.jpg,0.16155171,0.03267649,0.018521633,0.022369985,0.0666418,0.015374376,0.07174589,0.024391603,0.008003654,0.016105676,0.016055893,0.11087133,0.091128014,0.02238816,0.1789796,0.017997256,0.018304689,0.10689228
Venezuela Angel Falls/72.jpg,0.11477686,0.04238964,0.03696095,0.04477205,0.035263594,0.061006688,0.046350908,0.05661156,0.04827369,0.0844413,0.038799934,0.065321274,0.05725598,0.037292678,0.029835192,0.06474195,0.064978056,0.0709278
Venezuela Angel Falls/73.jpg,0.011013717,0.059970226,0.07650712,0.019790197,0.061584745,0.036259286,0.02924856,0.1474533,0.087435044,0.09624467,0.0027627354,0.008039627,0.0052043153,0.0023828705,0.010048916,0.045974214,0.011186858,0.28889367
Venezuela Angel Falls/74.jpg,0.026433827,0.012421003,0.008781235,0.042894028,0.07014388,0.11831762,0.29433027,0.023272468,0.0154383425,0.0581948,0.018660363,0.008914498,0.028107964,0.019949904,0.03798492,0.048269533,0.05808828,0.10979707
Venezuela Angel Falls/75.Angel-Falls-Venezuela.jpg,0.059448697,0.071925275,0.03270039,0.06258759,0.0638648,0.08325878,0.04473688,0.04524169,0.042747114,0.055418245,0.07706629,0.064880915,0.03525704,0.05582816,0.048208494,0.04164452,0.06270536,0.052479733
Venezuela Angel Falls/75.jpg,0.055061717,0.007772827,0.0069020665,0.013780443,0.2630358,0.02049927,0.083721295,0.067680515,0.007814388,0.016991802,0.009630606,0.037972067,0.022454884,0.012819964,0.13977252,0.05008224,0.011070062,0.17293765
Venezuela Angel Falls/77.jpg,0.044444665,0.013586021,0.027527783,0.01610856,0.06564198,0.050948948,0.07757859,0.06270112,0.02705018,0.06826819,0.0020252294,0.0026384678,0.02270926,0.0050246837,0.011876388,0.19999355,0.045295015,0.2565814
Venezuela Angel Falls/78.jpeg,0.054601718,0.05370967,0.027917217,0.04063923,0.09149614,0.08678756,0.050639365,0.055368673,0.05181607,0.035503715,0.060301352,0.08285542,0.039749384,0.066521764,0.05167087,0.039956868,0.05140005,0.059064806
Venezuela Angel Falls/79.jpg,0.0850639,0.0217582,0.033543758,0.016738532,0.10072425,0.060549054,0.021345278,0.05435487,0.11532479,0.116375424,0.010044751,0.0064004594,0.028294282,0.008899442,0.020157695,0.16480824,0.016570034,0.11904702
Venezuela Angel Falls/8.jpg,0.039184526,0.010694051,0.010451558,0.07741262,0.29581383,0.017511973,0.02494548,0.018153941,0.14036736,0.01969542,0.06378145,0.048490085,0.016593533,0.005101051,0.098445244,0.035519864,0.014279577,0.063558474
Venezuela Angel Falls/80.Met-de-boot-naar-de-Angel-Falls-waterval-in-Canaima-national-park.jpg,0.013453311,0.008254216,0.01645608,0.012334907,0.066324525,0.039005283,0.4652447,0.019860895,0.0027731399,0.018429367,0.0070613204,0.0049015554,0.068530634,0.03452317,0.063738,0.021517344,0.07822514,0.059366398
Venezuela Angel Falls/80.jpg,0.07201359,0.019678768,0.021538844,0.025524395,0.028574308,0.028758075,0.049059685,0.012661022,0.10079153,0.041679155,0.049740538,0.06795406,0.20412892,0.03189929,0.117864385,0.020764496,0.059039,0.048329867
Venezuela Angel Falls/81.jpg,0.08642227,0.019689867,0.022382453,0.016110633,0.029928802,0.04018862,0.10248902,0.11588594,0.009192255,0.04202754,0.007937531,0.04879404,0.031374,0.019589607,0.02291645,0.019570528,0.0182348,0.34726563
Venezuela Angel Falls/82.jpg,0.057029914,0.07871912,0.0511771,0.023774859,0.026660476,0.057079308,0.05723439,0.07012757,0.053280324,0.10190195,0.016375534,0.03736552,0.059664845,0.031763863,0.04103248,0.053445205,0.05110144,0.13226622
Venezuela Angel Falls/83.banner_FLYOVERANGEL2018_1-1170x400.jpg,0.029903993,0.012021178,0.0042560864,0.021018343,0.18778077,0.02564118,0.031551648,0.048186585,0.021532139,0.0272495,0.0057558967,0.02250546,0.003371994,0.0015761532,0.06318262,0.053495307,0.0015511521,0.43941996
Venezuela Angel Falls/83.jpg,0.02081832,0.01659825,0.011311732,0.025932487,0.36694202,0.033852875,0.04667482,0.06324378,0.016546305,0.015044251,0.009159251,0.014177458,0.010689195,0.013951809,0.10406817,0.04197901,0.006509424,0.1825009
Venezuela Angel Falls/84.venezuela.cover_.1-660x330.jpg,0.10693514,0.01577633,0.015993845,0.04421037,0.031907912,0.070267685,0.06592256,0.07130478,0.03505468,0.08125565,0.031470776,0.04518032,0.06755179,0.048491377,0.017403413,0.05137098,0.13552706,0.06437534
Venezuela Angel Falls/85.jpg,0.0365831,0.06891265,0.056802657,0.036202528,0.11492794,0.057258632,0.080141716,0.07947771,0.0476845,0.041477147,0.03193769,0.052483767,0.030860854,0.045949228,0.04669635,0.045946896,0.042042237,0.08461436
Venezuela Angel Falls/86.jpg,0.022801142,0.015596273,0.01444649,0.058004543,0.110094845,0.096398525,0.04457732,0.050332945,0.15030672,0.04465135,0.048594907,0.021171698,0.02115719,0.009662282,0.06677943,0.07487558,0.024959045,0.12558958
Venezuela Angel Falls/87.jpg,0.03812149,0.009330693,0.008816981,0.07290875,0.07810762,0.089735255,0.02713322,0.03797516,0.180427,0.036233883,0.1675297,0.04787863,0.025297442,0.011338836,0.04919226,0.031263527,0.040513687,0.048195977
Venezuela Angel Falls/88.jpg,0.017243445,0.008148401,0.007439534,0.028414281,0.28576577,0.025158938,0.027390882,0.069191605,0.036742013,0.02754619,0.01125544,0.014997928,0.008064071,0.004509985,0.064266406,0.042186107,0.004667463,0.31701156
Venezuela Angel Falls/89.jpg,0.02205409,0.01731374,0.013666295,0.0269992,0.17726809,0.041077092,0.0843994,0.07433946,0.026007136,0.037004855,0.0071634343,0.010776055,0.02007337,0.012388062,0.07676394,0.048470095,0.01800466,0.28623107
Venezuela Angel Falls/9.Angel_falls_in_Venezuela_001-640x280.jpg,0.018486435,0.012691952,0.008699872,0.033043757,0.49587163,0.008085026,0.021560125,0.018538915,0.06653095,0.020355029,0.009453867,0.01510632,0.0053587114,0.002266361,0.096418895,0.03632011,0.0031828545,0.12802921
Venezuela Angel Falls/9.jpg,0.022251384,0.010282624,0.012145588,0.042859994,0.10931696,0.07689371,0.034612674,0.10774513,0.052582175,0.027834034,0.032996744,0.03767235,0.013922695,0.008266455,0.04441157,0.038022626,0.011593215,0.31659
Venezuela Angel Falls/90.jpg,0.05422652,0.019021949,0.015131439,0.025224213,0.041630458,0.08810406,0.0737862,0.10652233,0.040598597,0.06312086,0.020663679,0.029520966,0.11477479,0.039583474,0.030010032,0.03586329,0.08776829,0.11444887
Venezuela Angel Falls/91.jpg,0.19098242,0.0152412215,0.016537583,0.029549995,0.04921711,0.039591,0.037762903,0.013013064,0.06711495,0.01797533,0.12340148,0.128584,0.058327757,0.017582906,0.10431359,0.017866028,0.019053634,0.05388507
Venezuela Angel Falls/92.jpg,0.091208465,0.020921523,0.016767614,0.049854014,0.05329095,0.06288648,0.068972014,0.072735526,0.03473488,0.09133045,0.0399412,0.03343998,0.047549546,0.029104931,0.04515034,0.061873805,0.041080184,0.13915819
Venezuela Angel Falls/93.jpg,0.07365443,0.09724482,0.049391635,0.058899563,0.05918179,0.05148713,0.07405585,0.03683068,0.03197408,0.054838557,0.057429183,0.079187244,0.028215436,0.060186345,0.05040255,0.043536656,0.041920863,0.051563192
Venezuela Angel Falls/94.jpg,0.1402388,0.019488873,0.012032075,0.00908645,0.118549116,0.029845852,0.016295068,0.03238724,0.04403279,0.019019067,0.006257951,0.014927485,0.025797855,0.006422856,0.036403704,0.4075553,0.0116109345,0.050048664
Venezuela Angel Falls/95.jpg,0.022011476,0.018100856,0.007976075,0.025430357,0.20175862,0.03662882,0.02851881,0.10279362,0.024048215,0.036099695,0.005327171,0.015755614,0.004502333,0.003688863,0.033823125,0.06135332,0.0031985473,0.36898446
