filename,0,1,2,3,4,5,6,7,8,9,10,11,12,13,14,15,16,17
Antarctica/150.jpg,0.24626632,0.024331257,0.01107817,0.00818162,0.43898693,0.0012149443,0.0013299328,0.0049608336,0.11859599,0.02053294,0.0059801023,0.02719692,0.012346098,0.0006421158,0.04147759,0.033663496,0.0008416243,0.0023732483
Antarctica/152.jpg,0.010873196,0.08823977,0.5651793,0.016091194,0.017862692,0.011504797,0.048664402,0.02979789,0.0620929,0.07075234,0.0035916022,0.011049754,0.0017384532,0.0029917306,0.0034528521,0.01480291,0.028750882,0.012563232
Antarctica/153.jpg,0.17870305,0.021319048,0.019537378,0.018103816,0.18056197,0.025218263,0.009418318,0.032174222,0.09572645,0.065139905,0.018504856,0.04972912,0.0226972,0.004797379,0.027002333,0.19571725,0.0050588376,0.030590557
Antarctica/154.jpg,0.023542318,0.0150173865,0.021735998,0.045568377,0.009637212,0.05577134,0.15509821,0.014706474,0.020852331,0.035213932,0.018533828,0.0067656282,0.14284723,0.0149978325,0.030619942,0.03634845,0.3384862,0.0142574
Antarctica/155.jpeg,0.030999154,0.50228715,0.005311479,0.017048141,0.038828958,0.0036029487,0.008876174,0.007192159,0.014146078,0.03108167,0.004797714,0.041171018,0.014021507,0.0031629312,0.26168057,0.0071826936,0.003618294,0.0049914597
Antarctica/156.jpg,0.02248732,0.03274581,0.012293404,0.07156007,0.036665667,0.025852522,0.101694,0.010934632,0.035387877,0.03789228,0.070890106,0.032473166,0.12159338,0.020612199,0.21535306,0.016990298,0.12880959,0.005764581
Antarctica/157.jpg,0.10610066,0.036380272,0.01973062,0.041184828,0.079823084,0.047005955,0.026851688,0.11220273,0.059091672,0.043159068,0.061098095,0.069678,0.08718014,0.015321867,0.037443653,0.07753747,0.047436647,0.03277358
Antarctica/158.jpg,0.052916355,0.05707288,0.047511306,0.06518299,0.08639208,0.08422592,0.041246485,0.05991357,0.06567008,0.046566237,0.06491516,0.037629116,0.026562996,0.024191346,0.048971035,0.07684057,0.05401377,0.060178276
Antarctica/159.jpg,0.09286615,0.06254382,0.0015360478,0.029852046,0.08208645,0.0036812362,0.013863065,0.0012410613,0.006876218,0.0048754043,0.004937463,0.026641207,0.03249504,0.0018285224,0.605019,0.021510735,0.0027272643,0.0054192264
Antarctica/160.jpg,0.0016997772,0.002040979,0.0013886078,0.009573319,0.08224915,0.013459656,0.0037090383,0.013976008,0.7957653,0.018103274,0.029025458,0.0043271896,0.0011395811,0.0006020277,0.0051313653,0.00805526,0.0027405582,0.007013458
Antarctica/162.jpg,0.04269546,0.11294083,0.037142117,0.04907104,0.07944086,0.08357653,0.07204696,0.031576578,0.04889846,0.04444786,0.07196344,0.06956765,0.025149122,0.06727703,0.039194077,0.043150358,0.043751452,0.038110346
Antarctica/163.jpg,0.0012787723,0.0029286689,0.9173487,0.0023803597,0.019244013,0.001290339,0.0021719367,0.0043886215,0.0098642465,0.024728337,0.00043841367,0.00034195502,0.00021555381,0.00033756898,0.00017641242,0.0039410093,0.007366588,0.0015585797
Antarctica/164.jpg,0.120825015,0.027389476,0.01853238,0.025120378,0.091481715,0.019124059,0.04040005,0.10616724,0.09022188,0.0373391,0.11082016,0.072834015,0.14606376,0.011365621,0.021412047,0.019155646,0.031061763,0.010685615
Antarctica/166.jpg,0.028706329,0.041818876,0.026597684,0.0328918,0.16140698,0.0788656,0.11903533,0.083723195,0.021487743,0.028445678,0.025237523,0.040417492,0.029848665,0.04716706,0.065023966,0.029978378,0.031099498,0.10824829
Antarctica/168.jpg,0.034990136,0.13032192,0.029232118,0.023638725,0.022428496,0.05409195,0.043810327,0.04716922,0.03130976,0.032869894,0.02013339,0.06290728,0.19793916,0.044272695,0.079747766,0.020912303,0.08477373,0.03945108
Antarctica/170.jpg,0.007046557,0.00367127,0.004514458,0.029772166,0.09149047,0.034381054,0.008034035,0.03239215,0.6249763,0.018149242,0.06211508,0.012716305,0.004167766,0.002058101,0.011243191,0.020536082,0.0079723615,0.02476351
Antarctica/171.jpg,0.07063014,0.08988767,0.027901188,0.05231183,0.06902,0.08145766,0.05686097,0.03342864,0.049923915,0.04830362,0.05143202,0.074223526,0.035241418,0.051748734,0.047046505,0.06691816,0.045426883,0.04823715
Antarctica/172.jpg,0.001133625,0.00034951244,0.00031267054,0.0007920136,0.9757583,0.00015125383,0.00037441912,0.0013488882,0.0019672276,0.0009555033,0.0014943088,0.00097365235,0.00018913961,7.479842e-05,0.009368132,0.004325295,7.626751e-05,0.00035490203
Antarctica/173.jpg,0.06347826,0.0073405188,0.0025649285,0.01963813,0.033657104,0.02704242,0.004029062,0.08040156,0.04066041,0.002711269,0.1367433,0.48447958,0.037524242,0.011140329,0.030029789,0.0017961055,0.0071225464,0.009640536
Antarctica/175.jpg,0.07704735,0.011125315,0.0001491234,0.0016995172,0.50293577,0.00013617521,0.00027278205,0.0001979749,0.023606889,0.015391888,0.0020940932,0.00624931,0.00095514953,0.00011482543,0.3477023,0.010022415,4.013594e-05,0.00025891457
Antarctica/176.jpg,0.04347327,0.02514432,0.021091191,0.036758788,0.029278662,0.079685204,0.08835685,0.06543143,0.03295223,0.10943132,0.033493448,0.0264278,0.09474739,0.055337634,0.02151199,0.03540483,0.15623276,0.045240894
Antarctica/177.jpeg,0.019351,0.00010760647,0.0001825859,0.019377448,0.010607983,0.021430457,0.0016645299,0.0008737468,0.017820219,0.0011766736,0.85538113,0.01929313,0.016250778,0.0051848344,0.0074040443,0.00029970225,0.002870627,0.00072357786
Antarctica/178.jpg,0.03210364,0.0023567537,0.006520763,0.01516522,0.7799147,0.0029510497,0.003667188,0.0030945058,0.02109832,0.0029787526,0.013475305,0.008969109,0.003932623,0.0012549331,0.06347819,0.021547776,0.00086520845,0.016625863
Antarctica/179.jpg,0.30761313,0.004454874,0.006268563,0.038640827,0.023476688,0.034774385,0.014781223,0.019631967,0.011660527,0.006013171,0.0833336,0.19413689,0.10761874,0.018895017,0.053168982,0.0071231397,0.011289314,0.057118874
Antarctica/180.jpg,0.048922528,0.047871187,0.029786695,0.12464855,0.1170557,0.03947327,0.06876334,0.09068594,0.031883508,0.03554827,0.07266126,0.023862716,0.021191392,0.015858192,0.08113052,0.026373805,0.018208321,0.10607481
Antarctica/182.jpg,0.025234785,0.018611934,0.0065518827,0.066490814,0.0334101,0.07661799,0.018554004,0.08041149,0.031649023,0.014154258,0.08003919,0.09019071,0.20539355,0.035373177,0.034973558,0.017638195,0.14338896,0.021316247
Antarctica/184.jpg,0.09734849,0.013874728,0.02681607,0.022594854,0.012129089,0.033921175,0.036101807,0.028724914,0.022192363,0.45824078,0.011966983,0.011029741,0.021320881,0.020811047,0.0035044784,0.06903936,0.08355106,0.026832096
Antarctica/185.jpg,0.49295717,0.007407758,0.007411061,0.029307874,0.05321114,0.026611468,0.020477027,0.009785253,0.022019187,0.010010677,0.026027052,0.05926442,0.088720165,0.011362379,0.050975688,0.04251894,0.012238524,0.029694112
Antarctica/188.jpg,0.014702577,0.0034366825,0.004654634,0.03791773,0.25725716,0.026624037,0.015974445,0.40612766,0.0121317785,0.004321205,0.038177676,0.042647768,0.027791206,0.008730802,0.029140249,0.027878912,0.0323221,0.010163455
Antarctica/189.jpg,0.0069180527,0.0010375045,0.0033601813,0.09384637,0.024858441,0.017528042,0.01644931,0.01507246,0.018483134,0.0060568717,0.72334063,0.0060402276,0.008165253,0.014377079,0.004944027,0.0011812344,0.036704868,0.001636209
Antarctica/190.jpg,0.010985058,0.0015431341,0.0030269613,0.040867787,0.11212883,0.080190346,0.008175045,0.014490319,0.4832946,0.014349155,0.14593181,0.010082238,0.005153188,0.0023679258,0.012986032,0.023528226,0.006482173,0.024417197
Antarctica/194.jpg,0.061033703,0.054168858,0.03807098,0.039438363,0.050913442,0.084533475,0.048644528,0.0692742,0.048149712,0.039389063,0.056827184,0.083164655,0.05449012,0.05121983,0.051242635,0.039142862,0.04944216,0.08085429
Antarctica/195.jpg,0.13812149,0.0068842657,0.008199037,0.066635005,0.21498829,0.016351303,0.013838426,0.012079797,0.04466793,0.012083035,0.23466437,0.06174658,0.017521443,0.00843264,0.095012076,0.019788938,0.012788276,0.016197154
Antarctica/196.jpg,0.2968291,0.023629146,0.00065032055,0.017023675,0.030594252,0.0033460294,0.008304894,0.00045012205,0.00895197,0.0033374808,0.00844673,0.052276112,0.05993668,0.0017127366,0.46341902,0.014053422,0.0013628248,0.0056755133
Antarctica/198.jpg,0.057669617,0.09032031,0.07847152,0.021772811,0.03920457,0.06666347,0.12661037,0.051296186,0.021379743,0.033973638,0.0459598,0.04751879,0.08508405,0.08353725,0.042956367,0.020417443,0.052790206,0.034373857
Antarctica/200.jpg,0.06922784,0.06997323,0.023951061,0.04836939,0.054723885,0.09385406,0.067082584,0.037979145,0.03919697,0.057957396,0.05818511,0.072732076,0.03989691,0.06690586,0.032313008,0.052920092,0.06140108,0.053330332
Antarctica/203.jpg,0.033730708,0.0065321648,0.008557311,0.012863436,0.7018407,0.0019578664,0.00923343,0.002346967,0.008428741,0.0018518135,0.005859659,0.015483571,0.0024588557,0.0016355932,0.15514271,0.01630834,0.0007642112,0.015003905
Antarctica/204.jpg,0.016401222,0.029102929,0.01961749,0.029206399,0.16921711,0.0891147,0.057838038,0.11750808,0.090865105,0.036778964,0.021690853,0.02544001,0.011169488,0.012577172,0.033453282,0.055828262,0.010813859,0.17337713
Antarctica/206.jpg,0.06745267,0.0028816124,0.00026843755,0.010125561,0.0014269479,0.0061613736,0.0088991765,0.0016894274,0.0044935243,0.0061535127,0.0057127634,0.01489493,0.78617656,0.007426013,0.04200834,0.001907567,0.029253269,0.0030681698
Antarctica/207.jpg,0.026270308,0.032647137,0.564273,0.007161875,0.02019709,0.011286585,0.027152423,0.037950393,0.0031742535,0.100359075,0.005329821,0.0066433027,0.016780194,0.030288102,0.009749995,0.011872419,0.08151072,0.0073534036
Antarctica/209.jpg,0.018272564,0.005329555,0.0069289575,0.006879949,0.014714111,0.054595143,0.45013994,0.017193984,0.0032690805,0.03934537,0.0034028527,0.0017797292,0.10810798,0.03397977,0.021538233,0.033104733,0.123354636,0.058063455
Antarctica/211.jpg,0.39366388,0.015123887,0.008746388,0.019474732,0.03035976,0.015840132,0.01518148,0.004727297,0.011538458,0.006266695,0.032564383,0.15042795,0.10483452,0.016120696,0.124724954,0.015338609,0.007838451,0.027227761
Antarctica/212.jpg,0.46385676,0.040849585,0.002716948,0.0122844055,0.033755634,0.009324164,0.008923426,0.0011010577,0.01897929,0.013872334,0.0066968924,0.037889965,0.048491184,0.0030946734,0.24337377,0.04590496,0.0024000327,0.006484667
Antarctica/213.jpg,0.19424228,0.0046780244,0.0061254776,0.07327663,0.0714988,0.04957387,0.014334048,0.013887454,0.029819421,0.009097486,0.21791057,0.12104633,0.054455686,0.01698748,0.06535474,0.018149465,0.013471772,0.026090536
Antarctica/214.jpg,0.3598681,0.03288911,0.009292692,0.026289709,0.029343441,0.025957156,0.049160805,0.0057823434,0.012553774,0.020152854,0.010257067,0.050293952,0.146964,0.017101998,0.08950764,0.062108062,0.025046334,0.02743079
Antarctica/219.jpg,0.042135973,0.008727372,0.008312213,0.047341067,0.070350535,0.11418287,0.02352941,0.06490996,0.046703327,0.008592292,0.2672073,0.11101702,0.050989922,0.047894914,0.0361918,0.009607113,0.025782462,0.01652442
Antarctica/220.jpg,0.04760418,0.0352278,0.05713072,0.111992426,0.12343815,0.05112647,0.028919779,0.08465542,0.048852332,0.039080154,0.10259189,0.040003825,0.017688304,0.019459005,0.04217639,0.051159903,0.06531174,0.03358144
Antarctica/222.jpg,0.35998487,0.011913123,0.0033489445,0.021489548,0.015537671,0.010373043,0.011451221,0.003292113,0.011561641,0.0048158644,0.024635253,0.13329303,0.20073819,0.011297424,0.13974525,0.008318594,0.008342089,0.019862087
Antarctica/227.jpg,0.2643541,0.019498691,0.013465332,0.0373241,0.050007258,0.033117205,0.03500073,0.008826421,0.042728454,0.021372145,0.11641846,0.10489568,0.07137287,0.022691077,0.0894601,0.029096283,0.014526045,0.025845071
Antarctica/230.jpg,0.0017795565,0.00043706337,0.00051932933,0.0010110398,0.9596821,0.0004005257,0.00081441604,0.0022906926,0.00074349577,0.00018311074,0.00027459775,0.0008200963,0.00028587136,0.00014816914,0.01740478,0.010670687,9.713538e-05,0.0024371857
Antarctica/233.jpg,0.009793393,0.0046471236,0.0054384368,0.021592844,0.10237386,0.023998072,0.008280412,0.013433299,0.6432374,0.026440896,0.031808265,0.005811908,0.0035921817,0.0009747842,0.013770442,0.036211394,0.0036668566,0.044928573
Burj Khalifa - UAE/10.jpeg,0.086254306,0.016387159,0.007845994,0.07597642,0.09616989,0.048792228,0.03031323,0.040577948,0.079181135,0.027156925,0.15444022,0.10454409,0.0346278,0.017855037,0.08810016,0.027473483,0.031893253,0.032410722
Burj Khalifa - UAE/103.jpg,0.050514843,0.015170711,0.005592195,0.06175728,0.0669826,0.0384904,0.029155623,0.012382281,0.0576399,0.028762091,0.07450416,0.060948644,0.17969587,0.023397096,0.19426188,0.018388653,0.035427246,0.046928618
Burj Khalifa - UAE/107.jpg,0.0052383156,0.0063221315,0.016966077,0.044500038,0.121089876,0.013514236,0.024208074,0.012047109,0.53620094,0.10659901,0.03470696,0.0056707226,0.0028754012,0.0023930802,0.012300399,0.014921096,0.0132003855,0.027246168
Burj Khalifa - UAE/108.jpg,0.06975436,0.041791823,0.052006386,0.047940735,0.058138948,0.048989795,0.087579556,0.059577025,0.021104913,0.052359328,0.044440463,0.042290673,0.081037074,0.054804508,0.052944425,0.03899622,0.09195861,0.054285113
Burj Khalifa - UAE/109.jpg,0.44046223,0.053489804,0.12236785,0.006257586,0.01635183,0.015981639,0.012227596,0.0054657976,0.006182348,0.15109532,0.0044074818,0.024835018,0.022425342,0.040581133,0.01649896,0.036225267,0.020524567,0.0046204594
Burj Khalifa - UAE/111.jpeg,0.07677861,0.005859699,0.0026236014,0.024752269,0.16997254,0.0317401,0.31505835,0.027347177,0.005072068,0.0037247275,0.012907087,0.005132392,0.020662468,0.011768862,0.14437102,0.055509422,0.005372344,0.08134734
Burj Khalifa - UAE/115.jpg,0.042641003,0.0116198715,0.0008329614,0.021232285,0.007835223,0.0060106926,0.011502544,0.0006387301,0.011673057,0.029747669,0.026071567,0.020737374,0.358939,0.013081815,0.41366097,0.0018379601,0.018479973,0.0034572373
Burj Khalifa - UAE/116.jpg,0.0052934755,0.01512897,0.011266365,0.026971497,0.10325165,0.04388144,0.028043946,0.034077343,0.54670244,0.030493064,0.016784897,0.0080938395,0.007253483,0.0028828706,0.013124617,0.060248315,0.012764285,0.033737417
Burj Khalifa - UAE/117.jpg,0.0498828,0.037859835,0.028006835,0.07295325,0.056511946,0.09251618,0.046414223,0.039589096,0.0670394,0.04923114,0.11315655,0.05192021,0.044330172,0.03603364,0.057832323,0.049359582,0.05424622,0.053116728
Burj Khalifa - UAE/12.jpg,0.0867588,0.09511325,0.048296057,0.04839178,0.05241525,0.049778584,0.065083385,0.029173361,0.041295007,0.056111854,0.04277222,0.07350219,0.04257046,0.053949114,0.057737388,0.062430784,0.04639207,0.04822849
Burj Khalifa - UAE/13.jpg,0.052296337,0.018658774,0.0063927667,0.03417008,0.015432096,0.06837187,0.14131382,0.01959797,0.009441182,0.058380775,0.021313282,0.024252215,0.16331322,0.09111207,0.020636596,0.016482705,0.21930325,0.019530997
Burj Khalifa - UAE/14.jpg,0.023572916,0.33973968,0.049742285,0.008830395,0.04742319,0.030459331,0.034408543,0.16822992,0.050572,0.04163164,0.0071575716,0.07107275,0.0204594,0.014135527,0.02629333,0.019450804,0.012428909,0.034391716
Burj Khalifa - UAE/16.jpg,0.14040017,0.003884449,0.0022569175,0.037502285,0.005708033,0.032173656,0.031414084,0.023996318,0.009408459,0.0143775055,0.018803421,0.042166248,0.44126922,0.020786699,0.022300834,0.007137178,0.119571425,0.026843088
Burj Khalifa - UAE/21.jpg,0.09362374,0.032557707,0.021633945,0.08326433,0.054090995,0.06522225,0.057979174,0.043190736,0.030952957,0.079160884,0.09295004,0.059112653,0.030696554,0.059818383,0.033457223,0.03925696,0.09047157,0.03255982
Burj Khalifa - UAE/23.jpg,0.23009527,0.040968448,0.010942983,0.026770633,0.060874123,0.040115386,0.054770622,0.018944727,0.035208862,0.056899056,0.0067024305,0.03342189,0.036406178,0.008611855,0.049587708,0.1967954,0.017549144,0.0753352
Burj Khalifa - UAE/24.jpg,0.0115547,0.018554159,0.004378939,0.10103041,0.06730981,0.06195819,0.0155877685,0.16035533,0.033712536,0.020761166,0.1985084,0.12446363,0.04356237,0.02065868,0.028250735,0.015275088,0.061935224,0.012142869
Burj Khalifa - UAE/27.jpg,0.02835799,0.01484631,0.034662507,0.03804551,0.1243878,0.0388091,0.037949283,0.037296068,0.29080975,0.0802208,0.06251316,0.018134514,0.0126700895,0.0077926912,0.042910818,0.03834278,0.0245645,0.06768629
Burj Khalifa - UAE/3.jpg,0.039654545,0.017535886,0.01851372,0.10231972,0.10783576,0.05333036,0.034986597,0.032970645,0.07129773,0.039897922,0.19431332,0.04034898,0.021411147,0.019193076,0.07023572,0.0406781,0.05840392,0.03707286
Burj Khalifa - UAE/31.jpg,0.035670694,0.006383476,0.0040011974,0.028432803,0.02980795,0.012238258,0.035189305,0.0041765543,0.022744415,0.59054965,0.084279746,0.011667419,0.008187522,0.0477568,0.02321212,0.008079365,0.039611872,0.008010904
Burj Khalifa - UAE/32.jpg,0.06292286,0.0017911219,0.0009831059,0.0016658742,0.0039489553,0.00424741,0.0036523882,0.0033666466,0.015790928,0.004347044,0.007243402,0.0040032677,0.8242863,0.0036947108,0.0041839737,0.004787338,0.048763044,0.00032173833
Burj Khalifa - UAE/33.jpg,0.19063206,0.014457559,0.01057183,0.0375842,0.06389713,0.028791323,0.02040861,0.019267863,0.020612828,0.011097095,0.089223735,0.17169541,0.06906027,0.025157565,0.15108617,0.010005318,0.010973674,0.055477403
Burj Khalifa - UAE/35.jpg,0.039519247,0.021235112,0.026657406,0.057402316,0.19003272,0.045578275,0.019943463,0.116854355,0.057564013,0.029747568,0.06785815,0.0735635,0.041959543,0.019461242,0.06561477,0.058464944,0.036814798,0.031728555
Burj Khalifa - UAE/38.jpg,0.018309228,0.019310303,0.029587977,0.05686158,0.066774525,0.12438664,0.03945406,0.07003023,0.083994165,0.027102802,0.2220956,0.04882155,0.030902138,0.050372962,0.021768622,0.018774847,0.05778834,0.013664401
Burj Khalifa - UAE/4.jpg,0.16498022,0.04424306,0.029905554,0.043154344,0.03654757,0.047675025,0.03990604,0.018075623,0.050957207,0.062244438,0.05135811,0.06385529,0.068693094,0.03419747,0.054281622,0.1136461,0.044502977,0.03177622
Burj Khalifa - UAE/40.jpg,0.06469266,0.05731043,0.07281995,0.06830868,0.08004916,0.057698276,0.047010884,0.04900132,0.046876613,0.031524774,0.07332083,0.05679218,0.03694616,0.033338204,0.060418185,0.05562967,0.0639347,0.04432747
Burj Khalifa - UAE/47.jpg,0.030650193,0.085250005,0.031381987,0.032457866,0.14931403,0.016300948,0.18285725,0.017053878,0.007168651,0.010322997,0.022791786,0.02390219,0.027165314,0.023219457,0.2958392,0.0076934663,0.018033637,0.018597187
Burj Khalifa - UAE/5.jpg,0.051740233,0.061323512,0.026216455,0.11215994,0.072670884,0.061977856,0.06685477,0.037642892,0.042368785,0.060716998,0.120373175,0.052918512,0.022164736,0.05261547,0.04538023,0.033477843,0.048098333,0.031299446
Burj Khalifa - UAE/50.jpg,0.14133157,0.00654907,0.01621944,0.0033975802,0.51421696,0.0063230824,0.0035318143,0.020265961,0.03372962,0.010690943,0.0029461205,0.011367319,0.007768233,0.0009807751,0.018459203,0.18986991,0.0014527481,0.010899612
Burj Khalifa - UAE/52.jpg,0.014912261,0.049896277,0.050832693,0.07340567,0.12589537,0.01369756,0.024545386,0.040283978,0.35033816,0.10351637,0.008901227,0.015830068,0.003878108,0.0013773622,0.011469231,0.0562854,0.01397319,0.04096188
Burj Khalifa - UAE/55.jpg,0.054058187,0.08246697,0.018625792,0.03846051,0.057824787,0.11015462,0.043632783,0.045704428,0.104008585,0.082418315,0.079679914,0.048052855,0.023174385,0.027645037,0.041359253,0.06709403,0.02682811,0.04881149
Burj Khalifa - UAE/56.jpeg,0.06556665,0.0045849495,0.008273406,0.099625595,0.04290941,0.14106655,0.061677486,0.07295764,0.017364195,0.023387805,0.10295096,0.04282066,0.08043578,0.027012594,0.029876528,0.020039724,0.10226709,0.057183035
Burj Khalifa - UAE/58.jpg,0.07289404,0.05051311,0.007460245,0.042612042,0.1314192,0.107080586,0.13547137,0.051944006,0.027168041,0.024799064,0.03290397,0.042060673,0.02306678,0.029240115,0.051770486,0.09138881,0.0141359875,0.06407154
Burj Khalifa - UAE/6.jpg,0.008030824,0.046503007,0.021656392,0.065447494,0.09748842,0.11428423,0.0790236,0.042651515,0.21273069,0.07336039,0.06337185,0.028524626,0.0075708604,0.018301295,0.014220389,0.040877484,0.05173959,0.014217295
Burj Khalifa - UAE/61.jpg,0.6506165,0.00039005766,0.00027949153,0.0002983332,0.05124997,0.0035235984,0.02638633,0.002276659,0.010337609,0.003692659,0.002053792,0.0013690596,0.011128523,0.00039154972,0.004635147,0.22831205,0.0007172514,0.0023413862
Burj Khalifa - UAE/66.jpg,0.6079943,0.012232161,0.0030496349,0.008647471,0.043763414,0.0025903943,0.006753495,0.0016449986,0.0107195955,0.0015676714,0.009278801,0.111235976,0.027959423,0.0019899425,0.13043416,0.009336797,0.00084525754,0.009956695
Burj Khalifa - UAE/68.jpg,0.073542535,0.04188776,0.02858877,0.04469575,0.07529078,0.08128039,0.07896275,0.06725897,0.032836474,0.055865113,0.045241453,0.068031654,0.032450598,0.07177702,0.02296488,0.053249743,0.07036396,0.05571132
Burj Khalifa - UAE/69.jpg,0.012440821,0.010441362,0.017075928,0.023117334,0.8018951,0.0019512306,0.0037239268,0.007072384,0.024083594,0.010532135,0.0036117707,0.005054229,0.0012037536,0.0010558262,0.03265111,0.02223659,0.0010093233,0.020843616
Burj Khalifa - UAE/70.jpg,0.09286615,0.06254382,0.0015360478,0.029852046,0.08208645,0.0036812362,0.013863065,0.0012410613,0.006876218,0.0048754043,0.004937463,0.026641207,0.03249504,0.0018285224,0.605019,0.021510735,0.0027272643,0.0054192264
Burj Khalifa - UAE/73.jpg,0.060658988,0.07642248,0.05069741,0.060238067,0.06823063,0.06346279,0.054177098,0.03758801,0.040739745,0.04633286,0.065290965,0.061394017,0.044512916,0.05157609,0.060537096,0.05523687,0.05514735,0.047756582
Burj Khalifa - UAE/77.jpg,0.041418366,0.11481813,0.1396422,0.049107004,0.058919508,0.032594882,0.06620031,0.08935296,0.022077931,0.06369678,0.041219424,0.080365956,0.016571792,0.07432511,0.0192439,0.01399158,0.050358023,0.026096059
Burj Khalifa - UAE/78.jpg,0.15575415,0.15224208,0.03630168,0.045831684,0.06728746,0.015839117,0.029831031,0.020493612,0.010581777,0.023174357,0.013541668,0.064488836,0.06949725,0.011673021,0.19096258,0.053011656,0.025896434,0.013591726
Burj Khalifa - UAE/8.jpg,0.6995265,0.010906705,0.0005522146,0.002015273,0.0144137405,0.00081048725,0.0029152147,0.00042049872,0.005289879,0.0006339485,0.0022277094,0.052295692,0.033218935,0.0003456074,0.16952193,0.0024697883,0.00019511304,0.0022409728
Burj Khalifa - UAE/81.jpg,0.25186044,0.028067524,0.055389177,0.010911554,0.03217329,0.049912665,0.057754338,0.03550329,0.015144383,0.12937497,0.010975695,0.023601785,0.06296502,0.06278701,0.018286787,0.062473293,0.042246792,0.05057203
Burj Khalifa - UAE/83.jpg,0.018930392,0.013231238,0.0065679294,0.095617235,0.083416276,0.10043118,0.059794556,0.01408535,0.068938754,0.037515283,0.23560373,0.036758292,0.019521812,0.020625537,0.088618994,0.02517609,0.032212332,0.04295513
Burj Khalifa - UAE/86.jpg,0.01975273,0.092826985,0.049406324,0.04820128,0.10688546,0.019731475,0.013800758,0.060006794,0.16107027,0.22197989,0.009763255,0.017637627,0.011732596,0.003648813,0.03320683,0.05450012,0.013438719,0.06241014
Burj Khalifa - UAE/87.jpg,0.087109715,0.061424863,0.05922136,0.06023235,0.03970959,0.031480506,0.045565717,0.046467774,0.04505416,0.026267095,0.046026614,0.11453238,0.0808319,0.031478852,0.08341949,0.027443148,0.052722756,0.061011743
Burj Khalifa - UAE/91.jpg,0.017257279,0.008733119,0.0078075845,0.03813358,0.27952015,0.07665538,0.032181762,0.11557347,0.057183232,0.02290121,0.023434063,0.024162587,0.009986121,0.008800016,0.035880435,0.0548181,0.0080178855,0.178954
Burj Khalifa - UAE/96.jpeg,0.0041892426,0.5873741,0.045999236,0.007865453,0.035188943,0.028043596,0.057442512,0.11155001,0.009397398,0.04744048,0.0041728923,0.019689312,0.001604406,0.018882725,0.0027456228,0.0031420623,0.012009214,0.0032628656
Burj Khalifa - UAE/97.jpg,0.051759586,0.13334158,0.079642154,0.019402985,0.0423138,0.046269573,0.102245845,0.08762877,0.03157791,0.049299743,0.01601375,0.054296046,0.042437594,0.04937103,0.03675605,0.023466105,0.041043624,0.093133844
Burj Khalifa - UAE/98.jpg,0.1367249,0.0028364293,0.0048170364,0.061999895,0.03575298,0.047410443,0.010440115,0.01970676,0.018146738,0.00508536,0.36673704,0.10491696,0.08860332,0.024141548,0.035537727,0.0041250656,0.022764618,0.010253159
Chich-n Itz - Mexico/18.a29a86be1590c11ded93d884e0b91d62.jpg,0.11180881,0.016884288,0.009132292,0.019272162,0.11310636,0.054249354,0.07584458,0.043220308,0.022471912,0.027072893,0.011434981,0.029099535,0.04798353,0.01892213,0.073123544,0.19768515,0.022640565,0.10604764
Chich-n Itz - Mexico/20.Chichen-Itza-770x305.jpg,0.06380428,0.025582097,0.013286046,0.037996184,0.05612335,0.045570668,0.14090747,0.016102884,0.03463751,0.06535672,0.008691961,0.011340865,0.07305305,0.0131218005,0.064678885,0.18098305,0.09267373,0.05608957
Chich-n Itz - Mexico/21.mexico-yucatan-state-maya-site-of-chichen-itza-A82EPC.jpg,0.0064397026,0.00017638155,0.0009579819,0.035399828,0.02735091,0.024832156,0.004006784,0.00091820915,0.37909704,0.0051286756,0.4874561,0.0038844105,0.005475163,0.0012468733,0.005577825,0.0025132312,0.0070404727,0.0024982884
Chich-n Itz - Mexico/23.el-castillo-kukulkan-pyramid-chichen-itza-mayan-ruins-yucatan-mexico-A9AHNJ.jpg,0.029037358,0.004065516,0.0010629231,0.011219995,0.65781456,0.008936266,0.009993151,0.013136951,0.010914893,0.0052691572,0.004637845,0.016298862,0.001853815,0.00095535757,0.08295216,0.0853138,0.0007698626,0.05576756
Chich-n Itz - Mexico/27.istock_481900347_mexico_maya_ruins_uxmal_letterbox.jpg,0.034717508,0.029187668,0.012394564,0.10236104,0.064614266,0.07313101,0.04974349,0.027054943,0.051517207,0.05500141,0.23169714,0.04597446,0.02346164,0.046485815,0.0512983,0.024614492,0.05452877,0.022216195
Chich-n Itz - Mexico/28.1800px-Chich_C3_A9n_Itz_C3_A1-banner.jpg,0.08758371,0.048459034,0.036408078,0.05550699,0.0454741,0.070898235,0.053634107,0.033473164,0.056823827,0.07153957,0.067856416,0.050075535,0.048218403,0.046277877,0.043846726,0.08979094,0.05847866,0.035654604
Chich-n Itz - Mexico/29.best-ruins-chichen-itza-770.jpg,0.07652508,0.021296458,0.027312854,0.027539963,0.026699532,0.06478706,0.07223024,0.06957838,0.035295766,0.068193145,0.025030302,0.051001918,0.09040132,0.037418608,0.026874961,0.049576856,0.0691581,0.16107936
Chich-n Itz - Mexico/30.Mexico.jpg,0.021999273,0.016377239,0.04960136,0.05317495,0.03818871,0.13672328,0.06934791,0.023981676,0.19075787,0.052865885,0.08796004,0.013219776,0.021953242,0.012621812,0.021230094,0.06455828,0.07364266,0.05179586
Chich-n Itz - Mexico/33.pyramid-kukulkan-amnd-square-with-dry-grass-in-chichen-itza-mexico-KY78N8.jpg,0.054755025,0.081674695,0.0323211,0.049827095,0.07804823,0.088940285,0.05779184,0.04363559,0.039544966,0.04418332,0.06772293,0.0778967,0.02974731,0.07114876,0.03907224,0.040774226,0.056062024,0.046853665
Chich-n Itz - Mexico/34.9414281850_51483a3a9a_b.jpg,0.00672106,0.06302216,0.04774429,0.007838416,0.10437017,0.082159616,0.05137372,0.42843956,0.034099985,0.02006274,0.010587843,0.022570692,0.0037118737,0.035249293,0.0066335583,0.011352468,0.011447969,0.052614536
Chich-n Itz - Mexico/35.25973413291_9d2e1a20b6_z.jpg,0.085648954,0.014535842,0.0040626116,0.1025221,0.025825106,0.09073034,0.042991266,0.01145962,0.08208552,0.043385632,0.045103263,0.025035461,0.15668464,0.010367111,0.0845861,0.07744081,0.0680927,0.029442964
Chich-n Itz - Mexico/40.chichen-itza-20328170.jpg,0.024467343,0.0040956945,0.0014986563,0.015126809,0.43148732,0.01577773,0.015706934,0.028411796,0.014482672,0.009749285,0.0034969044,0.009722499,0.0021509803,0.00089328905,0.055178672,0.057859745,0.00049068365,0.3094029
Chich-n Itz - Mexico/42.mexico-chichenitza.jpg,0.059244674,0.055991683,0.01950244,0.008635245,0.004498607,0.036225162,0.054760773,0.02522315,0.0068566785,0.08509389,0.002468468,0.0065047317,0.2118674,0.06747842,0.036725055,0.03781121,0.27149394,0.009618296
Chich-n Itz - Mexico/44.chichen-itza-pyramid-and-elegant-young-woman-walking-in-the-sunset-with-dramatic-clouded-sky-in-background-RDX6YT.jpg,0.3185691,0.019853648,0.23238608,0.0030666785,0.058163907,0.009259835,0.0072694984,0.024011068,0.09600232,0.0531219,0.025708918,0.021613333,0.08305599,0.009823995,0.005314254,0.013427589,0.011680963,0.0076710265
Chich-n Itz - Mexico/46.WEB_PHOTO_MAYAN_PYRAMID_040218.jpg,0.010231013,0.004778558,0.004781626,0.022568895,0.69020504,0.010132864,0.009120586,0.040504474,0.017481638,0.008298229,0.011751492,0.005603081,0.0036964787,0.0027806906,0.06978446,0.036282104,0.0036318805,0.04836683
Chich-n Itz - Mexico/49.waystoplay-ruins-Chichen-Itza.jpg,0.06841912,0.057451032,0.43145564,0.006278645,0.01698606,0.01399293,0.025800323,0.035349872,0.0069297734,0.15680173,0.0032264956,0.010591807,0.023576383,0.029417507,0.010287096,0.024613425,0.062494,0.016328122
Chich-n Itz - Mexico/50.most-instagrammable-places-in-mexico-41.jpg,0.0054975706,0.16267061,0.01991356,0.008381667,0.121654235,0.053297546,0.023880158,0.30592754,0.15779597,0.02652084,0.0074444404,0.041369144,0.005011052,0.009863438,0.0062603513,0.020133654,0.009478938,0.014899313
Chich-n Itz - Mexico/52.El-Castillo-The-Pyramid-of-Kukulcan-at-Chichen-Itza-Mexico-_C2_A9-Tose-Dreamstime-22323747-e1426796268103-1000x399.jpg,0.12431786,0.03872418,0.02066385,0.04521794,0.04159481,0.04711049,0.07382323,0.024449958,0.03360381,0.1756775,0.036125787,0.050722387,0.02824496,0.06408064,0.016845902,0.07529913,0.07147922,0.03201843
Chich-n Itz - Mexico/53.000_I58YE.jpg,0.24696054,0.008593546,0.0008269642,0.009124837,0.0022180174,0.0053563146,0.009871298,0.000868056,0.0024361538,0.0049427147,0.0045471974,0.03228497,0.540941,0.006173632,0.10295272,0.0036823452,0.011270866,0.0069488147
Chich-n Itz - Mexico/54.el-castillo-chichen-itza-souvenir-srinivasan-venkatarajan.jpg,0.021564148,0.010410111,0.03953722,0.010739436,0.0040100883,0.021301318,0.33223423,0.010165735,0.0017193743,0.048965175,0.0037529261,0.0017243952,0.10003273,0.022485362,0.009818566,0.014940655,0.33702764,0.009570828
Chich-n Itz - Mexico/55.yucatan-mexico-july-2015-kukulkan-260nw-1058873978.jpg,0.010126349,0.017830392,0.087662295,0.017245622,0.44496095,0.013183663,0.01276351,0.14089993,0.039872445,0.038412575,0.0030706169,0.004617787,0.0046811113,0.0028265761,0.013618177,0.05622728,0.009600672,0.082399964
Chich-n Itz - Mexico/56.ek-balam132557.jpg,0.22100757,0.011375642,0.0716697,0.039562143,0.07527781,0.014078674,0.04327318,0.20351721,0.04549079,0.019423049,0.051375315,0.019122526,0.055066884,0.012434394,0.012840206,0.04309852,0.035982013,0.025404375
Chich-n Itz - Mexico/57.002310.jpg,0.14745596,0.025441587,0.024733707,0.055439923,0.16302182,0.0669601,0.04708828,0.006019094,0.041496225,0.036482703,0.064754225,0.041435707,0.03346321,0.022206992,0.09976712,0.08960444,0.012359657,0.022269255
Chich-n Itz - Mexico/58.chichen-itza-20741999.jpg,0.22941618,0.036106147,0.009711918,0.021363791,0.010252214,0.030786298,0.109089136,0.006979202,0.006123259,0.054728005,0.0112199625,0.02768084,0.23330383,0.03951566,0.071349345,0.02550104,0.058588017,0.018285155
Chich-n Itz - Mexico/59.178-180642_1.jpg,0.038629446,0.0015707442,0.002046918,0.064560026,0.027194919,0.073013,0.019726796,0.0071029984,0.024994332,0.007130438,0.5971196,0.03748536,0.03413723,0.018523915,0.021595754,0.0028217663,0.014907981,0.0074389176
Chich-n Itz - Mexico/62.el-castillo-pyramid-chichen-itza-panoramic-images-canvas-print.jpg,0.031742018,0.019942818,0.015517789,0.050002694,0.09908941,0.12944762,0.047239766,0.10743485,0.041710448,0.02435442,0.118199565,0.09631333,0.021803247,0.10207644,0.016228652,0.0150765255,0.046576347,0.017243946
Chich-n Itz - Mexico/71.ei-castillo-castel-of-chich.jpg,0.067242496,0.10958533,0.024424527,0.06384883,0.30905646,0.0030800337,0.014539743,0.018707873,0.022607656,0.01321428,0.018059699,0.07104191,0.014596751,0.0025282407,0.20295547,0.028282491,0.009159247,0.007068943
Chich-n Itz - Mexico/78.esy-009420032.jpg,0.05139377,0.08307075,0.058041528,0.05601612,0.08594606,0.060214967,0.07166407,0.037145346,0.03637246,0.04412885,0.06760615,0.062252257,0.030706935,0.06336956,0.04434358,0.050622787,0.05874744,0.03835728
Chich-n Itz - Mexico/86.el-castillo-1-[550x250].jpg,0.03667266,0.04905172,0.019571124,0.054578293,0.06169667,0.1188013,0.05080195,0.03713587,0.107124835,0.07654492,0.11915339,0.03656212,0.02066765,0.029824007,0.037669756,0.05565699,0.042578276,0.045908462
Christ the Reedemer Statue/56.Christ-the-Redeemer.jpg,0.020192778,0.018515171,0.014159008,0.017193735,0.0163573,0.073441185,0.058558647,0.019925911,0.03516482,0.009777889,0.07673626,0.017217146,0.3786611,0.0670624,0.010642578,0.007132583,0.1490913,0.010170245
Christ the Reedemer Statue/57.2297071.jpg,0.9101287,1.01924816e-32,2.0065831e-32,6.288679e-34,0.0897739,9.5929565e-29,7.5862145e-31,9.534223e-21,2.8241784e-12,3.1945416e-12,1.5797447e-17,4.3284964e-18,2.0135701e-23,3.1648e-41,5.2331938e-23,9.7392374e-05,9.19683e-40,1.1794604e-33
Christ the Reedemer Statue/58.imgbin-christ-the-redeemer-corcovado-new7wonders-of-the-world-christ-blessing-statue-others-UGe8xPDWQcQmjC6QM4SQZu5St.jpg,0.08520716,0.03291563,0.013866059,0.039270476,0.035341922,0.13350102,0.029958464,0.047805566,0.08456856,0.12135603,0.0857247,0.033874005,0.02574119,0.029283937,0.016884021,0.10374272,0.046419516,0.03453903
Christ the Reedemer Statue/59.turismo-rio-de-janeiro-15-11-1.jpg,0.12590618,0.019349901,0.011967481,0.050188918,0.10443217,0.029873053,0.047583614,0.018611023,0.013450503,0.011861777,0.05979494,0.13255143,0.056831717,0.024357796,0.18277033,0.02129616,0.013229757,0.07594327
Christ the Reedemer Statue/60.Christ_the_Redeemer_Travel.jpg,0.7473143,0.0104644885,0.004089802,0.0070997924,0.032089688,0.0070349714,0.007857491,0.0007696168,0.0034099794,0.003499521,0.00759082,0.034993485,0.0330882,0.0059604417,0.071206234,0.017188737,0.0016549582,0.004687602
Christ the Reedemer Statue/61.cross-2744230__340.jpg,0.21700197,0.02110536,0.02226446,0.020653568,0.009629184,0.03383691,0.09000224,0.025753453,0.0073788236,0.112224355,0.012510165,0.03469422,0.109974205,0.07102788,0.019811284,0.023242129,0.14234336,0.026546389
Christ the Reedemer Statue/63.10147496.jpg,0.03043391,0.009058838,0.03163903,0.019020414,0.020382307,0.007056154,0.030522116,0.010637042,0.017537363,0.6842213,0.016769588,0.0064430223,0.013008345,0.03024078,0.0072686723,0.01101314,0.04202689,0.012721241
Christ the Reedemer Statue/64.climb-up-to-the-statue-of-christ-the-redeemer-in-rio--thumb.jpg,0.0036238818,0.0001246637,0.0003108782,0.024407888,0.008168031,0.036237612,0.002498743,0.001357026,0.046372768,0.0029255222,0.842753,0.0070010214,0.0058572283,0.003270018,0.0029689653,0.0006239102,0.010986629,0.00051212136
Christ the Reedemer Statue/65.AKG616222.jpg,0.25719678,0.019040873,0.15212943,0.008093978,0.031280935,0.016824186,0.01964551,0.014155475,0.10882585,0.034740254,0.06848409,0.0206204,0.16625968,0.03127188,0.010695612,0.007803134,0.02071517,0.012216758
Christ the Reedemer Statue/66.christo-redentor.jpg,0.21703425,0.010250437,0.0118428385,0.027347688,0.028909115,0.046492957,0.027285652,0.03123553,0.020678552,0.0076207495,0.09330346,0.20187934,0.10832083,0.03525336,0.056602184,0.008196063,0.016174225,0.051572796
Christ the Reedemer Statue/67.img32806-Rio-De-Janeiro-Christ-the-Redeemer-statue.jpg,0.007345396,0.0016615507,0.0016240192,0.051349085,0.0657094,0.040822428,0.006064184,0.010202231,0.41635722,0.008310398,0.29730463,0.024959167,0.01694345,0.0044166413,0.018539364,0.005933364,0.017360408,0.005097087
Christ the Reedemer Statue/68.Christ-the-Redeemer-Rio-640x280.jpg,0.08791471,0.030258158,0.025920566,0.08109089,0.087332085,0.046728425,0.038962126,0.062351607,0.07029767,0.08561762,0.025231417,0.05944696,0.030545281,0.01824034,0.020390308,0.08886017,0.032675717,0.108135946
Christ the Reedemer Statue/70.rio-de-janeiro-christ-redeemer-statue-825x275.jpg,0.08594997,0.024905073,0.020082327,0.053668246,0.16664334,0.04129106,0.02657786,0.024274137,0.035948984,0.015217813,0.05989863,0.106561236,0.07557006,0.035874777,0.11288863,0.043891236,0.024299344,0.04645743
Christ the Reedemer Statue/72.christtheredeemer_article_image.jpg,0.25186044,0.028067524,0.055389177,0.010911554,0.03217329,0.049912665,0.057754338,0.03550329,0.015144383,0.12937497,0.010975695,0.023601785,0.06296502,0.06278701,0.018286787,0.062473293,0.042246792,0.05057203
Christ the Reedemer Statue/73.Christ-640x240.jpg,0.14587016,0.009866518,0.0010092324,0.017834112,0.0061123115,0.009601496,0.011689801,0.0011682863,0.009168035,0.007211634,0.018920599,0.038706493,0.5281236,0.011084846,0.16167583,0.00361701,0.012213377,0.006126595
Christ the Reedemer Statue/74.2297069.jpg,0.023616577,0.0004025224,0.0008498233,0.07454626,0.024231508,0.06377208,0.004977264,0.009409037,0.021939553,0.0028970505,0.69744545,0.029580094,0.013893758,0.0075633917,0.00922368,0.0017303375,0.010063012,0.003858549
Christ the Reedemer Statue/75.tour-cristo-redentor-tren.jpg,0.029215716,0.094674096,0.015756926,0.021657107,0.26594695,0.07057722,0.14208719,0.047440045,0.012383314,0.016212853,0.011846172,0.031606834,0.01535574,0.06429937,0.07346985,0.03140463,0.015683701,0.040382355
Christ the Reedemer Statue/78.Christ_on_Corcovado_mountain-1600x450.jpg,0.32365152,0.011099895,0.0040625785,0.019981252,0.06378881,0.0048312247,0.009173196,0.0043341382,0.027203826,0.0030605297,0.023572814,0.2428868,0.04879649,0.005659154,0.16478789,0.009085948,0.0031273912,0.030896503
Christ the Reedemer Statue/79.Rio-de-Janeiro-jesus-statue-940x450-FEAT.jpg,0.009827124,0.005006158,0.80318326,0.0064259525,0.018083373,0.005162901,0.0066930056,0.0034157524,0.014873913,0.069196954,0.0045623207,0.0014637959,0.0030352676,0.0045862915,0.0016880329,0.008629933,0.032523833,0.0016422184
Christ the Reedemer Statue/80.Rio-de-janeiro-photography-1-820x312.jpg,0.54279166,0.0036407593,0.00030004245,0.005647982,0.058177534,0.0006501212,0.0021259412,0.0002809594,0.011770496,0.00067453046,0.0058718543,0.06310275,0.031729233,0.00042269932,0.2653595,0.00481769,0.00029809726,0.0023383056
Christ the Reedemer Statue/83.corcovado-christ-statue.jpg,0.18209141,0.027736451,0.005758708,0.03990619,0.026091207,0.014926891,0.014742895,0.0050619873,0.0510604,0.012972858,0.022758594,0.07305388,0.2227742,0.0097103715,0.23669238,0.01908238,0.016589988,0.018989235
Christ the Reedemer Statue/84.brazil-fotolia-18249418-sfmthd_0_0.jpg,0.09838962,0.00440824,0.0012362944,0.01744934,0.3155974,0.027323266,0.072242916,0.038218625,0.006946956,0.007816116,0.006685825,0.02014141,0.005244884,0.0034264696,0.0794418,0.1799716,0.0017061057,0.11375314
Christ the Reedemer Statue/85.christ-the-redeemer-tours.jpg,0.3881978,0.034338795,0.006682167,0.010121101,0.028888421,0.0071598855,0.036894813,0.0018158929,0.0021415513,0.0071131545,0.0070873476,0.08402964,0.0650594,0.011660576,0.2800639,0.00616428,0.0039695306,0.018611725
Christ the Reedemer Statue/86.The-Christ-the-Redeemer-statue-1.jpg,0.06747583,0.014421126,0.015896318,0.06829474,0.04617093,0.06813924,0.033134453,0.11824018,0.04412742,0.027813796,0.07503751,0.07384492,0.10130603,0.040246394,0.03870316,0.02152363,0.09781722,0.047807135
Christ the Reedemer Statue/88.christ-redeemer-statue-rio-de-600w-46772326.jpg,0.0029918733,0.21502122,0.09676854,0.0051914216,0.05266027,0.013361995,0.011080167,0.4542632,0.027353413,0.04907989,0.0025435893,0.027516361,0.002825281,0.0040778844,0.0042405347,0.008684567,0.011553991,0.010785846
Christ the Reedemer Statue/89.brazil.jpg,0.20474744,0.051411215,0.10028928,0.02299974,0.07254048,0.045919735,0.062320847,0.025034623,0.010336949,0.07730152,0.022840638,0.08619251,0.02194985,0.07828088,0.029737184,0.028069885,0.022588158,0.037439153
Christ the Reedemer Statue/90.dsc07272.jpg,0.011681883,0.0005126109,0.0011029827,0.043771774,0.012904875,0.04732248,0.013690203,0.0032782652,0.0062045623,0.0020060677,0.82131237,0.0077934344,0.00521031,0.007919882,0.0069562625,0.0006212271,0.006337701,0.0013730901
Christ the Reedemer Statue/91.ABC_christ_redeemer_jef_140713_31x13_992.jpg,0.065013535,0.022795176,0.19263941,0.03693883,0.0414915,0.027949145,0.060054176,0.03720356,0.02552338,0.06953442,0.10162919,0.01961754,0.070050925,0.06092165,0.012711298,0.023711206,0.119473845,0.012741173
Christ the Reedemer Statue/92.cv.001.jpg,0.090423755,0.037137628,0.0072658653,0.039210904,0.027311077,0.039540768,0.046473578,0.012158024,0.06587244,0.10055624,0.0037947982,0.007882486,0.08289524,0.0042963973,0.05711044,0.28399482,0.053664815,0.04041077
Eiffel Tower - Paris/126.jpg,0.16498022,0.04424306,0.029905554,0.043154344,0.03654757,0.047675025,0.03990604,0.018075623,0.050957207,0.062244438,0.05135811,0.06385529,0.068693094,0.03419747,0.054281622,0.1136461,0.044502977,0.03177622
Eiffel Tower - Paris/127.jpg,0.05371553,0.028978942,0.021207651,0.042424362,0.017867252,0.028883781,0.06936475,0.04677652,0.009691475,0.024037823,0.03056545,0.030205414,0.2981203,0.04906478,0.04063666,0.008749325,0.18855101,0.011158959
Eiffel Tower - Paris/128.jpg,0.009473525,0.08690287,0.06842453,0.012638817,0.11100183,0.06791873,0.069853,0.23300177,0.071327746,0.039839737,0.005694113,0.016921325,0.004884306,0.011108013,0.008073725,0.0312548,0.012296406,0.13938475
Eiffel Tower - Paris/129.jpg,0.08609653,0.017130438,0.024039328,0.050438307,0.099082574,0.035891466,0.06492621,0.030275531,0.19687524,0.017999845,0.069915876,0.07561735,0.033850666,0.010281775,0.062139753,0.038971566,0.036620956,0.049846727
Eiffel Tower - Paris/130.jpg,0.03533646,0.008544233,0.014733984,0.05254896,0.27898955,0.04488757,0.04017402,0.070588045,0.029041102,0.016316151,0.04719227,0.04249531,0.027417092,0.01706185,0.107662514,0.030003728,0.019067265,0.11793984
Eiffel Tower - Paris/131.jpg,0.28320524,0.004256002,0.0073328395,0.024630891,0.019720117,0.032888163,0.03097139,0.0331488,0.015497904,0.014228766,0.024477817,0.10719201,0.20215283,0.035710026,0.024000121,0.013265709,0.07360331,0.05371799
Eiffel Tower - Paris/132.jpg,0.046385527,0.038117737,0.087751545,0.03552507,0.03960769,0.049607873,0.17886195,0.029063512,0.011019869,0.05325144,0.04076309,0.019727016,0.08677614,0.059845407,0.041296847,0.030485418,0.12583068,0.026083082
Eiffel Tower - Paris/133.jpg,0.16833714,0.14851514,0.025691202,0.02764716,0.038901333,0.02850513,0.034536097,0.016874947,0.032348156,0.064644486,0.0025310325,0.012676217,0.07204283,0.0050487584,0.10763303,0.16316402,0.030839147,0.020064186
Eiffel Tower - Paris/135.jpg,0.056848556,0.06156668,0.05962572,0.04908148,0.05755175,0.071237795,0.083981566,0.044681672,0.0497073,0.04803629,0.048384737,0.06117011,0.032610737,0.048352506,0.043761753,0.056338362,0.06309529,0.06396765
Eiffel Tower - Paris/136.jpg,0.013860358,0.018116966,0.032861974,0.03344898,0.13437402,0.08929702,0.045541704,0.24547988,0.0431843,0.03223834,0.022234814,0.019571323,0.014217807,0.017709738,0.037292484,0.030079326,0.031501472,0.1389895
Eiffel Tower - Paris/138.jpg,0.09357665,0.028624795,0.02018437,0.04363382,0.042544436,0.065463476,0.06054933,0.018673316,0.055126287,0.12800817,0.10627775,0.047088105,0.042288583,0.064099975,0.035550695,0.060724266,0.062218044,0.025367957
Eiffel Tower - Paris/139.jpeg,0.16718929,0.01878728,0.0019756118,0.011460234,0.23506053,0.029280026,0.07118953,0.006598497,0.018583609,0.01924614,0.008614485,0.04875936,0.013518048,0.009608558,0.1544741,0.120246366,0.004456918,0.060951363
Eiffel Tower - Paris/140.jpg,0.01983885,0.02440427,0.02013823,0.00024342941,0.0018466533,0.016124753,0.014899086,0.0020633761,0.008962923,0.019526936,0.0027651868,0.001967564,0.7413608,0.04235534,0.0032636037,0.0015403763,0.07800816,0.0006904119
Eiffel Tower - Paris/141.jpg,0.05237966,0.0076609105,0.011156163,0.040760834,0.21872588,0.045740306,0.04787779,0.22320168,0.014028475,0.012040778,0.020374741,0.024036521,0.036602624,0.013622068,0.03982338,0.11244183,0.025742028,0.053784408
Eiffel Tower - Paris/142.jpg,0.009061198,0.0028695578,0.009551392,0.032572765,0.5400012,0.017392015,0.015793286,0.008762167,0.04979587,0.012912526,0.14332072,0.0105219055,0.008652115,0.006040104,0.092170954,0.013383678,0.006670446,0.020527922
Eiffel Tower - Paris/143.jpeg,0.007519081,0.057527278,0.024444567,0.010378979,0.17755438,0.02652327,0.01565716,0.46001372,0.10531137,0.016396062,0.008021228,0.0239867,0.004310774,0.0056381244,0.006487425,0.014459504,0.0070760055,0.028694402
Eiffel Tower - Paris/144.jpg,0.016105728,0.013993913,0.00053005916,0.04119968,0.105132826,0.008294487,0.061603077,0.0012215277,0.036392607,0.01397404,0.2298628,0.02708768,0.004271509,0.0047642835,0.42172962,0.0045970767,0.0021235382,0.0071155643
Eiffel Tower - Paris/145.jpg,0.043012306,0.021393955,0.029595613,0.06076896,0.03607311,0.10784328,0.05223193,0.046793394,0.14359115,0.06516694,0.036633562,0.022116123,0.056408603,0.01600377,0.025805414,0.091376,0.086152606,0.059033364
Eiffel Tower - Paris/146.jpg,0.15292631,0.028331954,0.06317748,0.021587126,0.17016417,0.008188909,0.0087726135,0.08025828,0.10147866,0.121151775,0.06417672,0.07436233,0.032856584,0.006273377,0.015937047,0.03176095,0.008742278,0.009853448
Eiffel Tower - Paris/147.jpg,0.034940373,0.04078317,0.2551256,0.01802522,0.011180675,0.026919946,0.06696869,0.014463526,0.012960443,0.15271528,0.0028854718,0.0041116974,0.03888637,0.014384076,0.012978003,0.040199537,0.24324605,0.0092258025
Eiffel Tower - Paris/148.jpg,0.08520716,0.03291563,0.013866059,0.039270476,0.035341922,0.13350102,0.029958464,0.047805566,0.08456856,0.12135603,0.0857247,0.033874005,0.02574119,0.029283937,0.016884021,0.10374272,0.046419516,0.03453903
Eiffel Tower - Paris/149.jpg,0.04184366,0.08492677,0.016903816,0.0434168,0.13515155,0.09242971,0.041162267,0.044034947,0.0765124,0.0403107,0.075620115,0.04708052,0.019023059,0.031636305,0.067605324,0.05835389,0.025675122,0.05831299
Eiffel Tower - Paris/150.jpeg,0.016419208,0.001398496,0.0013121113,0.028973483,0.031564143,0.051910613,0.003327918,0.020833332,0.027654622,0.0051073087,0.6858888,0.07006024,0.012181798,0.018129028,0.009619504,0.0014465877,0.012953063,0.0012197347
Eiffel Tower - Paris/152.jpg,0.114429995,0.013546527,0.007205194,0.023208514,0.053127203,0.0297467,0.01856546,0.030903373,0.044152595,0.010958765,0.032373954,0.2603599,0.10640197,0.018730022,0.07496992,0.016773323,0.016818838,0.12772784
Eiffel Tower - Paris/153.jpg,0.11640997,0.004838694,0.003624346,0.0024812142,0.36857513,0.0081299385,0.0017968356,0.01905548,0.016558649,0.012909621,0.00235372,0.011037115,0.005464654,0.00049256306,0.017282726,0.39950326,0.0008337411,0.008652367
Eiffel Tower - Paris/154.jpg,0.018243855,0.0060949223,0.015008039,0.010609488,0.03200621,0.008743618,0.009117964,0.0036437316,0.18164483,0.609853,0.040026598,0.0046440233,0.0043533863,0.0065084123,0.015599113,0.013493925,0.011180468,0.009228356
Eiffel Tower - Paris/155.jpg,0.023644205,0.07302815,0.028620003,0.034719385,0.06879138,0.07589733,0.018360024,0.21220092,0.10130488,0.037527904,0.06629432,0.14131692,0.014518511,0.03093792,0.012064401,0.014242814,0.026719123,0.019811852
Eiffel Tower - Paris/156.jpg,0.056865264,0.0270558,0.02121881,0.054639358,0.14885235,0.02940599,0.060849763,0.017213145,0.031760216,0.028491216,0.04274212,0.05088003,0.06229313,0.021839026,0.21976952,0.032665014,0.023385225,0.070074
Eiffel Tower - Paris/157.jpg,0.023200193,0.09405971,0.018954504,0.026761534,0.06765314,0.033294514,0.025120847,0.25209332,0.09880082,0.03501168,0.016806437,0.089165546,0.051265478,0.020520035,0.052805044,0.025042163,0.04298159,0.026463494
Eiffel Tower - Paris/158.jpg,0.011343973,0.0043782396,0.007928637,0.02240728,0.7240916,0.005970108,0.0078964075,0.0067275423,0.033440806,0.009447848,0.012040431,0.0062510786,0.002653042,0.0011954161,0.0627083,0.041925352,0.0014940251,0.03809986
Eiffel Tower - Paris/159.jpg,0.060182754,0.0004970708,0.00013342765,0.003229234,0.043495763,0.009300877,0.7421815,0.009343649,0.0018006618,0.0030634657,0.0055645322,0.000768982,0.0028394964,0.002950467,0.054027364,0.03963236,0.0014621494,0.019526241
Eiffel Tower - Paris/161.jpg,0.025345525,0.022262542,0.022816464,0.17272846,0.028650124,0.05099747,0.10483294,0.040764853,0.029328438,0.018020222,0.21152672,0.035407808,0.058848202,0.0469753,0.025185281,0.010359459,0.063933715,0.032016546
Eiffel Tower - Paris/162.jpg,0.07958017,0.009192922,0.008502905,0.024648063,0.23374707,0.04124196,0.03222673,0.11827322,0.035553582,0.016403807,0.014983327,0.055521425,0.025994139,0.010904834,0.06569457,0.122706436,0.014322006,0.0905029
Eiffel Tower - Paris/164.jpg,0.08429341,0.061198656,0.04476768,0.02349928,0.043652076,0.0765153,0.07479153,0.042840336,0.018985512,0.062267084,0.028636802,0.08851222,0.047682893,0.09937369,0.032952253,0.03689611,0.062299088,0.070836194
Eiffel Tower - Paris/166.jpg,0.021468904,0.19707674,0.021219088,0.034501337,0.10367825,0.035836577,0.034580283,0.12068695,0.08248991,0.04791069,0.025622886,0.11428338,0.023894126,0.016378349,0.054936726,0.021438971,0.027096417,0.016900456
Eiffel Tower - Paris/167.jpg,0.0653953,0.045293808,0.04404873,0.013096646,0.04915432,0.065523714,0.111187726,0.13554856,0.016071359,0.063057326,0.01024066,0.047210105,0.026777772,0.06890206,0.020669887,0.04941758,0.030077374,0.13832714
Eiffel Tower - Paris/168.jpg,0.094083406,0.008747732,0.007016069,0.06525085,0.0483465,0.05116632,0.017943816,0.017006671,0.04613853,0.021352312,0.27961928,0.108052194,0.06899298,0.035478417,0.07270105,0.011034415,0.026112208,0.020957269
Eiffel Tower - Paris/169.jpg,0.13311878,0.010010645,0.0073410133,0.021913651,0.18788475,0.009143217,0.009949878,0.023338865,0.35027677,0.028192895,0.044353455,0.04034528,0.036655925,0.0030047572,0.04694935,0.03414212,0.009429751,0.0039488827
Eiffel Tower - Paris/170.jpg,0.06396512,0.07271774,0.03496166,0.059797883,0.06618581,0.0832409,0.057848774,0.03828721,0.037774652,0.0550705,0.06866584,0.06401943,0.03433414,0.06374034,0.03837899,0.05221312,0.06251831,0.04627955
Eiffel Tower - Paris/171.jpg,0.023587063,0.08492185,0.062217135,0.025552342,0.08058233,0.03974615,0.027980108,0.25658005,0.056171566,0.038979348,0.020419735,0.0790027,0.029593918,0.023461688,0.035290916,0.021933848,0.03606615,0.057913054
Eiffel Tower - Paris/172.jpeg,0.39880052,0.016222218,0.0007957377,0.003150433,0.0053524226,0.0032308893,0.009899201,0.0012705887,0.015736347,0.009661467,0.0031905484,0.045508336,0.23636568,0.0034101603,0.23286241,0.004268139,0.0052396148,0.005035324
Eiffel Tower - Paris/173.jpg,0.009233813,0.00455307,0.006855106,0.048612237,0.0069151437,0.022619748,0.6342114,0.016351633,0.0034720148,0.0013991933,0.051451877,0.00077617326,0.070258096,0.0436271,0.00849335,0.0013800384,0.0653614,0.0044286195
Eiffel Tower - Paris/174.jpg,0.023516098,0.035266515,0.04269574,0.03896568,0.027789045,0.05745777,0.17649558,0.044035934,0.01230487,0.06609937,0.030967468,0.017808473,0.051918987,0.07086849,0.016506772,0.017758988,0.26281852,0.0067257253
Eiffel Tower - Paris/177.jpg,0.036506124,0.039505083,0.17125428,0.046361163,0.04567863,0.073959544,0.035943188,0.06961712,0.088361904,0.13677381,0.0365351,0.020047188,0.015544247,0.0131616155,0.0118427565,0.04655383,0.0662262,0.046128135
Eiffel Tower - Paris/178.jpg,0.09002677,0.0040998887,0.008218273,0.009946377,0.6121851,0.0010679533,0.0052212346,0.0010208355,0.03828799,0.0034705047,0.019358587,0.02419816,0.0051514665,0.001395256,0.15641609,0.011187915,0.0005423289,0.008205288
Eiffel Tower - Paris/179.jpg,0.18147087,0.00705479,0.0034157417,0.0230468,0.05971268,0.016905455,0.008309705,0.0265511,0.037846964,0.003578537,0.0957767,0.3585834,0.054519426,0.012284951,0.0786192,0.0036309233,0.0053365543,0.023356186
Eiffel Tower - Paris/180.jpg,0.034983262,0.011867279,0.036698435,0.015265601,0.013795637,0.03782645,0.23845488,0.028807173,0.002437285,0.042136554,0.009468494,0.008843183,0.19816132,0.0515051,0.02044938,0.012864992,0.19425079,0.042184293
Eiffel Tower - Paris/186.jpg,0.13800976,0.012043465,0.010581303,0.07166658,0.08806494,0.04650825,0.030228764,0.018872457,0.0456911,0.016149424,0.18311016,0.095083214,0.04355151,0.018739918,0.09452794,0.02651339,0.026551245,0.03410667
Eiffel Tower - Paris/187.jpg,0.6238457,0.0027577423,0.00084454665,0.008257723,0.009991859,0.002338431,0.0036167,0.0010874931,0.004275024,0.00085903343,0.01747967,0.15085438,0.072304726,0.002119421,0.0879362,0.0014635356,0.0013090202,0.008658745
Eiffel Tower - Paris/188.jpg,0.20959124,0.053001042,0.039128195,0.02487341,0.021414014,0.034669805,0.03235172,0.015554316,0.0518453,0.08595313,0.038864285,0.065587126,0.08356363,0.0374496,0.047872193,0.085526526,0.042034496,0.030719956
Eiffel Tower - Paris/190.jpg,0.39513898,0.032018375,0.00045994465,0.0061473344,0.036220673,0.0017984188,0.0041235234,0.00032759077,0.012657962,0.0033736788,0.0034598385,0.038324106,0.019384868,0.00051149284,0.42577323,0.017054155,0.00034372788,0.0028820317
Eiffel Tower - Paris/193.jpg,0.0028831668,0.005835449,0.75380045,0.010496157,0.06804957,0.009108273,0.012539992,0.00764469,0.034633294,0.032726754,0.004194519,0.0011781901,0.0015400429,0.0016969278,0.001922552,0.019902622,0.025803719,0.0060437284
Eiffel Tower - Paris/194.jpeg,0.03918154,0.037429094,0.01998525,0.054248247,0.107107386,0.052518923,0.05530111,0.07901279,0.05341663,0.09848666,0.039674543,0.020526089,0.026853736,0.019941658,0.06886478,0.061744463,0.027024815,0.13868229
Eiffel Tower - Paris/195.jpg,0.1140307,0.009587015,0.010934105,0.040925425,0.21497293,0.038575172,0.02428909,0.021709,0.081224605,0.04683995,0.040617496,0.06703756,0.02345604,0.011690066,0.04934534,0.06766038,0.0054088593,0.13169628
Eiffel Tower - Paris/196.jpg,0.049203992,0.0084452,0.005995572,0.01881143,0.51008654,0.003210507,0.013393603,0.008002238,0.0037132858,0.0014295467,0.010868596,0.053292308,0.010699629,0.0067967414,0.25587824,0.014431757,0.0024738968,0.02326692
Eiffel Tower - Paris/197.jpg,0.04647252,0.10498566,0.044614006,0.05352451,0.08654427,0.06889015,0.06893315,0.03356923,0.03609726,0.047394395,0.07135312,0.06288169,0.0281333,0.068756856,0.044547588,0.041967075,0.0521005,0.03923461
Eiffel Tower - Paris/199.jpg,0.019785648,0.050227523,6.027574e-05,0.0048693223,0.046946287,0.00012742546,0.00044780996,9.975266e-05,0.0044923397,0.008976757,0.00068951544,0.005424415,0.0019752537,7.4551725e-05,0.85142213,0.0040705805,0.00015661497,0.00015377144
Eiffel Tower - Paris/201.jpeg,0.028698755,0.0060796533,0.0036997804,0.01672983,0.46244067,0.0149468165,0.039383747,0.034695126,0.009508901,0.012665075,0.0068896753,0.014979795,0.0076223034,0.0039405324,0.12568018,0.061703634,0.003433599,0.14690182
Eiffel Tower - Paris/202.jpg,0.026089264,0.0038129291,0.0010122139,0.0035290222,0.7622739,0.0011097012,0.0011229212,0.0074539697,0.068747096,0.006714445,0.0046544727,0.0098592155,0.003382134,0.0003182628,0.07980348,0.016667966,0.00044653643,0.003002505
Eiffel Tower - Paris/203.jpg,0.052912895,0.04072286,0.027388245,0.06495212,0.06582106,0.060126234,0.061100516,0.084844194,0.02559569,0.05798352,0.07455197,0.10186005,0.025156246,0.11645342,0.02766284,0.013228963,0.07659337,0.023045735
Eiffel Tower - Paris/204.jpg,0.011214705,0.0026007784,0.0040976787,0.05326823,0.086810075,0.028718041,0.009096271,0.013612876,0.53569365,0.028246704,0.13627712,0.011510404,0.008602092,0.0024470587,0.021074956,0.012811559,0.015890878,0.01802688
Eiffel Tower - Paris/206.jpg,0.045810733,0.06341929,0.13583033,0.1229278,0.12149414,0.013271364,0.08266781,0.044525526,0.023357116,0.014475278,0.07629348,0.03619362,0.036232997,0.025732765,0.063255124,0.019706737,0.054947857,0.01985811
Eiffel Tower - Paris/207.jpg,0.04367461,0.031155773,0.010693994,0.055498198,0.10395378,0.027166326,0.04645749,0.01615049,0.09804722,0.038348753,0.034236275,0.04492376,0.059151568,0.01490924,0.22817598,0.047674913,0.019730316,0.08005133
Eiffel Tower - Paris/213.jpg,0.025393637,0.10738643,0.035177447,0.016852986,0.042041443,0.090996034,0.25985396,0.047378387,0.00872234,0.05912464,0.023494001,0.017127486,0.020010827,0.14993238,0.018917304,0.016136777,0.047960088,0.013493818
Eiffel Tower - Paris/214.jpeg,0.017060446,0.007645021,0.006294734,0.01576412,0.0018310422,0.015081486,0.17894295,0.003258028,0.0021642782,0.031074625,0.0031438856,0.0017918702,0.2762874,0.009683535,0.018536627,0.008122429,0.39885926,0.0044582193
Eiffel Tower - Paris/216.jpg,0.02485829,0.048823964,0.026545484,0.049139343,0.108789384,0.099906035,0.05928491,0.1019832,0.04030961,0.030851882,0.108000785,0.118878536,0.008311359,0.09538248,0.016106794,0.014396222,0.03502311,0.013408528
Eiffel Tower - Paris/217.jpeg,0.04393292,0.07225615,0.032794975,0.012707164,0.016253809,0.07207924,0.073461935,0.030415125,0.03282394,0.06380114,0.018267505,0.042587105,0.1878211,0.07647672,0.03370502,0.035278276,0.10988254,0.045455426
Eiffel Tower - Paris/218.jpg,0.036523897,0.12687469,0.019683708,0.050446194,0.051066846,0.07526608,0.08281301,0.03289002,0.079039246,0.09438196,0.005706278,0.013893207,0.040896438,0.0140673295,0.045310985,0.14013481,0.05733124,0.03367411
Giant-s Causeway/100.jpg,0.291809,0.00391414,0.0029388738,0.011934615,0.018522354,0.013375245,0.004701023,0.005244638,0.022348005,0.0019047208,0.112374246,0.26104152,0.15512162,0.017082794,0.063202895,0.001222792,0.0035237137,0.009737802
Giant-s Causeway/103.jpg,0.00031348085,3.733305e-05,5.9818878e-05,0.00076973555,0.0009141785,0.0009916971,0.9833287,0.00080122,2.6273325e-05,2.1545686e-05,0.002311356,3.2925557e-06,0.0020380067,0.0049096337,0.0009674823,3.4354594e-05,0.0021958128,0.0002761951
Giant-s Causeway/104.jpg,0.03485476,0.0034359752,0.7874641,0.0023331454,0.008494986,0.0015246161,0.007849773,0.003291714,0.0036728517,0.004003753,0.023566205,0.0005804909,0.07082179,0.017997371,0.0005889571,0.00016023443,0.02883997,0.0005193621
Giant-s Causeway/105.jpg,0.08883173,0.017547946,0.015138597,0.053534847,0.060931295,0.0787943,0.032876555,0.055468835,0.02576572,0.014533904,0.07923677,0.15002428,0.07907115,0.0370956,0.07099778,0.018327907,0.025236364,0.09658635
Giant-s Causeway/106.jpg,0.079510346,0.05416669,0.043055486,0.044520605,0.05223379,0.054469414,0.11255507,0.05196839,0.02465875,0.06157116,0.0382786,0.04990035,0.05249911,0.08003407,0.028334018,0.0436663,0.08775546,0.04082223
Giant-s Causeway/108.jpg,0.016080273,0.00992065,0.35679534,0.01879981,0.4485956,0.004897561,0.007898559,0.011675509,0.015422871,0.01885781,0.0083022015,0.0050907107,0.003933241,0.005084321,0.023560075,0.024897663,0.010428223,0.009759566
Giant-s Causeway/109.jpg,0.043581855,0.12168194,0.28179064,0.034767456,0.025330557,0.018750368,0.1113752,0.06524185,0.009259352,0.053921748,0.015425855,0.01786113,0.03523166,0.048489403,0.017404493,0.006951577,0.07194956,0.020985188
Giant-s Causeway/70.jpg,0.051875606,0.071442,0.050067957,0.047078773,0.08914822,0.06506063,0.06791849,0.056343738,0.039107744,0.048488304,0.058926143,0.06514337,0.03371445,0.06786817,0.034647956,0.04747084,0.059503917,0.046193648
Giant-s Causeway/71.giants-causeway.jpg,0.031365156,0.022999784,0.10010434,0.13942903,0.03649035,0.018787472,0.1483074,0.04278837,0.068345234,0.014827457,0.20673065,0.021111133,0.03326664,0.01960013,0.015878877,0.0063297832,0.05857023,0.015067973
Giant-s Causeway/71.jpg,0.0028864052,0.006157139,0.86835337,0.0057674428,0.03810654,0.002776713,0.009014862,0.0043642754,0.0017456568,0.0096507305,0.0026529843,0.0010558838,0.0012583145,0.0023167331,0.0028553242,0.00771623,0.03247067,0.000850699
Giant-s Causeway/72.jpg,0.46644357,0.008326598,0.002048131,0.009616299,0.009383599,0.005657202,0.010457674,0.0015886615,0.0063190027,0.0031433308,0.012225799,0.097391225,0.22220889,0.0071199615,0.11553905,0.004543063,0.0045382287,0.013449707
Giant-s Causeway/73.T39248---Antrim-Giants-Causeway-Evening-Panorama.jpg,0.10473745,0.011542304,0.008645858,0.017146004,0.08985902,0.030526595,0.06839702,0.023306092,0.017744811,0.02138056,0.012997869,0.06761212,0.18790865,0.024975546,0.108142786,0.0358609,0.04658608,0.12263037
Giant-s Causeway/74.jpg,0.09360201,0.060826868,0.047063332,0.009904828,0.02812428,0.02653073,0.018608352,0.058566142,0.058659613,0.05543564,0.01150395,0.027829586,0.2776434,0.031137392,0.034626454,0.041186407,0.10835615,0.010394856
Giant-s Causeway/75.Giants-Causeway-Cover-nlodv72s22nfi2xfmfjyeitqvcgw79s6v7w7d5scqw.jpg,0.049572818,0.097261295,0.037023116,0.05283938,0.083099894,0.07359662,0.063992314,0.036977284,0.04146719,0.042188644,0.07916049,0.08196328,0.028268643,0.068999216,0.040540192,0.04428317,0.039964437,0.038801927
Giant-s Causeway/75.jpg,0.44651237,0.0027282885,0.0010084315,0.00083871547,0.17902265,0.0018819537,0.0011868575,0.00025603804,0.20752119,0.016156908,0.0185141,0.02121422,0.02936282,0.0003254724,0.054710053,0.017488278,0.0010269391,0.00024471138
Giant-s Causeway/76.D-jdFdHXsAEq18G.jpg,0.012830837,0.0143341925,0.004535865,0.019193383,0.3481653,0.03546325,0.020397983,0.022710592,0.108618796,0.026053177,0.0035431245,0.0039159637,0.0036147004,0.001542711,0.03487082,0.17771892,0.002942619,0.15954776
Giant-s Causeway/79.jpg,0.75613827,0.01368148,0.007040097,0.0022784595,0.005091565,0.0015091876,0.00494397,0.0009477515,0.008507047,0.003955578,0.0040559173,0.068590865,0.06129803,0.0025820483,0.040033743,0.009469241,0.001693779,0.008183057
Giant-s Causeway/80.got3.jpg,0.040573683,0.027840605,0.008532132,0.036882546,0.01782125,0.047755335,0.025169332,0.06096756,0.04374883,0.016901713,0.09237249,0.12978439,0.26815063,0.06421961,0.028771859,0.0044509335,0.077691086,0.008365967
Giant-s Causeway/80.jpg,0.3925236,0.05706064,0.0010153182,0.009558963,0.020757066,0.0043817637,0.009296283,0.00073353376,0.011626789,0.008365279,0.0031545542,0.023599146,0.049860366,0.0012376711,0.38322598,0.019690892,0.0014891509,0.0024230322
Giant-s Causeway/81.landscape-giants-causeway-northern-ireland-260nw-1438357835.jpg,0.005233391,0.00081169786,0.9704936,0.0010935538,0.0048640906,0.00033479967,0.00088486256,0.0021744692,0.003360038,0.0024559177,0.0015856044,0.0003525325,0.0010500153,0.0009148564,9.9419616e-05,0.00018765968,0.0036057485,0.0004978138
Giant-s Causeway/82.belfast_giants_causway_2x1.jpg,0.0435502,0.03195369,0.012787449,0.07393732,0.07231646,0.08110911,0.027710168,0.060016617,0.08785412,0.094495915,0.085798725,0.034941465,0.021230463,0.018927246,0.050443508,0.050610445,0.0294972,0.1228199
Giant-s Causeway/82.jpg,0.02171283,0.030547889,0.0061998665,0.033560157,0.36234102,0.024250327,0.07018814,0.0031286296,0.01368273,0.010727568,0.01848191,0.010716871,0.015117179,0.006798881,0.29262468,0.05164838,0.0070209694,0.021251997
Giant-s Causeway/83.60173964-coast-of-giant-s-causeway.jpg,0.53604347,0.0007586865,0.0005422178,0.00012188958,0.13417865,0.0004663426,7.859913e-05,0.0025548118,0.020581398,0.012097391,0.00034288887,0.003778229,0.001180397,1.1783006e-05,0.0015252561,0.2854508,3.0028617e-05,0.00025713976
Giant-s Causeway/83.jpg,0.02972018,0.09156656,0.033633273,0.0378563,0.13534811,0.059498686,0.12459806,0.06726385,0.011472519,0.049522053,0.03487998,0.06692583,0.0085511515,0.14659141,0.033124547,0.014755144,0.0252007,0.029491495
Giant-s Causeway/84.jpg,0.05512884,0.07792663,0.020592218,0.060004484,0.07919887,0.100720845,0.06493328,0.03403175,0.031671207,0.05093518,0.06904703,0.07674611,0.027469367,0.067321524,0.04130135,0.039937135,0.04664934,0.056384787
Giant-s Causeway/86.jpg,0.25558677,0.012002445,0.000916648,0.016378338,0.0069487877,0.0067342315,0.012558204,0.0008286592,0.005332995,0.0059297387,0.00933163,0.044812884,0.36695462,0.0069017312,0.22439924,0.008522498,0.008520355,0.007340285
Giant-s Causeway/87.jpg,0.061749175,0.0037975477,0.011630402,0.0737025,0.1086089,0.10553593,0.023077311,0.08268298,0.03682503,0.012695306,0.22841333,0.06444414,0.034922715,0.026741035,0.044636585,0.013521127,0.028725138,0.038290855
Giant-s Causeway/88.0cf75a7e-giants-causeway-coast-way-irelandways.jpg,0.08907893,0.092211254,0.03317013,0.04082247,0.021354407,0.031568795,0.07462492,0.020455016,0.020954344,0.06548723,0.017117467,0.030416282,0.1604641,0.027854608,0.11871775,0.042463433,0.08538273,0.027856147
Giant-s Causeway/88.jpg,0.0031435506,0.029166399,0.5978282,0.018597148,0.13401732,0.0092190765,0.046947975,0.04266459,0.0051608947,0.027070524,0.0010051253,0.00086100475,0.0015732704,0.0019013765,0.006321723,0.019127816,0.03904355,0.016350461
"Giant-s Causeway/89.basalt-columns-of-giants-causeway-antrim-coast-northern-ireland,109940.jpg",0.046552096,0.10056433,0.012846105,0.052143075,0.063754074,0.098083526,0.08361474,0.011358197,0.064609565,0.05504214,0.05366701,0.04055084,0.047652405,0.039904248,0.08648738,0.0674958,0.03889958,0.03677494
Giant-s Causeway/89.jpg,0.1652961,0.0148590235,0.01774175,0.016450718,0.08062129,0.044722237,0.028271439,0.100658156,0.04228012,0.031254865,0.03386208,0.03456934,0.09749876,0.023013081,0.022368373,0.16829894,0.047394563,0.030839168
Giant-s Causeway/90.giants-causeway-beautiful-summer-day-260nw-671525311.jpg,0.07761206,0.027485602,0.02189546,0.032953124,0.07965635,0.037845656,0.055386078,0.03449023,0.062048413,0.018621717,0.060554314,0.12931556,0.05854029,0.026124366,0.13900042,0.021508249,0.023414943,0.09354715
Giant-s Causeway/90.jpg,0.22650936,0.016437681,0.12035566,0.0154899,0.07658334,0.05125033,0.048576716,0.020882338,0.0128154885,0.13337424,0.0140671255,0.01809154,0.021884315,0.08008928,0.009526176,0.05940328,0.049974203,0.024689183
Giant-s Causeway/91.jpg,0.0641424,0.08801768,0.030288933,0.061423153,0.063039824,0.072782464,0.06383167,0.030686699,0.040489107,0.060675375,0.05636756,0.06561838,0.03567129,0.06575624,0.045945067,0.052626405,0.05494586,0.04769185
Giant-s Causeway/92.giants-causeway-tour-1.jpg,0.072605245,7.8913115e-05,0.0010531326,0.030873878,0.0028434717,0.005317591,0.776491,0.034650117,0.00088833703,0.00037813184,0.022587739,0.00011524508,0.012058442,0.008282621,0.00084745424,0.0035635324,0.023492701,0.0038724872
Giant-s Causeway/92.jpg,0.0045177024,0.73390347,0.0011912689,0.006106453,0.030876925,0.0054409816,0.006864409,0.014478174,0.024218265,0.06474858,0.004881429,0.032077234,0.0033244218,0.0025108592,0.059096813,0.0029155002,0.0017671417,0.0010803578
Giant-s Causeway/93.northern-ireland-giants-causeway.jpg,0.048865266,0.077650286,0.056210633,0.03494526,0.08595387,0.07036544,0.081644654,0.06944828,0.043885287,0.060693946,0.044948068,0.07972604,0.022896618,0.07214778,0.02725492,0.044085052,0.03980095,0.039477676
Giant-s Causeway/94.causeway-coast-way-giants-causeway.jpg,0.017985,0.00017572087,0.001054626,0.028114153,0.022554327,0.034110542,0.0038002143,0.0014897167,0.03377044,0.0029066938,0.82011354,0.008530157,0.0083437245,0.0032302714,0.0061381673,0.0014763507,0.0045193546,0.0016869357
Giant-s Causeway/95.F3DB3A3F-052D-86DB-1B0A6DD679116E9E.jpg,0.13526209,0.03765046,0.014517264,0.025712494,0.09870171,0.019717548,0.12247343,0.0055184676,0.060935993,0.030604484,0.048815735,0.06666902,0.032543592,0.013549529,0.18956722,0.065179445,0.015127338,0.017454252
Giant-s Causeway/95.jpg,0.09890314,0.022363987,0.025714584,0.053783428,0.080892086,0.06287425,0.045839194,0.056983463,0.03906795,0.015747875,0.049681526,0.13311747,0.057548616,0.04320567,0.06875801,0.02669613,0.040639553,0.078183115
Giant-s Causeway/96.jpg,0.42361683,0.014103401,0.007605211,0.0065717697,0.103031464,0.01673395,0.006522351,0.013055122,0.08602792,0.041682217,0.014714221,0.028985176,0.024212958,0.0023323982,0.038040873,0.16043112,0.0022484306,0.010084568
Great Wall Of China - China/102.jpg,0.052245624,0.00054093223,0.00022818283,0.0039259815,0.00066363276,0.0039105243,0.003349506,0.0021312207,0.0038767988,0.0019098803,0.0046277787,0.012882665,0.8664166,0.006667456,0.004919878,0.0004635641,0.029555786,0.0016840558
Great Wall Of China - China/105.jpg,0.06681937,0.01412132,0.007248427,0.0703557,0.048765257,0.08392243,0.020952689,0.061302803,0.093217224,0.026646234,0.08672376,0.11396614,0.0990169,0.030632326,0.035850044,0.03378848,0.053381562,0.053289376
Great Wall Of China - China/106.jpg,0.3417215,0.020929169,0.0076695434,0.023837077,0.08185781,0.017343564,0.016054127,0.0060651316,0.012994727,0.004837503,0.03672598,0.15665779,0.04699361,0.009424542,0.15127514,0.030105576,0.008050244,0.027457137
Great Wall Of China - China/60.the-great-wall-of-china-great-wall-of-china-is-a-series-of-fortifications-made-of-stone-brick-banner-long-format-RAH738.jpg,0.08153257,0.036108624,0.0076872427,0.04913798,0.023956208,0.061539143,0.08387477,0.022839278,0.019989418,0.034651417,0.051530387,0.069715574,0.20367059,0.06075238,0.079848506,0.015692431,0.074017435,0.02345607
Great Wall Of China - China/61.great-wall-of-china-flinders-ranges-south-australia-640x319.jpg,0.0515941,0.0035134645,0.6772106,0.010377723,0.09270594,0.006939184,0.0044999546,0.008804453,0.062456947,0.017425558,0.022966836,0.002850085,0.0047667213,0.0024480391,0.0023610343,0.012818122,0.012850279,0.003411097
Great Wall Of China - China/61.jpg,0.005806706,0.022603698,0.74357706,0.010451727,0.017455352,0.0064499974,0.04009022,0.012203003,0.0025539384,0.028126888,0.0020687198,0.0022671071,0.0036200571,0.0067132907,0.004853922,0.0088429805,0.07823288,0.004082693
Great Wall Of China - China/62._E9_95_BF_E5_9F_8E_E6_8B_BC_E5_9B_BE1_20jp.jpg,0.09213428,0.033265114,0.009737882,0.020451931,0.46918267,0.010863428,0.005603537,0.016136548,0.065677814,0.038435135,0.011369103,0.021062953,0.01238844,0.002867722,0.07402448,0.096547306,0.0022582824,0.017993461
Great Wall Of China - China/62.jpg,0.052920748,0.10865836,0.037166152,0.057633273,0.07946839,0.08086959,0.06007798,0.027653268,0.043272037,0.040471666,0.07506531,0.072544135,0.027066415,0.058186986,0.047368072,0.04767805,0.0487214,0.035178244
Great Wall Of China - China/63.great-wall-china-landscape-260nw-36821797.jpg,0.20919721,0.039124195,0.001944145,0.005289642,0.02821863,0.0008725093,0.006824025,0.00048729425,0.0076782033,0.008271927,0.005977613,0.055327263,0.02059247,0.002249948,0.59869295,0.004927321,0.0011115039,0.003213159
Great Wall Of China - China/64.Simatai_Great_Wall_banner.jpg,0.22650936,0.016437681,0.12035566,0.0154899,0.07658334,0.05125033,0.048576716,0.020882338,0.0128154885,0.13337424,0.0140671255,0.01809154,0.021884315,0.08008928,0.009526176,0.05940328,0.049974203,0.024689183
Great Wall Of China - China/64.jpg,0.007690273,0.041508436,0.06663961,0.10757308,0.1511304,0.041272953,0.039466266,0.112402394,0.07125219,0.067709036,0.11226919,0.031210586,0.00851455,0.017473713,0.023013704,0.021786282,0.063417226,0.015670177
Great Wall Of China - China/65.great-wall-panorama3-small.jpg,0.038644392,0.011233175,0.008127823,0.054434977,0.09894356,0.11929728,0.013152899,0.07923918,0.19820833,0.023628002,0.08261873,0.063226715,0.032386176,0.01267476,0.023774385,0.03853271,0.024549026,0.07732788
Great Wall Of China - China/66.excursion-privada-gran-muralla-china.jpg,0.08791471,0.030258158,0.025920566,0.08109089,0.087332085,0.046728425,0.038962126,0.062351607,0.07029767,0.08561762,0.025231417,0.05944696,0.030545281,0.01824034,0.020390308,0.08886017,0.032675717,0.108135946
Great Wall Of China - China/66.jpg,0.5423353,0.019509528,0.0014796096,0.0069225766,0.015667584,0.0041002138,0.005796103,0.00069652,0.010575057,0.0032213517,0.005608255,0.049528845,0.075696155,0.0018291321,0.23842712,0.01156712,0.0010804253,0.0059592733
Great Wall Of China - China/67.16967026-beijing-great-wall-of-china.jpg,0.306163,0.015366405,0.0050237356,0.027762322,0.03458109,0.01446789,0.011294231,0.0031104605,0.018686794,0.007232676,0.04568065,0.14880131,0.119834356,0.012807233,0.18116865,0.016509255,0.007221946,0.024288004
Great Wall Of China - China/68.jpg,0.015919525,0.018826608,0.032977793,0.020724537,0.073704444,0.03641136,0.4440014,0.010526349,0.0073042577,0.02671303,0.0058336277,0.003875318,0.059025213,0.0125122275,0.078682184,0.040724184,0.08355928,0.028678766
Great Wall Of China - China/69.15596387983375.jpg,0.022584382,0.014552879,0.5259523,0.013155831,0.17711115,0.004554345,0.0061278716,0.008343825,0.072808556,0.075357445,0.003533987,0.004018107,0.002922825,0.0018443163,0.006378782,0.03894701,0.010044779,0.011761581
Great Wall Of China - China/69.jpg,0.006134097,0.04133924,0.077308156,0.017338004,0.3017649,0.053874955,0.034404904,0.14495656,0.112838015,0.025591208,0.007859243,0.009595353,0.0030884591,0.004069291,0.009146073,0.080753475,0.01069175,0.059246443
Great Wall Of China - China/70.DSC_0023.jpg,0.08714975,0.01305729,0.01011142,0.07675458,0.048804425,0.083792925,0.03373189,0.013166999,0.10369748,0.021522455,0.12961195,0.06380227,0.08905317,0.018188743,0.08468626,0.04477217,0.04344013,0.034656107
Great Wall Of China - China/70.jpg,0.0011463257,0.06907252,0.57799774,0.02235973,0.03789907,0.014455529,0.10045739,0.02448976,0.011053909,0.049890995,0.006514675,0.0020198503,0.0017335599,0.0072967433,0.00349254,0.004586794,0.0632315,0.0023012834
Great Wall Of China - China/71.jpg,0.0008218962,0.033117946,0.91389847,0.0015723172,0.0048914636,0.00086784334,0.0059069027,0.009954476,0.00089968595,0.016014403,0.0006545845,0.0008996281,0.00033334477,0.0012909049,0.00029863356,0.00028332628,0.007956938,0.00033741008
Great Wall Of China - China/72.china-great-wall-charity-challenge-main.jpg,0.038476866,0.03401754,0.0529692,0.094299376,0.21112582,0.017995093,0.024681108,0.08007065,0.08149738,0.048674963,0.14159574,0.038040806,0.018847343,0.014323142,0.037984084,0.021558663,0.025744751,0.018097766
Great Wall Of China - China/72.jpg,0.018272564,0.005329555,0.0069289575,0.006879949,0.014714111,0.054595143,0.45013994,0.017193984,0.0032690805,0.03934537,0.0034028527,0.0017797292,0.10810798,0.03397977,0.021538233,0.033104733,0.123354636,0.058063455
Great Wall Of China - China/73.613chinesehistory.jpg,0.024075905,0.014475362,0.020693082,0.07549469,0.056864884,0.093272485,0.07071915,0.042390965,0.13153765,0.072304785,0.09165909,0.019460244,0.023270398,0.016847068,0.032993257,0.05950554,0.07236305,0.0820725
Great Wall Of China - China/73.jpg,0.011559247,0.013468258,0.09440317,0.026862545,0.59752953,0.0017929715,0.006386139,0.0056882077,0.038272772,0.14545968,0.010783015,0.005883195,0.0011448498,0.0037594393,0.015773775,0.00844465,0.0039135106,0.008875112
Great Wall Of China - China/74.china_great_wall_10.jpg,0.08028716,0.00096014666,0.0002823246,0.0033983667,0.00038162305,0.0017868411,0.0027183602,0.0006048545,0.0021402317,0.0019754511,0.0031380574,0.010007334,0.85740405,0.004332506,0.014491126,0.00031750932,0.0144870775,0.0012870035
Great Wall Of China - China/74.jpg,0.055643447,0.013530561,0.009340218,0.033638652,0.03536374,0.13585396,0.034615517,0.030331668,0.077976726,0.029496288,0.15433255,0.068985745,0.11486646,0.05673144,0.028223483,0.024588669,0.06974685,0.02673396
Great Wall Of China - China/75.great-wall-of-china.jpg,0.26030186,0.00662581,0.011108095,0.022234386,0.020959357,0.023067232,0.01605294,0.00967441,0.032620683,0.012032658,0.056383174,0.1062138,0.27308145,0.030161748,0.050126165,0.015987894,0.030091751,0.023276588
Great Wall Of China - China/75.jpg,0.046995316,0.017847281,0.008197302,0.02492566,0.33324215,0.05318348,0.03503288,0.099022105,0.030121392,0.012898749,0.023078991,0.06102089,0.009342562,0.013812449,0.04684637,0.06111207,0.004539931,0.11878046
Great Wall Of China - China/76.great-wall-of-china.jpg,0.035774466,0.012979474,0.0025544446,0.03690815,0.34391126,0.046708427,0.09622755,0.05793382,0.00837875,0.009633295,0.029171394,0.048253577,0.006382352,0.014833066,0.10823347,0.038884703,0.0039229947,0.0993089
Great Wall Of China - China/76.jpg,0.18178529,0.039619304,0.0068384456,0.030524831,0.020331927,0.029516444,0.096253976,0.003425759,0.011808587,0.02141009,0.0063315406,0.01343481,0.23844928,0.008675894,0.14037488,0.093782336,0.046372846,0.011063811
Great Wall Of China - China/77.great-wall-of-china3.jpg,0.047160383,0.08578283,0.049171742,0.059513852,0.06606846,0.07964083,0.06810038,0.03828424,0.054651383,0.05973311,0.06360091,0.05482627,0.027248321,0.04962662,0.045464665,0.05097621,0.04779811,0.052351687
Great Wall Of China - China/77.jpg,0.48749918,0.025195573,0.01359574,0.0029448578,0.047819685,0.024475407,0.023022087,0.013525488,0.044504736,0.02746261,0.008595312,0.0092807235,0.135134,0.010156359,0.045114387,0.06186765,0.008914726,0.01089145
Great Wall Of China - China/78.Peking_Great_Wall.jpg,0.25131908,0.0035925976,0.0020114197,0.042332873,0.010414772,0.020622706,0.0108389845,0.013521373,0.014876405,0.0050226185,0.034511928,0.11960141,0.33877355,0.01686624,0.056542557,0.004820277,0.03618055,0.018150663
Great Wall Of China - China/79.cropped-great-wall-china-953399.jpg,0.30643493,0.029374475,0.01819819,0.016349072,0.033531144,0.024071148,0.022523817,0.007138874,0.044567198,0.038734768,0.03044881,0.08816588,0.096702226,0.021082507,0.0753555,0.099570945,0.020247329,0.027503196
Great Wall Of China - China/79.jpg,0.104467034,0.043119036,0.04145731,0.07703128,0.08242319,0.049425717,0.055391777,0.02541795,0.08884499,0.027000971,0.049546048,0.07231454,0.040027123,0.015600819,0.056214582,0.08167409,0.03975444,0.050289143
Great Wall Of China - China/80.voyage-chine-grande-muraille-chine-jinshanling-4.jpg,0.3293442,0.024350911,0.024568733,0.017522668,0.059399337,0.058603793,0.08683991,0.017136013,0.01107293,0.038272344,0.025016148,0.03968066,0.05162244,0.06752024,0.04748171,0.05581317,0.020623898,0.025130799
Great Wall Of China - China/81.China-great-wall-of-china-16.jpg,0.13729787,0.011285076,0.22060868,0.0005016979,0.0030124502,0.004591411,0.0061367806,0.0011589755,0.008820723,0.021938283,0.0075712954,0.0013328434,0.49270347,0.034850016,0.0013072721,0.0009995291,0.04521312,0.00067040254
Great Wall Of China - China/81.jpg,0.49295717,0.007407758,0.007411061,0.029307874,0.05321114,0.026611468,0.020477027,0.009785253,0.022019187,0.010010677,0.026027052,0.05926442,0.088720165,0.011362379,0.050975688,0.04251894,0.012238524,0.029694112
Great Wall Of China - China/82.6841179584_8cebbc8b16_b.jpg,0.029950613,0.0060542324,0.002202461,0.054713525,0.09216947,0.03289949,0.024242366,0.003452142,0.031415634,0.015946953,0.21638227,0.046279892,0.090580784,0.015688613,0.29611814,0.005828279,0.011570313,0.02450483
Great Wall Of China - China/83.Beijing-Layover-Great-Wall-1100x534.jpg,0.008030824,0.046503007,0.021656392,0.065447494,0.09748842,0.11428423,0.0790236,0.042651515,0.21273069,0.07336039,0.06337185,0.028524626,0.0075708604,0.018301295,0.014220389,0.040877484,0.05173959,0.014217295
Great Wall Of China - China/84.Great-Wall-of-China-273526-950px-16x7.jpg,0.08136148,0.014418651,0.012305967,0.030323274,0.013555857,0.03961274,0.08408219,0.057808854,0.011720366,0.03272472,0.019364884,0.031441163,0.30423477,0.04216824,0.023899317,0.014559781,0.15117732,0.03524046
Great Wall Of China - China/84.jpg,0.06460496,0.0733628,0.023548322,0.04419191,0.06718041,0.10030823,0.05922156,0.040242095,0.06510607,0.052553777,0.07175067,0.08448555,0.0252085,0.055281214,0.026636126,0.07004378,0.036677547,0.03959643
Great Wall Of China - China/85.great-wall-autumn_29191.jpg,0.061545897,0.024601348,0.047468796,0.017311934,0.425411,0.019236967,0.012975515,0.036596082,0.02198808,0.019057859,0.0048917923,0.010099806,0.012377626,0.004351829,0.03461459,0.20586176,0.009584753,0.03202439
Great Wall Of China - China/86.badaling-447106.jpg,0.040044714,0.043824054,0.078273796,0.04830329,0.20876004,0.01429396,0.017998032,0.034852,0.13030602,0.14019452,0.0102058705,0.012516568,0.012461845,0.0048888293,0.030491019,0.09118761,0.017021663,0.06437625
Great Wall Of China - China/86.jpg,0.25634998,0.017664285,0.0015963721,0.025760239,0.09104565,0.005112385,0.01070099,0.0011882995,0.014744077,0.0034876717,0.016468525,0.12256507,0.04228401,0.003283941,0.3404467,0.020224584,0.0015255542,0.025551716
Great Wall Of China - China/87.the-great-wall-of-china-ond-the-mountains-china-panorama-stock-picture-288842.jpg,0.042640198,0.023062123,0.01331215,0.016251609,0.08876698,0.024166008,0.049140636,0.09074929,0.044065453,0.065295905,0.005263572,0.017007278,0.009512975,0.004818832,0.03824749,0.042921465,0.006012541,0.41876543
Great Wall Of China - China/88.2235deed950fb4461ccc8be7c3009848.jpg,0.030608792,0.018307153,0.006298517,0.04056596,0.24075386,0.013544506,0.06764294,0.0058485437,0.01225337,0.020902261,0.025577378,0.033626735,0.03680237,0.014183693,0.34809366,0.019748203,0.012041726,0.05320026
Great Wall Of China - China/89.jpg,0.026747253,0.09756111,0.076856256,0.030416606,0.08236982,0.051646035,0.047268376,0.13546984,0.032454424,0.034142967,0.046966285,0.13094969,0.021918472,0.074054524,0.036049604,0.0108654145,0.03504288,0.029220508
Great Wall Of China - China/89.str2_mcgreatwall_PLEASEUSE.PDF.jpg,0.020661553,0.0030370594,0.009108085,0.0023445492,0.005422098,0.00083697104,0.0041753296,0.002092273,0.0057128253,0.91747344,0.0011354471,0.001839739,0.0020949815,0.0072540888,0.001015851,0.0029550905,0.009875793,0.002964869
Great Wall Of China - China/90.2170-Muralla.jpg,0.056772165,0.040872995,0.022729542,0.037253838,0.08894782,0.10279324,0.057920538,0.09847883,0.048386835,0.03913652,0.05886908,0.068404645,0.029080661,0.06591795,0.027729742,0.045691334,0.056736547,0.054277666
Great Wall Of China - China/92.jpg,0.08230866,0.004337411,0.003450573,0.05729133,0.07188467,0.11684303,0.01529301,0.10284543,0.023715623,0.0055531445,0.16079979,0.2513867,0.014614892,0.029303895,0.012852651,0.009715187,0.009881613,0.027922401
Great Wall Of China - China/93.jpg,0.2624899,0.025916256,0.04262216,0.028668094,0.072794095,0.02999331,0.015988763,0.02142749,0.16334112,0.057346825,0.050075594,0.043989692,0.055976078,0.0111690555,0.030232104,0.048749376,0.00879505,0.030425096
Great Wall Of China - China/94.jpg,0.0097542815,0.00076944614,0.00041855927,0.047013123,0.02626241,0.03452354,0.0052559283,0.0019070945,0.03573583,0.01339276,0.7297622,0.020137137,0.012707393,0.010800197,0.036364924,0.0014294147,0.011187755,0.0025781896
Great Wall Of China - China/97.jpg,0.034350008,0.08402002,0.023199752,0.048185457,0.11508524,0.10108744,0.06239919,0.068508305,0.060098957,0.044115774,0.071524695,0.053029113,0.018016022,0.044819184,0.046521507,0.037011515,0.027040487,0.0609874
Great Wall Of China - China/99.jpg,0.15357606,0.011050203,0.0033394468,0.021576826,0.0538834,0.012916968,0.011255172,0.0069359634,0.08468253,0.02628336,0.11617471,0.16343565,0.07218899,0.011043579,0.2182845,0.00849254,0.01317336,0.011706814
Himalaya - India/101.jpg,0.059137248,0.0312554,0.026753284,0.053850528,0.119214095,0.07114261,0.056391478,0.07786999,0.05523946,0.057020243,0.03954898,0.03566849,0.026875123,0.026320936,0.049684703,0.0620349,0.022119518,0.12987301
Himalaya - India/60.tthim_himalayas.jpg,0.023006909,0.059753537,0.0036791933,0.020148806,0.09504472,0.07126918,0.26924306,0.0046393783,0.0151751675,0.035730816,0.042390738,0.020935686,0.028078469,0.07261884,0.16199619,0.022786317,0.02466151,0.028841581
Himalaya - India/61.1050px-Panoramic_view_of_the_Himalayas_from_Kausani_2C_Uttarakhand.jpg,0.44402355,0.021567626,0.037811745,0.008445075,0.10237505,0.024426147,0.025604656,0.012245533,0.035120454,0.032073334,0.007458545,0.0155027965,0.03383098,0.010733669,0.035732903,0.12935996,0.008323933,0.015364087
Himalaya - India/61.jpg,0.0012591421,0.004981241,0.014057917,0.0036877152,0.9250633,0.0004202161,0.0023551078,0.008997139,0.004548818,0.0042358334,0.00018179521,0.0003073248,0.0001174478,6.323079e-05,0.007856685,0.014049874,0.0005310522,0.007286216
Himalaya - India/62.Pindari-Glacier-Trek.jpg,0.2704449,0.0422326,0.020801,0.0034978853,0.01934947,0.03811605,0.031036114,0.0073273596,0.032848272,0.05803175,0.012296624,0.013017646,0.31402424,0.026773341,0.04468676,0.03563295,0.022739483,0.0071435943
Himalaya - India/63.hangchendzonga-national-par.jpg,0.03569481,0.14202516,0.019473365,0.036218856,0.09594002,0.1032692,0.049809713,0.036179595,0.09246962,0.04592897,0.07190463,0.051007763,0.018103553,0.036323193,0.050006624,0.051657353,0.021027269,0.04296041
Himalaya - India/64.jpg,0.0641128,0.08591752,0.035766758,0.06437298,0.06639588,0.08526875,0.049644608,0.028068041,0.049961127,0.046711907,0.06325177,0.06296522,0.033450197,0.037942696,0.05839739,0.06306044,0.05098223,0.053729754
Himalaya - India/65.jpg,0.4262913,0.036780298,0.016097033,0.016881153,0.073952034,0.017586235,0.020738192,0.005332586,0.023084143,0.015195028,0.01729387,0.084973544,0.03780471,0.00788695,0.10028678,0.062006544,0.0040724585,0.033737164
Himalaya - India/66.india-trekking-himalaya.jpg,0.17514475,0.0067006466,0.0005554989,0.00442534,0.0018252012,0.004690635,0.010781436,0.0016436817,0.0034134747,0.004388951,0.0025525861,0.02176113,0.66088563,0.0058405795,0.07734802,0.0022247168,0.011742523,0.004075211
Himalaya - India/67.0.23186100_1549439091_gettyimages-687401904.jpg,0.25558677,0.012002445,0.000916648,0.016378338,0.0069487877,0.0067342315,0.012558204,0.0008286592,0.005332995,0.0059297387,0.00933163,0.044812884,0.36695462,0.0069017312,0.22439924,0.008522498,0.008520355,0.007340285
Himalaya - India/68.himalaya3-2.jpg,0.035488192,0.00563827,0.0019322368,0.009532268,0.0019567928,0.040177923,0.32117012,0.00716114,0.0022025658,0.048009545,0.0045377244,0.0014876077,0.25091606,0.028915279,0.011730391,0.0222975,0.19551066,0.01133575
Himalaya - India/69.dry-mountain-rang-landscapes-of-the-indian-himalaya-near-leh-ladak-india-P9FDAF.jpg,0.0033938575,0.0054241107,0.0033580994,0.007987935,0.008258491,0.027181234,0.7876475,0.0031455895,0.00065483106,0.009243996,0.0070134792,0.0009890549,0.03473591,0.027653491,0.018844506,0.0021399157,0.045245457,0.00708258
Himalaya - India/70.jpg,0.10711112,0.054603867,0.01638502,0.032448273,0.22226852,0.04051599,0.013554071,0.021421485,0.16984822,0.027165323,0.038514983,0.09053745,0.017390624,0.005989799,0.039368063,0.0717254,0.004117829,0.02703383
Himalaya - India/70.logo-kedarnath1.jpg,0.005486462,0.0022502558,0.0020129099,0.0060886024,0.02206367,0.00074789353,0.005003968,0.0008013455,0.023748001,0.89179045,0.013199286,0.0018763304,0.0011521941,0.0074115116,0.008756048,0.0011688338,0.0033173745,0.0031247833
Himalaya - India/71.eco1.jpg,0.055601954,0.043831676,0.035323422,0.08958033,0.22938107,0.024191497,0.024907527,0.09364085,0.05079029,0.040873643,0.038167924,0.040988058,0.014921806,0.017043816,0.054481126,0.056598112,0.031219775,0.058457248
Himalaya - India/71.jpg,0.019946724,0.005538079,0.00076873874,0.01313179,0.11559736,0.010985688,0.51597863,0.0015047393,0.0155119365,0.003575673,0.025395831,0.005928567,0.007935392,0.004902801,0.21494135,0.022965513,0.0040972973,0.011293848
Himalaya - India/72.127750177-view-landscape-of-himalayas-or-himalaya-range-mountain-with-confluence-of-the-indus-and-zanskar-rive.jpg,0.057716697,0.042300623,0.044789456,0.06389465,0.09980079,0.047262505,0.038951688,0.044150878,0.07049055,0.031121306,0.05909796,0.06479629,0.04294839,0.027396863,0.0829763,0.05723657,0.058823578,0.06624495
Himalaya - India/73.jpg,0.06620641,0.027806677,0.015506262,0.10104696,0.15503018,0.043339748,0.029974615,0.08736801,0.07803618,0.059411794,0.037926007,0.07113704,0.023558281,0.026295437,0.023282008,0.059226606,0.030754678,0.06409319
Himalaya - India/74.jpg,0.74976134,0.00446618,0.0037458725,0.0006024533,0.045152295,0.0049296753,0.0031320318,0.0026136094,0.044496533,0.020887256,0.008112727,0.017518764,0.016129233,0.0007857576,0.009391293,0.06543206,0.00061418914,0.0022289362
Himalaya - India/74.panoramic-view-himalaya-mountain-range-as-seen-northeast-india-pelling-mountains-left-to-right-kabru-metres-talung-109135260.jpg,0.053860772,0.07246218,0.046269737,0.0581406,0.078907914,0.071972564,0.06237068,0.047504466,0.041045647,0.050859265,0.072138675,0.06047424,0.032064356,0.05624183,0.04081992,0.052141044,0.054172743,0.04855335
Himalaya - India/75.5f46890b866ec4da0328d1815476bd16_northindia.himalayatour.441.jpg,0.086422294,0.01968987,0.022382457,0.016110634,0.029928815,0.040188625,0.10248903,0.115885966,0.00919226,0.042027544,0.007937532,0.048794042,0.031374007,0.01958961,0.022916453,0.01957053,0.018234804,0.3472655
Himalaya - India/75.jpeg,0.103954084,0.03826268,0.031265635,0.03453854,0.0324275,0.025872884,0.043735154,0.0155272,0.02635001,0.17968059,0.07164817,0.059610352,0.060334682,0.069566965,0.10796714,0.019839298,0.056305364,0.023113804
Himalaya - India/76.jpg,0.07494528,0.03298055,0.020481236,0.03786567,0.07842429,0.03444957,0.049121194,0.027063219,0.041838586,0.019039055,0.052799445,0.12683745,0.06357415,0.02960819,0.17103861,0.021023927,0.0211793,0.09773038
Himalaya - India/77.Kashmir-Great-Lakes-Trek.jpg,0.7528147,0.00064051885,0.0031886306,0.00029602816,0.110894345,0.0010950741,0.00022206508,0.0015024687,0.056473598,0.009703929,0.0018881741,0.0045490577,0.003126323,0.000110477646,0.001612048,0.050843064,4.6411333e-05,0.0009931054
Himalaya - India/77.jpg,0.05570234,0.07283942,0.056115463,0.017479641,0.030297522,0.07264343,0.07311421,0.031832576,0.03206835,0.06420542,0.0250034,0.045228448,0.11126916,0.084594496,0.038675494,0.047463465,0.08056651,0.060900595
Himalaya - India/78.1200px-Kabru_Complex.jpg,0.051878277,0.07940474,0.045244094,0.05125512,0.0990065,0.0656819,0.074942596,0.052984398,0.040964853,0.050204374,0.05608147,0.06994254,0.025138633,0.06908218,0.03020784,0.047952022,0.0488325,0.041195862
Himalaya - India/79.Kanji-La.jpg,0.104898684,0.039254967,0.0986708,0.021000266,0.12453769,0.048107877,0.01693892,0.030888317,0.08061455,0.065147616,0.06263789,0.03773715,0.085042484,0.026053946,0.03668995,0.06892424,0.026045421,0.026809182
Himalaya - India/80.jpeg,0.077975824,0.0083635,0.013460418,0.017289914,0.025107916,0.027158683,0.023036975,0.024373978,0.065763,0.46465334,0.03205503,0.011845456,0.035543505,0.02105395,0.0138609605,0.053333946,0.043827366,0.041296232
Himalaya - India/81.indian-himalaya-panorama.jpg,0.112535,0.058338996,0.045014936,0.04499938,0.04876962,0.04902053,0.042014565,0.055865932,0.043893542,0.034918375,0.03972817,0.11221195,0.053924777,0.038513094,0.061420064,0.039536666,0.039874066,0.07942038
Himalaya - India/81.png,0.15277013,0.016532203,0.019581024,0.056513894,0.06389791,0.08484632,0.03907132,0.055229113,0.015905835,0.021363113,0.0801458,0.13057543,0.040402863,0.04567269,0.06695539,0.017886333,0.029136876,0.063513756
Himalaya - India/82.jpg,0.16196503,0.060887475,0.014437754,0.019386116,0.06213804,0.038261946,0.052433237,0.007885276,0.06761022,0.05192291,0.035310112,0.083896115,0.041178796,0.018824436,0.100332186,0.13813883,0.016116941,0.02927464
Himalaya - India/84.jammu-3396131_960_720.jpg,0.13862129,0.009274475,0.0050552725,0.02418747,0.019492043,0.015213966,0.01593226,0.003750946,0.07936889,0.020268492,0.09837528,0.094537385,0.26370332,0.019727122,0.14821158,0.0061695785,0.02185486,0.016255701
Himalaya - India/84.jpg,0.015026297,0.0013983563,0.0021997038,0.033883967,0.08219852,0.013703112,0.004643447,0.0020307223,0.7106697,0.027293209,0.050279576,0.0041520232,0.0073279007,0.0009865038,0.016243506,0.014630201,0.0030001483,0.0103330845
Himalaya - India/85.jpg,0.067773744,0.10706588,0.053256888,0.04273653,0.056882244,0.06003447,0.07353037,0.04299573,0.05649948,0.08650696,0.04467969,0.07941995,0.02101634,0.056017447,0.027217284,0.052459422,0.037558954,0.0343488
Himalaya - India/86.jpg,0.050425734,0.07978714,0.000568032,0.0141309025,0.08588451,0.0024369387,0.0032280637,0.00416388,0.03337686,0.024955122,0.013138125,0.1668943,0.0328804,0.0011831567,0.46925253,0.010532067,0.0024544164,0.004707806
Himalaya - India/88.pic1.jpg,0.120389655,0.0009266565,0.0016245547,0.016141918,0.032338932,0.01854676,0.0021566295,0.0072729066,0.06518556,0.0025095933,0.348194,0.21446124,0.10630303,0.018781414,0.032568086,0.0009156973,0.0054301694,0.0062531633
Himalaya - India/89.banner-1.jpg,0.05047524,0.02829568,0.07197184,0.019787991,0.3121914,0.029240206,0.020921381,0.084148355,0.026090145,0.019674042,0.019004805,0.039133318,0.047118258,0.019428868,0.049268298,0.093378894,0.0464575,0.02341373
Himalaya - India/89.jpg,0.075892575,0.058918282,0.028937176,0.043815713,0.06890563,0.08617437,0.052064337,0.0407435,0.07397267,0.05042408,0.05920521,0.072774954,0.032171503,0.043952137,0.041868385,0.07728611,0.049256176,0.043637175
Himalaya - India/91.jpg,0.1247139,0.0045761224,0.0006443119,0.0049155485,0.0012775991,0.008673523,0.021493733,0.0011715672,0.001988706,0.0058094733,0.00453115,0.009616003,0.7493952,0.008824497,0.032359812,0.001976031,0.015048545,0.0029843168
Himalaya - India/91.kabru-range-kanchenjunga-sikkim-himalaya-260nw-57145231.jpg,0.03393948,0.0881546,0.08173093,0.03772645,0.046142444,0.06500552,0.103293836,0.055593092,0.11634187,0.06478457,0.044809546,0.061811462,0.021687603,0.036685504,0.022186104,0.03989215,0.04862426,0.031590525
Himalaya - India/92.jpg,0.20034853,0.04617338,0.030855034,0.045808516,0.058812886,0.023664206,0.03549512,0.020945061,0.035284493,0.015048637,0.034702886,0.13321742,0.074198686,0.02195156,0.10001487,0.045222245,0.02251778,0.055738613
Himalaya - India/96.jpg,0.14567424,0.029952476,0.008334363,0.017497899,0.36454627,0.018528389,0.011133892,0.017344212,0.052438,0.02869644,0.0062128645,0.016928207,0.010211456,0.0041312245,0.05371473,0.181442,0.003231321,0.029982163
Himalaya - India/98.jpg,0.01828577,0.0078302715,0.017349865,0.032811478,0.24658802,0.021168737,0.022932742,0.02638834,0.2751578,0.038093485,0.026600404,0.011620241,0.010467164,0.0042695864,0.053193364,0.03682562,0.0073477295,0.14306945
Himalaya - India/99.jpg,0.05704284,0.08567166,0.01427345,0.0669103,0.16281669,0.013165421,0.018023504,0.015081411,0.10868086,0.19063313,0.02476733,0.035754666,0.01326745,0.016227024,0.0937739,0.038583986,0.0094594285,0.035866942
Machu Pichu/100.jpg,0.025568863,0.009090132,0.007158144,0.036047347,0.4397823,0.011037063,0.011797131,0.005142483,0.051165827,0.01097414,0.07700227,0.03330943,0.017687507,0.00673303,0.20408833,0.016932782,0.005097904,0.03138522
Machu Pichu/102.jpeg,0.33423394,0.008512766,0.008602502,0.037083413,0.032986052,0.031867728,0.013811776,0.009008935,0.014289393,0.008124143,0.13358715,0.15293811,0.07310906,0.02089821,0.07621688,0.009342357,0.010970808,0.024416804
Machu Pichu/104.jpg,0.0294715,0.013740494,0.0124773765,0.049944405,0.09378572,0.055594843,0.01805941,0.02810611,0.38630006,0.04914676,0.040729783,0.023560017,0.015251793,0.0044348906,0.027992366,0.07164526,0.012702517,0.06705666
Machu Pichu/105.jpg,0.0026612645,0.039452754,0.011902524,0.019161584,0.02710795,0.03417229,0.61791015,0.003261147,0.0019040914,0.00925324,0.0105424775,0.0015948821,0.029148085,0.03179996,0.09906159,0.0041338396,0.054041956,0.002890171
Machu Pichu/106.jpeg,0.12188865,0.019556673,0.023115784,0.05279775,0.021121832,0.026176803,0.078662336,0.030998204,0.012579362,0.227102,0.027040198,0.0353178,0.027707532,0.088311225,0.008193147,0.022774223,0.1545623,0.022094078
Machu Pichu/108.jpg,0.092172876,0.02238616,0.016271356,0.0112531055,0.58532906,0.0069098077,0.0037194248,0.014995105,0.077478044,0.029005958,0.0042889263,0.011480781,0.0039477246,0.0012742201,0.01581391,0.08542289,0.0014257936,0.016824972
Machu Pichu/109.jpg,0.060368136,0.022281518,0.23702686,0.07651866,0.06119204,0.017445404,0.06443294,0.04140564,0.035163198,0.01838939,0.17405573,0.023817481,0.036310658,0.04232779,0.01838304,0.006925006,0.047829475,0.016126914
Machu Pichu/112.jpg,0.057033263,0.07674102,0.027854403,0.05096253,0.06500556,0.096819855,0.05880533,0.040994316,0.07224269,0.05825247,0.08050901,0.06733729,0.024937183,0.048015464,0.03355473,0.06344195,0.03570814,0.041784823
Machu Pichu/113.jpg,0.042194325,0.040753685,0.02051542,0.036267545,0.05566534,0.043527104,0.030352278,0.055035803,0.11987855,0.08431438,0.060797222,0.071444556,0.111478984,0.035349786,0.06592748,0.023610462,0.06370794,0.039179053
Machu Pichu/75.Machu-Picchu-Panorama.jpg,0.06445081,0.089067094,0.037910882,0.04577452,0.07153219,0.072692,0.064972766,0.042550992,0.041615564,0.045302413,0.05191582,0.08182201,0.031330008,0.069973916,0.04190578,0.0465198,0.05173674,0.04892679
Machu Pichu/75.jpg,0.08153257,0.036108624,0.0076872427,0.04913798,0.023956208,0.061539143,0.08387477,0.022839278,0.019989418,0.034651417,0.051530387,0.069715574,0.20367059,0.06075238,0.079848506,0.015692431,0.074017435,0.02345607
Machu Pichu/76.blogs-the-wanderlust-guide-to-the-best-of-machu-picchu.jpg,0.4735705,0.015186437,0.03530061,0.0113641815,0.22429298,0.017243871,0.0062011415,0.0030141885,0.026947448,0.027230106,0.0064919945,0.02217549,0.009743168,0.008675169,0.011329157,0.09034707,0.0035844862,0.007302
Machu Pichu/77.6.jpg,0.0051468057,0.0011618825,0.0018426602,0.014499139,0.29609478,0.0074367044,0.0071403496,0.0027576415,0.5514476,0.009274634,0.02952615,0.0040106038,0.0029873766,0.00067385775,0.025545202,0.018413683,0.0013820125,0.020658923
Machu Pichu/77.jpeg,0.08203919,0.028209716,0.031849984,0.027497988,0.1061342,0.03998452,0.07190448,0.06800412,0.013909791,0.019066684,0.023485929,0.090963595,0.04888393,0.039980307,0.117730245,0.022917353,0.0183545,0.14908348
Machu Pichu/78.133358_98ccce75.jpg,0.14451599,0.020171082,0.007467821,0.013417544,0.1850971,0.004737177,0.008910957,0.020906942,0.053233027,0.005914532,0.023307731,0.19159411,0.059138175,0.005920839,0.22060972,0.011769515,0.008390903,0.014896841
Machu Pichu/78.jpg,0.29064223,0.033947565,0.024190523,0.021535223,0.038633857,0.013979232,0.0325749,0.015994407,0.037995473,0.010631564,0.02508901,0.17091203,0.06345289,0.012426738,0.110257015,0.022725912,0.011824347,0.0631872
Machu Pichu/79.Machu-Picchu-5-2-640x280.jpg,0.07134922,0.006139426,9.8292796e-05,0.0039203153,0.100571305,0.00013341037,0.0015415811,2.7135255e-05,0.00855802,0.0011125561,0.0020753127,0.014730717,0.0026460488,0.00010140967,0.78338516,0.002720365,6.807343e-05,0.00082165655
Machu Pichu/80.5874615svmp_banner-640x300.jpg,0.018667672,0.017322235,0.039798673,0.026620405,0.14200094,0.04300914,0.0925255,0.13984369,0.01878442,0.05915441,0.018573567,0.012853133,0.023680342,0.015967479,0.054267112,0.03803055,0.03165263,0.20724812
Machu Pichu/80.jpg,0.05979704,0.07205378,0.051036976,0.06857495,0.07766691,0.059054937,0.06707194,0.036499903,0.03988162,0.048155747,0.069226466,0.06748732,0.03058136,0.051054996,0.04961087,0.056345403,0.046535116,0.049364652
Machu Pichu/81.machu_picchu_1325320_letterbox.jpg,0.038670618,0.10895973,0.041791826,0.04713599,0.07464998,0.08605284,0.06302746,0.034607556,0.05141772,0.047947932,0.066034965,0.058656707,0.032889783,0.057196468,0.047227446,0.04426482,0.046076477,0.053391695
Machu Pichu/82.MachuPicchu-Big-1024x459.jpg,0.007342198,0.055010356,0.011428763,0.007137184,0.09104855,0.0659172,0.014677035,0.5401763,0.03304227,0.010530746,0.024119934,0.07293378,0.0052079344,0.02464141,0.0057082693,0.0063096257,0.007805047,0.016963335
Machu Pichu/82.jpg,0.058346678,0.024897542,0.04790536,0.03509602,0.01608847,0.051407184,0.19198674,0.028090896,0.007811633,0.15642115,0.028503507,0.024474083,0.034143567,0.09891147,0.011068486,0.023493571,0.13265336,0.028700255
Machu Pichu/83.amanecer.jpg,0.0268412,0.015083397,0.019619199,0.066935495,0.063499615,0.07367981,0.04554833,0.17296702,0.051101156,0.015147282,0.15978281,0.06874848,0.052476503,0.037948783,0.018042862,0.025507241,0.06434987,0.022720944
Machu Pichu/83.jpg,0.0074244067,0.0062243766,0.015633928,0.031179983,0.39650214,0.021476971,0.019506704,0.022474382,0.23794375,0.020694142,0.03566554,0.009247954,0.005610983,0.0024384097,0.043433398,0.0341383,0.0066546975,0.08375
Machu Pichu/84.jpg,0.027447607,0.046418536,0.027213192,0.03643748,0.19561028,0.08119043,0.083139956,0.116163984,0.030174863,0.020527244,0.044342663,0.061879992,0.014778983,0.056146763,0.044176012,0.027275382,0.026285341,0.060791284
Machu Pichu/85.jpeg,0.02067483,0.027945671,0.055460062,0.042095147,0.123133354,0.050549533,0.070771255,0.120276935,0.056771632,0.059210673,0.018246118,0.018978287,0.020529386,0.016056921,0.036139134,0.049650352,0.03418792,0.17932267
Machu Pichu/85.social-share-machu-picchu.jpg,0.063613884,0.0011366,0.0016659908,0.06050954,0.054132562,0.046403285,0.007175885,0.006294757,0.0969156,0.004021644,0.47259805,0.062805265,0.05568052,0.009015282,0.0357164,0.004993846,0.010393734,0.0069272746
Machu Pichu/86.jpg,0.0054152007,3.2024607e-05,0.00010986125,0.0135507705,0.004673919,0.024147943,0.0014622402,0.0005382149,0.008647382,0.0007665665,0.9306268,0.003086888,0.0018765384,0.001609721,0.001447914,0.00015699393,0.0015768883,0.00027408256
Machu Pichu/87.IMG_8266-1200x565.jpg,0.027220387,0.021316025,0.009110297,0.016907813,0.26788473,0.008030476,0.13212359,0.014099537,0.003992543,0.011830471,0.006823133,0.017973516,0.024980236,0.0114699295,0.34585503,0.013908219,0.014489131,0.051984936
Machu Pichu/88.jpg,0.07833926,0.019631566,0.012775475,0.053759366,0.020130593,0.060741823,0.07483612,0.035272453,0.024031589,0.055727825,0.03202313,0.039836712,0.16978654,0.05539564,0.029484907,0.03100664,0.17218506,0.03503517
Machu Pichu/88.stunning-views-on-the-route-of-the-machu-picchu-trek.jpg,0.013703542,0.0033367092,0.0074876654,0.03818263,0.12637608,0.03208404,0.011727645,0.012833672,0.52307886,0.01612245,0.10017246,0.016753094,0.011131995,0.0033111614,0.026336124,0.021424454,0.011662038,0.024275403
Machu Pichu/89.banner-73201.jpg,0.08188831,0.06376312,0.023415705,0.033328205,0.052114096,0.08723088,0.05555466,0.032334667,0.07932993,0.075578704,0.05905288,0.07039224,0.033238467,0.04612413,0.028756851,0.10326076,0.037953526,0.036682844
Machu Pichu/89.jpg,0.033656426,0.04711246,0.31275284,0.01143138,0.010843007,0.015782783,0.10222255,0.0082542775,0.0053819926,0.018957432,0.026551861,0.0035865942,0.18395054,0.08108887,0.008192453,0.0016530136,0.12298823,0.0055933455
Machu Pichu/90.cusco-to-iquitos-luxury-amazon-river-cruise-aria-machu-picchu-1113x500.jpg,0.0762271,0.08257027,0.034102455,0.05119934,0.0653664,0.06438595,0.06222756,0.027408786,0.05461616,0.05349703,0.047076844,0.07425828,0.036341567,0.04149006,0.05511235,0.08021732,0.038072467,0.055830013
Machu Pichu/90.jpg,0.038675517,0.019368663,0.0456372,0.034777436,0.26052463,0.052554075,0.059275497,0.08596465,0.01755151,0.015532598,0.02584958,0.038042404,0.0237585,0.031305775,0.09644211,0.039012745,0.020295242,0.09543189
Machu Pichu/91.mp-s.jpg,0.009982077,0.024946975,0.056314543,0.03240057,0.07474855,0.039051868,0.026456514,0.035499293,0.32130438,0.0797822,0.0049568973,0.0042138286,0.007504443,0.0017066201,0.012157643,0.13498488,0.018835584,0.115153156
Machu Pichu/92.jpeg,0.017959496,0.020160995,0.04041255,0.015638161,0.0038058043,0.02111375,0.28487888,0.007095577,0.0027334555,0.04605195,0.004050437,0.001778965,0.10460425,0.01592868,0.015843261,0.01790067,0.37489295,0.005150051
Machu Pichu/92.jpg,0.058377806,0.10059636,0.03072128,0.06420578,0.077983,0.071970105,0.06453115,0.027932042,0.03980678,0.04755073,0.07372386,0.0843349,0.025241189,0.060388975,0.045390904,0.046704046,0.035680424,0.04486068
Machu Pichu/92.lists-5-things-i-wish-id-known-about-machu-picchu.jpg,0.03909446,0.006056033,0.0065901857,0.062776655,0.0580413,0.15936822,0.030175215,0.03751621,0.027463673,0.012003492,0.3751004,0.05812895,0.02139428,0.030681282,0.02726513,0.010491347,0.019416522,0.018436717
Machu Pichu/93.Machu-Picchu.jpg,0.39380687,0.01636622,0.0009463883,0.009150708,0.0055764993,0.005809923,0.008032682,0.00048954535,0.0040719127,0.005981946,0.004021569,0.024662549,0.2910531,0.0035426563,0.20435415,0.012812426,0.004271595,0.005049236
Machu Pichu/94.jpg,0.0021678994,0.00039635788,0.9660945,0.00091350387,0.010904481,0.00066127186,0.00066066167,0.0006361264,0.0051234174,0.0041789105,0.001490116,0.0001474061,0.00037465998,0.00031723361,0.00014696296,0.0014988921,0.0040821745,0.00020518838
Machu Pichu/97.jpg,0.14814247,0.028267728,0.0085688075,0.031724975,0.061255693,0.010873692,0.014429009,0.056723054,0.0801351,0.008980523,0.03407517,0.2351656,0.08400257,0.008727252,0.13949662,0.007253609,0.015398298,0.026779918
Machu Pichu/99.jpg,0.37076795,0.021222485,0.07403341,0.011612212,0.05576299,0.031742524,0.05220383,0.027343966,0.03047163,0.03381638,0.029531175,0.017485237,0.08463844,0.043412194,0.046155788,0.03286471,0.018597879,0.01833735
Niagara Falls/100.jpg,0.05503342,0.056246143,0.061565343,0.030952357,0.016603975,0.028841743,0.13206908,0.0413285,0.011363398,0.08352584,0.01813277,0.01978423,0.12605606,0.05127277,0.038043328,0.023340072,0.18685044,0.018990412
Niagara Falls/102.jpg,0.12716977,0.03437746,0.015309817,0.060880944,0.10521091,0.024572004,0.025040628,0.025693832,0.02923,0.018418279,0.10487146,0.15004982,0.051726073,0.01930179,0.12923425,0.026265088,0.025935251,0.026712563
Niagara Falls/65.16.jpg,0.120364785,0.0008889795,0.0014819428,0.079359226,0.024262551,0.03198859,0.0048414017,0.005380607,0.036823906,0.0032821884,0.50731117,0.07075159,0.059668787,0.0105136465,0.02537174,0.0020784158,0.010541617,0.005088775
Niagara Falls/65.jpg,0.034776177,0.03934839,0.024783887,0.03357242,0.06845877,0.10959708,0.04013952,0.055317037,0.07585462,0.031248095,0.09554082,0.087505326,0.06227422,0.061839588,0.04856451,0.029495813,0.052654304,0.049029376
Niagara Falls/66.201608_Niagara_Falls-948x341.jpg,0.05024822,0.09240811,0.084462196,0.038736384,0.06374899,0.04126465,0.0348569,0.06915547,0.06536658,0.117896914,0.035636816,0.06726223,0.041339055,0.03245692,0.029449543,0.044652425,0.03812565,0.052932944
Niagara Falls/66.jpg,0.038267672,0.015900582,0.025825974,0.081175834,0.07017385,0.06778772,0.07300473,0.21630509,0.01823938,0.0152271595,0.06051069,0.037918102,0.05228842,0.04560988,0.03212949,0.03131553,0.052301295,0.06601859
Niagara Falls/67.NiagaraFall_header-736x250.jpg,0.059541862,0.0007754388,0.00026284478,0.0018788101,0.00021073094,0.0017267399,0.0034412332,0.0006675635,0.0010800387,0.0015873006,0.0018932697,0.006004288,0.8952214,0.0040443772,0.0059723896,0.00023011159,0.014189898,0.0012716812
Niagara Falls/67.jpg,0.16350412,0.02082288,0.023967074,0.024540689,0.02737492,0.09241234,0.05114572,0.048715975,0.029111983,0.09038647,0.041798756,0.04831941,0.053639676,0.057453148,0.0234611,0.062965535,0.08521414,0.055166017
Niagara Falls/68.Niagara-Falls-1-1038x350.jpg,0.15516812,0.024475083,0.008785569,0.052951813,0.013664071,0.067123055,0.09919491,0.023794794,0.011770493,0.052837953,0.017223435,0.02201247,0.17165117,0.026716398,0.03901206,0.05160414,0.13182841,0.030186053
Niagara Falls/68.jpg,0.03986513,0.08896233,0.11844941,0.018287236,0.011956729,0.02508326,0.25360492,0.045085803,0.003480199,0.034734312,0.010371331,0.014286086,0.09230724,0.061576817,0.045375988,0.005043993,0.083910555,0.0476187
Niagara Falls/69.Niagara-Falls-Aerial-View.jpg,0.12797426,0.07816516,0.00052063924,0.0064914036,0.074880406,0.0015551349,0.002439739,0.0017138162,0.023384424,0.0076378346,0.0032731628,0.10409894,0.024189577,0.0004720946,0.5261902,0.012404873,0.0008095881,0.00379877
Niagara Falls/69.jpg,0.03583552,0.02345395,0.0125870155,0.0454062,0.13163283,0.036812868,0.049252644,0.015105359,0.10564168,0.05474443,0.0062500094,0.0072236415,0.023191886,0.0027842275,0.0699641,0.25753114,0.021588217,0.10099432
Niagara Falls/70.3-Day-Niagara-Falls-01-jpg.jpg,0.053949453,0.025566932,0.017509034,0.030521268,0.27884394,0.043163713,0.047186527,0.036669467,0.051456142,0.015687821,0.052932717,0.086805664,0.027280005,0.032555778,0.08942793,0.04456759,0.00871089,0.057165265
Niagara Falls/71.jpg,0.12175059,0.00219409,0.0037507277,0.032690935,0.037493706,0.034040634,0.004772915,0.02719683,0.06489881,0.002675419,0.30762067,0.1900855,0.09682015,0.023978429,0.029582426,0.0015401692,0.012470482,0.0064374716
Niagara Falls/72.depositphotos_101278360-stock-photo-niagara-falls-on-the-border.jpg,0.13701673,0.05588263,0.031411856,0.04767199,0.042335477,0.057607606,0.043257244,0.02409232,0.048450727,0.050737962,0.05716546,0.08008182,0.06164084,0.03986403,0.06291149,0.07147344,0.045778584,0.0426199
Niagara Falls/72.jpg,0.0013056468,0.11195105,0.044098336,0.010242874,0.09428093,0.022800358,0.008509325,0.49819362,0.09799336,0.043358132,0.00283355,0.012119661,0.002514148,0.0014604364,0.0038111843,0.01941012,0.017994642,0.0071227197
Niagara Falls/73.jpg,0.31756824,0.051036157,0.0076029627,0.014690219,0.036863957,0.006571907,0.014644692,0.0027240524,0.015606336,0.008518536,0.01943885,0.14932926,0.046826147,0.008763483,0.26615065,0.012159925,0.0028791544,0.018625448
Niagara Falls/75.jpg,0.011615704,0.0014944301,0.00035883003,0.009910202,0.035424765,0.044319317,0.0005720143,0.062262688,0.05206229,0.0011757059,0.43556732,0.32590532,0.005665303,0.006385924,0.0040839287,0.0006981266,0.0015938141,0.0009041985
Niagara Falls/77.nf-2_1.jpg,0.1483883,0.06658651,0.0007424159,0.0153957745,0.05933189,0.004080973,0.010452279,0.0005676579,0.0073791775,0.0038882138,0.001903365,0.017113812,0.02377933,0.0005253543,0.5955563,0.04064512,0.0013623197,0.0023011884
Niagara Falls/78.r_3769-wastewater-treatment-process-blamed-for-inky-water-at-niagara-falls.jpg,0.23096314,0.14263101,0.009187959,0.022950368,0.10351781,0.008984575,0.013953365,0.012086292,0.060990453,0.041004542,0.0069444305,0.053652827,0.02753654,0.0029372913,0.19401143,0.05229335,0.0048826374,0.011472116
Niagara Falls/79.niagara-falls-1200x400.jpg,0.03315399,0.03096068,0.029906744,0.08984228,0.055199444,0.045241203,0.030646803,0.11323044,0.052849606,0.03809796,0.10558729,0.0998488,0.07681231,0.030985296,0.031147594,0.025121283,0.083245106,0.028123159
Niagara Falls/81.jpg,0.062168404,0.06834768,0.03624619,0.04550935,0.073151276,0.080788486,0.06495053,0.025976935,0.07389771,0.04067156,0.05549065,0.06303605,0.034899224,0.033166576,0.059101783,0.08644006,0.05122458,0.044932958
Niagara Falls/81.niagara-falls-625x302.jpg,0.055963445,0.012822817,0.0067686723,0.11785809,0.21476215,0.07295781,0.03869962,0.081877515,0.015887873,0.024568142,0.06296703,0.046297047,0.013761902,0.010603287,0.05585515,0.10122259,0.012894813,0.054232012
Niagara Falls/82.41bd38bd-8803-4133-81c8-3f86a4ebed1e.jpg,0.05762464,0.07372234,0.03169174,0.051985312,0.0636117,0.07557594,0.09129755,0.024390586,0.055048406,0.061766498,0.05748857,0.05907996,0.03193809,0.059142444,0.047621425,0.059793036,0.05371948,0.044502538
Niagara Falls/83.jpg,0.03666261,0.0058032502,0.007755833,0.046533443,0.059203595,0.07189843,0.028529549,0.0090846075,0.03879859,0.03528697,0.45877358,0.03121834,0.031027388,0.027180126,0.062557615,0.011685368,0.022775644,0.015224918
Niagara Falls/83.niagara-falls-90-minute-tour-maid-mist-sightseeing-boat-cruise-attraction.jpg,0.030803315,0.009915697,0.0032180876,0.10517188,0.03405389,0.11972375,0.014964941,0.024040384,0.318855,0.026915062,0.060570993,0.020759823,0.039300967,0.0044229343,0.041311577,0.08425169,0.03923023,0.022489918
"Niagara Falls/84.horseshoe-falls-niagara-falls-ontario-canada,65849.jpg",0.106902,0.12980786,0.07139361,0.008931775,0.046920378,0.045026876,0.021723358,0.04069089,0.10720362,0.08163365,0.0152761815,0.044188444,0.11395514,0.022195484,0.04309537,0.037508823,0.024041208,0.039505467
Niagara Falls/84.jpg,0.06752602,0.050244622,0.039416414,0.04190224,0.070538655,0.06940455,0.07388308,0.057509705,0.031864606,0.052483186,0.051516518,0.064589515,0.042012483,0.07321408,0.027983336,0.052379854,0.08130183,0.052229285
Niagara Falls/85.dest_BU1_thumb2.jpg,0.009538543,0.26787248,0.2036941,0.013220869,0.07175355,0.028040804,0.06878868,0.1309016,0.013075013,0.04234255,0.012381175,0.041770376,0.006681844,0.040098723,0.0077286963,0.00626444,0.02692194,0.008924753
Niagara Falls/85.jpg,0.023268228,0.0038580091,0.009767323,0.15069823,0.099390484,0.05482724,0.059892267,0.13100462,0.020595912,0.009656708,0.21967573,0.01803565,0.05607636,0.016978975,0.0145722125,0.035990182,0.06298743,0.012724469
Niagara Falls/86.Maid-of-the-Mist-rendering-snippet-702x336.jpg,0.0050585694,0.0005719839,0.00133538,0.030391319,0.045833662,0.089475505,0.007890086,0.009380806,0.27310395,0.011147474,0.47336295,0.008560692,0.0057318145,0.0047290633,0.007982619,0.00497205,0.01425735,0.006214651
Niagara Falls/86.jpg,0.68505603,0.0053913253,0.0025786874,0.0060282424,0.08517122,0.001168943,0.0040945476,0.0014828194,0.010170919,0.0015028303,0.006108831,0.057308555,0.02116101,0.00145046,0.09024613,0.009024002,0.0006244311,0.011431082
Niagara Falls/87.Toronto-Niagara.jpg,0.02870348,0.05454435,0.050034717,0.086663984,0.18885015,0.004016647,0.023156194,0.015044017,0.024371408,0.13078749,0.12649682,0.039683532,0.012829584,0.03861043,0.13801259,0.008211472,0.022410939,0.007572088
Niagara Falls/89.jpg,0.26019788,0.044005055,0.01200011,0.037414264,0.04264037,0.025923468,0.021745572,0.0064999205,0.018961746,0.010774128,0.045861013,0.14299521,0.07479491,0.016799005,0.1635682,0.025828697,0.0119517865,0.038038727
Niagara Falls/90.jpg,0.45200163,0.0137429675,0.009387427,0.019786745,0.035614282,0.014911317,0.013136609,0.006944466,0.012384916,0.004527553,0.025850559,0.16548629,0.070173234,0.010790469,0.087730154,0.018623734,0.0071280226,0.031779617
Niagara Falls/91.jpg,0.0045333104,0.028902005,0.6808133,0.00731894,0.028772496,0.0139311915,0.026115669,0.035100352,0.011070058,0.08272489,0.0043398757,0.0024831956,0.0030518146,0.00991473,0.001580598,0.008869801,0.04709849,0.003379048
Niagara Falls/92.jpg,0.074222766,0.11250491,0.17976688,0.021968845,0.027770896,0.027792167,0.1376364,0.047588363,0.013635121,0.049627997,0.019429862,0.01607686,0.075381,0.0656004,0.030210173,0.007970483,0.074911736,0.017905245
Niagara Falls/93.jpeg,0.009828069,0.009665564,0.017180813,0.026527412,0.54381865,0.008288888,0.012897063,0.0046957326,0.17705664,0.019297618,0.014069184,0.008897178,0.0036165514,0.0015954645,0.057081196,0.040292535,0.0021081292,0.04308336
Niagara Falls/96.jpg,0.036559403,0.0056288894,0.002343146,0.029631803,0.0021504592,0.018210996,0.06470626,0.0071245013,0.00295154,0.01866298,0.007372045,0.0053292993,0.4959634,0.015651943,0.016313883,0.004644095,0.26078957,0.00596585
Niagara Falls/97.jpg,0.02951882,0.0019057597,0.008728344,0.14196286,0.022314025,0.052381594,0.20384772,0.08369595,0.012737502,0.0041731107,0.21175128,0.008163668,0.063943736,0.03478345,0.006665481,0.01932686,0.06661463,0.027485207
Pyramids Of Giza - Egypt/100.png,0.11722052,0.11241069,0.03703423,0.062253162,0.06381341,0.01772448,0.02736551,0.0138160745,0.021289757,0.34459564,0.011101294,0.037301686,0.008627792,0.02803703,0.021567926,0.02920696,0.028380523,0.018253332
Pyramids Of Giza - Egypt/101.jpg,0.10835369,0.048824262,0.116465196,0.025617281,0.06803208,0.04922369,0.03165273,0.056712832,0.039580096,0.17042859,0.019724684,0.026396671,0.030430192,0.033933174,0.01957805,0.05040448,0.033374358,0.07126805
Pyramids Of Giza - Egypt/102.jpg,0.03315039,0.011704735,0.016432997,0.018822405,0.115807965,0.09000528,0.033757664,0.24107257,0.027845224,0.008155924,0.065210804,0.116992354,0.03436282,0.05705477,0.04645373,0.011051236,0.022621188,0.049497925
Pyramids Of Giza - Egypt/112.jpg,0.09020157,0.044198535,0.03125416,0.048004437,0.060583804,0.06683056,0.07785542,0.04577802,0.030703774,0.070633896,0.040326804,0.061554693,0.041160956,0.061486546,0.02337246,0.06635684,0.077218935,0.062478818
Pyramids Of Giza - Egypt/115.jpg,0.06701163,0.026420094,0.006105576,0.014420809,0.4537913,0.019213537,0.03912015,0.015849909,0.01117593,0.007739702,0.010460452,0.032405872,0.01055202,0.00926363,0.1794483,0.053979393,0.0043925676,0.03864914
Pyramids Of Giza - Egypt/122.jpg,0.0034619102,0.0028249722,0.013979677,0.11153715,0.06144165,0.004479606,0.04500282,0.018081728,0.01140626,0.0075805103,0.6643993,0.006311588,0.007525368,0.012483259,0.006644842,0.0009893159,0.020068537,0.0017815066
Pyramids Of Giza - Egypt/127.jpg,0.021904496,0.07199948,0.026950542,0.027619777,0.23639537,0.08142007,0.1339529,0.08782117,0.026065737,0.03917552,0.008990599,0.015015216,0.010197055,0.027381334,0.02437234,0.06105875,0.024528664,0.07515101
Pyramids Of Giza - Egypt/130.jpg,0.0042071254,0.13117883,0.6786257,0.009999092,0.043223087,0.0037495715,0.03011939,0.04810697,0.00725672,0.011374887,0.0015468083,0.005514108,0.0012346663,0.0020829772,0.0027051566,0.0026127906,0.011593005,0.0048692026
Pyramids Of Giza - Egypt/131.jpg,0.16105366,0.01112003,0.033061936,0.01899773,0.25612524,0.05444409,0.032871068,0.046156403,0.027281515,0.017544411,0.010988041,0.03151414,0.021995205,0.022922765,0.026039816,0.12031123,0.009678472,0.097894296
Pyramids Of Giza - Egypt/133.jpg,0.023377107,0.02769914,0.021556154,0.068404436,0.0215752,0.07061496,0.173455,0.04164144,0.024136668,0.015318269,0.07374698,0.0136742955,0.16675332,0.07089155,0.028037388,0.014091469,0.12798922,0.017037574
Pyramids Of Giza - Egypt/134.jpg,0.08246813,0.032442458,0.043093562,0.042319123,0.07849631,0.037902057,0.12022149,0.06280034,0.014664566,0.098833315,0.020216616,0.029041136,0.0475195,0.039993897,0.023107566,0.06499528,0.09534414,0.0665406
Pyramids Of Giza - Egypt/137.jpg,0.01019314,0.0006624247,0.0056266533,0.0030045086,0.93976635,0.0006523507,0.0009876869,0.0018020907,0.0059030997,0.0032356575,0.0071770456,0.0017086911,0.00052042335,0.00043144383,0.011506941,0.0052012615,0.00041314712,0.0012072374
Pyramids Of Giza - Egypt/139.jpg,0.021197729,0.050833613,0.021160498,0.038946543,0.1542245,0.09453278,0.030515494,0.17121139,0.07523394,0.039038394,0.030090557,0.08799145,0.0076546813,0.010160805,0.016738832,0.04768699,0.010930189,0.09185173
Pyramids Of Giza - Egypt/140.jpg,0.23169784,0.025964733,0.04938957,0.06490384,0.14823785,0.028118152,0.024300883,0.017874505,0.07521237,0.035422914,0.10660063,0.05901221,0.022307118,0.02744482,0.023507098,0.022901982,0.008723528,0.028379962
Pyramids Of Giza - Egypt/144.jpg,0.12252518,0.05078348,0.040759116,0.031524528,0.04096944,0.050121333,0.061677475,0.034397144,0.051588118,0.07935656,0.03170903,0.06298031,0.04778343,0.05335091,0.034250814,0.108126454,0.053739496,0.044357125
Pyramids Of Giza - Egypt/145.png,0.032950804,0.026945513,0.01995268,0.029155778,0.11480692,0.1335599,0.042080924,0.16042502,0.080239795,0.017163299,0.059560813,0.09852168,0.014788146,0.038614843,0.018990215,0.030727541,0.021115508,0.060400542
Pyramids Of Giza - Egypt/152.jpg,0.015027739,0.024902038,0.0748711,0.04242382,0.0520819,0.061433837,0.061860766,0.024319075,0.23464252,0.19198075,0.03807549,0.009276302,0.0068333857,0.0075857276,0.012300804,0.0629034,0.049442004,0.030039303
Pyramids Of Giza - Egypt/154.jpg,0.4411492,0.00976101,0.0064870277,0.022150064,0.059276838,0.019059606,0.0212143,0.0053487644,0.006309451,0.0045375503,0.02390143,0.1669955,0.051103376,0.01547206,0.07808838,0.022325998,0.006302929,0.04051659
Pyramids Of Giza - Egypt/162.jpg,0.103299566,0.085636504,0.020192873,0.020307213,0.17269862,0.026733398,0.020669362,0.052104663,0.057096343,0.070897,0.010523545,0.032424048,0.04857694,0.010912327,0.10015343,0.13047095,0.0215834,0.015719755
Pyramids Of Giza - Egypt/163.jpg,0.27332592,0.016087703,0.0067187804,0.020711396,0.07895466,0.017525682,0.1306204,0.02038104,0.04234382,0.066596285,0.030462405,0.023604939,0.008971183,0.009554256,0.10268721,0.116632335,0.00804965,0.026772304
Pyramids Of Giza - Egypt/166.jpg,0.2874868,0.012676715,0.012737412,0.031141436,0.01720887,0.02617713,0.013134615,0.015052513,0.026089279,0.013485945,0.047668666,0.14171693,0.20040193,0.025523145,0.058486152,0.014231574,0.02578217,0.030998792
Pyramids Of Giza - Egypt/170.jpg,0.5801946,0.019106798,0.009566644,0.0076311557,0.014375129,0.0029171372,0.0066089216,0.001365383,0.008927555,0.0028327194,0.01072298,0.13766663,0.074560754,0.0051738317,0.09311544,0.007799133,0.002523279,0.014911924
Pyramids Of Giza - Egypt/178.jpg,0.09047794,0.07620653,0.033249836,0.049708504,0.067169406,0.07522612,0.059259187,0.037463892,0.039470468,0.04147696,0.052919872,0.09154081,0.03150865,0.055875003,0.051287904,0.05118783,0.04071564,0.055255376
Pyramids Of Giza - Egypt/180.jpg,0.02175547,0.0019034658,0.004118923,0.00040997122,0.93937284,0.00011789219,0.00010192313,0.0017367669,0.002452305,0.0016612484,0.00035672236,0.0027585078,0.00045827,3.953498e-05,0.0039920546,0.018498883,5.0986768e-05,0.00021422446
Pyramids Of Giza - Egypt/183.jpg,0.018316314,0.011279604,0.044945642,0.019726811,0.016339265,0.036523115,0.34970954,0.015889166,0.0061084344,0.06558746,0.00744341,0.0038569802,0.04245736,0.02533302,0.012961787,0.03322114,0.26773286,0.022568047
Pyramids Of Giza - Egypt/191.jpg,0.0047459616,0.08928263,0.05028374,0.010975472,0.14371675,0.015562303,0.0116602825,0.500101,0.04021025,0.025313834,0.00970464,0.04338702,0.004747641,0.011314393,0.005939276,0.007764,0.011470272,0.013820624
Pyramids Of Giza - Egypt/194.jpg,0.05626655,0.04353069,0.23803996,0.04391402,0.049821407,0.030002711,0.06311126,0.03565468,0.063613415,0.03765718,0.027807929,0.03216749,0.0332137,0.018601755,0.024903301,0.08764745,0.08082292,0.03322369
Pyramids Of Giza - Egypt/197.png,0.049366694,0.08149405,0.031489078,0.045446564,0.07718033,0.081604466,0.0989064,0.03738394,0.032040495,0.052762315,0.03488039,0.045716327,0.050097376,0.058853768,0.05587396,0.051707264,0.05770754,0.057488963
Pyramids Of Giza - Egypt/199.jpg,0.43525586,0.008156828,0.0009905167,0.010294385,0.14856951,0.00074913516,0.0029391735,0.00024122983,0.015627224,0.0011691838,0.010929678,0.07679578,0.00926286,0.0006221358,0.26204035,0.010852715,0.00020899651,0.0052944547
Pyramids Of Giza - Egypt/207.jpg,0.11074127,0.021252511,0.015703466,0.055812646,0.084102415,0.052325733,0.027194621,0.07998776,0.068238415,0.025861494,0.061300755,0.16701815,0.044754606,0.045118894,0.038125377,0.020669678,0.027971616,0.053820614
Pyramids Of Giza - Egypt/208.jpg,0.03220566,0.0052450052,0.007988146,0.06718196,0.10196459,0.066898435,0.026217476,0.022644047,0.059002616,0.023687119,0.3995281,0.042451195,0.021688037,0.018377297,0.050353393,0.011619049,0.019403784,0.023544187
Pyramids Of Giza - Egypt/210.jpg,0.018562106,0.015315411,0.014815847,0.024478544,0.2506956,0.032031596,0.018888595,0.25732106,0.02878455,0.012066645,0.04527756,0.08829118,0.030239878,0.018543001,0.060196843,0.02652573,0.036217846,0.02174802
Pyramids Of Giza - Egypt/212.jpg,0.08709408,0.060283754,0.012523176,0.03319431,0.13930336,0.015294907,0.011750994,0.010449483,0.074635066,0.027525749,0.0009721973,0.0048894947,0.012829695,0.00069163373,0.051520374,0.43150565,0.0073871985,0.018148787
Pyramids Of Giza - Egypt/214.jpg,0.046243295,0.14875372,0.20725463,0.01347532,0.028252987,0.02508689,0.11157742,0.061899666,0.0047307527,0.07907452,0.0075062043,0.016675731,0.033933807,0.06805654,0.017460173,0.014851457,0.1041907,0.010976145
Pyramids Of Giza - Egypt/72.120717-110-Egypt-Pyramids-Architecture-Art-History.jpg,0.38574424,0.029255448,0.0019651728,0.0056400765,0.023116557,0.004348175,0.0077544916,0.0014910805,0.014609555,0.003409254,0.004843434,0.0977067,0.08974753,0.00281708,0.30369803,0.010921794,0.0020742016,0.010857183
Pyramids Of Giza - Egypt/74.istock_45122734_giza_pyramids.jpg,0.08394002,0.03298181,0.00076465873,0.014640406,0.028842168,0.0026807513,0.008780549,0.00038297256,0.015420043,0.0099243345,0.005410543,0.020511948,0.060872763,0.0021298057,0.69334185,0.01266386,0.0024889053,0.004222531
Pyramids Of Giza - Egypt/76.pyr1d.jpg,0.097360015,0.053774927,0.03610144,0.04917368,0.04346267,0.06251047,0.053964615,0.028117642,0.055951066,0.08698775,0.058439363,0.05108871,0.04677627,0.05133388,0.040715616,0.09622447,0.054333743,0.03368378
Pyramids Of Giza - Egypt/77.depositphotos_50451917-stock-photo-collection-of-pyramids-of-giza.jpg,0.5571851,0.006906561,0.002711187,0.006005428,0.01162622,0.0059652226,0.01377293,0.0018795136,0.0042938814,0.0032058712,0.006153001,0.07170844,0.18207185,0.0070981877,0.09249367,0.008420391,0.0050072395,0.01349522
Pyramids Of Giza - Egypt/78.General-view-of-pyramids-with-Sphinx-Giza-Cairo-Egypt-shutterstock_1094727200-1000x500.jpg,0.009010409,0.0036632647,0.049324427,0.014638114,0.81612575,0.007302954,0.0035635857,0.00983009,0.0125782145,0.0065481304,0.0095315175,0.0032904688,0.0021557824,0.0011386756,0.010879237,0.031820532,0.0032861645,0.0053128246
Pyramids Of Giza - Egypt/79.Giza_Necr_C3_B3polis.jpg,0.041128047,0.0061796806,0.010690748,0.061407965,0.05336574,0.050121095,0.025458064,0.0062757097,0.049633715,0.04459119,0.5157374,0.024476144,0.0134820575,0.02240761,0.042731773,0.006820103,0.015849527,0.0096435025
Pyramids Of Giza - Egypt/80.jpg,0.15546061,0.12150222,0.015683303,0.034974836,0.050289266,0.030739777,0.09307732,0.014897763,0.010460621,0.020678332,0.00579466,0.023602968,0.06692243,0.017943285,0.23302282,0.06132168,0.028360171,0.015267996
Pyramids Of Giza - Egypt/80.slideheader27.jpg,0.08144173,0.012952798,0.018737918,0.012306382,0.024681645,0.07902366,0.24267104,0.038047865,0.0060923793,0.065316714,0.01030977,0.007852575,0.1286669,0.060245045,0.02885069,0.037664637,0.09256472,0.052573554
Pyramids Of Giza - Egypt/81.imgbin-egyptian-pyramids-giza-pyramid-complex-ancient-egypt-egyptian-pyramids-pyramids-of-giza-099tedTj6tD2fdeqjqJRkgm3q.jpg,0.040528946,0.01144442,0.22663903,0.052681886,0.08113206,0.021936443,0.052601013,0.04432182,0.037606075,0.025405934,0.22751808,0.014874108,0.036393523,0.031228008,0.011209244,0.013410327,0.06278671,0.008282401
Pyramids Of Giza - Egypt/83.headerEgypt.jpg,0.19230421,0.108015575,0.0003285162,0.0045759273,0.010628432,0.002426838,0.0070105894,0.00060496083,0.0076362616,0.0060875025,0.0012673996,0.027687147,0.03827603,0.00063205324,0.57741606,0.012584523,0.0008440942,0.0016737438
Pyramids Of Giza - Egypt/84.giza-pyramids-boat.jpg,0.058458906,0.07703923,0.07375006,0.015421796,0.025087282,0.04924953,0.058071718,0.06483036,0.032506388,0.087031886,0.013053349,0.042570837,0.11134628,0.058328573,0.029633708,0.044812452,0.09886359,0.059944145
Pyramids Of Giza - Egypt/85.1ecd893926bf5c090baa8d6620a22bee.jpg,0.017441487,0.012155384,0.6172228,0.0154759055,0.07644361,0.010690202,0.010106469,0.006158865,0.082839966,0.061052777,0.0041764257,0.0035864303,0.0039290576,0.0026988701,0.0023498568,0.043820124,0.022385903,0.0074659856
Pyramids Of Giza - Egypt/87.pyramid-of-khafre-giza-egypt-3-800x369.jpg,0.021330325,0.014479869,0.0081119025,0.09808503,0.3568874,0.039623253,0.08426963,0.040752765,0.011854058,0.016599596,0.046379484,0.017206984,0.0055589024,0.013304467,0.06354674,0.017542385,0.005155254,0.13931204
Pyramids Of Giza - Egypt/89.xGreat-Pyramid-Golden.jpg,0.58903974,0.012181453,0.01316719,0.020325184,0.077828325,0.036074627,0.015617815,0.0030753748,0.011390353,0.043546572,0.024051053,0.037358537,0.015535398,0.02359322,0.0136262225,0.049786262,0.005264157,0.008538412
Pyramids Of Giza - Egypt/90.The-Pyramids-of-Giza-Stopover-Cairo-day-tour-TripsInEgypt.jpg,0.055844717,0.008190996,0.013590506,0.027450977,0.010550043,0.046490103,0.23351952,0.038098183,0.005922515,0.06865982,0.032788817,0.014330607,0.058721557,0.111681595,0.0032945846,0.014826589,0.24050242,0.0155364685
Pyramids Of Giza - Egypt/91.desert-3217765__340.jpg,0.058913328,0.049578816,0.019447517,0.041991245,0.0373588,0.04582565,0.17054684,0.019027654,0.0115844505,0.05651083,0.014863326,0.017721793,0.14479591,0.03313387,0.10506395,0.041319598,0.097713605,0.034602817
Pyramids Of Giza - Egypt/91.jpg,0.075466275,0.0073836017,0.008116688,0.042079534,0.052486096,0.14132507,0.035267744,0.0646661,0.026213815,0.010349257,0.16121453,0.13278031,0.0712654,0.050898787,0.03454949,0.012136039,0.033960935,0.03984035
Pyramids Of Giza - Egypt/92.Egypt-Giza-Pyramids-Panorama.jpg,0.012839992,0.006881058,7.473586e-05,0.004270328,0.21424225,0.00025434542,0.0034546636,0.00021566675,0.0031955796,0.0010107552,0.002325585,0.006850572,0.0016196733,0.00026511378,0.7376042,0.0024068488,9.2935974e-05,0.0023957293
Pyramids Of Giza - Egypt/94.jpg,0.042609125,0.012926516,0.0070223785,0.09003781,0.08252406,0.08158934,0.018806538,0.04960831,0.12361282,0.03254433,0.19327812,0.088735715,0.026259651,0.011638867,0.045092043,0.037994582,0.02608288,0.029636877
Pyramids Of Giza - Egypt/98.jpg,0.0063959807,0.8615032,0.023294928,0.003442099,0.0059580435,0.0030427908,0.01777113,0.012742991,0.0022292552,0.012292727,0.0009340979,0.011470315,0.005443162,0.0021146992,0.023504067,0.0015332446,0.0054818075,0.000845666
Pyramids Of Giza - Egypt/99.jpg,0.07853134,0.0025509438,0.003387502,0.063851036,0.033653397,0.059666682,0.017819941,0.006503486,0.020937955,0.007220089,0.5487746,0.05333349,0.029641835,0.015902627,0.033744186,0.003796915,0.008762053,0.0119218975
Roman Colosseum - Rome/100.jpeg,0.10495449,0.100855105,0.0017270453,0.00251766,0.0013031331,0.0055208188,0.033446666,0.0014577672,0.0038258992,0.021859158,0.0033665441,0.01675935,0.5274462,0.010955903,0.1467599,0.0018694481,0.013518527,0.0018564998
Roman Colosseum - Rome/101.jpg,0.005312681,0.015782569,0.008981599,0.01653418,0.050911255,0.0007353231,0.0041503245,0.0030926196,0.06748629,0.79433537,0.0030151755,0.0017931949,0.0010943537,0.0016238281,0.013290414,0.0026465056,0.003863066,0.0053512887
Roman Colosseum - Rome/102.jpg,0.072462425,0.09564273,0.035084665,0.051747564,0.062324952,0.07221346,0.06376103,0.033132844,0.04193603,0.050927255,0.049935017,0.077252194,0.033304688,0.062320545,0.04554884,0.054271474,0.048279956,0.04985422
Roman Colosseum - Rome/103.jpg,0.106423296,0.0084219845,0.0037237066,0.021206573,0.34114423,0.004662671,0.015487557,0.0020945922,0.0061436505,0.0018875939,0.023868877,0.07589882,0.012285336,0.0042804824,0.33687353,0.015592799,0.0011274671,0.018876852
Roman Colosseum - Rome/106.jpg,0.087085836,0.041348968,0.026870264,0.0411632,0.048525564,0.09243241,0.05233825,0.05997871,0.05264886,0.06705644,0.057404127,0.06632401,0.03908447,0.0581297,0.026205195,0.067844175,0.06463912,0.05092083
Roman Colosseum - Rome/107.jpg,0.14912112,0.015462511,0.023886977,0.018687697,0.08154522,0.06414065,0.1241304,0.056953672,0.014115643,0.025493437,0.008361196,0.02976983,0.07737503,0.05120063,0.03703467,0.080010414,0.060506064,0.08220487
Roman Colosseum - Rome/109.jpg,0.00894839,0.00429337,0.0041496083,0.05025223,0.25003406,0.11733987,0.018806014,0.20472136,0.049207732,0.018552778,0.14177983,0.029377898,0.004245806,0.013467005,0.024687734,0.009058803,0.013994642,0.037082937
Roman Colosseum - Rome/112.png,0.45468628,0.05422758,0.0077053453,0.018425254,0.083018124,0.016566258,0.02513214,0.003310739,0.014622004,0.018881585,0.008870603,0.039968174,0.018966349,0.008282162,0.14126988,0.07449631,0.0043077907,0.0072632614
Roman Colosseum - Rome/70.jpg,0.048865266,0.077650286,0.056210633,0.03494526,0.08595387,0.07036544,0.081644654,0.06944828,0.043885287,0.060693946,0.044948068,0.07972604,0.022896618,0.07214778,0.02725492,0.044085052,0.03980095,0.039477676
Roman Colosseum - Rome/71.colosseum-2340415_1920.jpg,0.43187213,0.019069098,0.0020666735,0.009815335,0.007121719,0.0077512157,0.013801666,0.0014058807,0.0046584,0.006703232,0.0054004174,0.04522018,0.24545023,0.006036311,0.16149455,0.015304248,0.006107773,0.010721071
Roman Colosseum - Rome/71.jpg,0.031835504,0.0052636424,0.0029449079,0.015189654,0.0021163146,0.051713288,0.17608957,0.011211595,0.002678347,0.042582486,0.0041952175,0.0017677799,0.2360347,0.020734638,0.009077099,0.014746889,0.3630509,0.008767585
Roman Colosseum - Rome/72.CIV_56NewImg0611D_lg.jpg,0.033478845,0.113324426,0.0013197795,0.037118293,0.22787042,0.016414227,0.011709648,0.003988975,0.08939902,0.06285835,0.02203546,0.015221812,0.0048222686,0.0015324927,0.29330215,0.03769698,0.0016193435,0.026287511
Roman Colosseum - Rome/72.jpg,0.100128554,0.0074044704,0.0020713115,0.0491392,0.1158786,0.0042424127,0.004004493,0.0056798686,0.12730931,0.02288381,0.06785164,0.10124619,0.13197218,0.010894338,0.21971229,0.005572104,0.013360457,0.010648849
Roman Colosseum - Rome/73.fixedw_large_2x.jpg,0.085526705,0.0085108,0.020109365,0.047174547,0.0588783,0.09906981,0.019650716,0.038847487,0.090310104,0.019989626,0.29529214,0.07036467,0.029391734,0.027364494,0.024908345,0.014669105,0.027301542,0.022640351
Roman Colosseum - Rome/73.jpg,0.092172876,0.02238616,0.016271356,0.0112531055,0.58532906,0.0069098077,0.0037194248,0.014995105,0.077478044,0.029005958,0.0042889263,0.011480781,0.0039477246,0.0012742201,0.01581391,0.08542289,0.0014257936,0.016824972
Roman Colosseum - Rome/74.jpg,0.014225711,0.04336049,0.036082964,0.043035436,0.071437426,0.06759395,0.059171695,0.122488745,0.018627118,0.028848544,0.123412624,0.06532369,0.005889033,0.23371033,0.006832601,0.0036244376,0.05302666,0.0033085854
Roman Colosseum - Rome/75.jpg,0.039792802,0.1490405,0.03373416,0.04223598,0.07802568,0.07464191,0.10035083,0.028562399,0.029151576,0.041303765,0.04669498,0.054363433,0.040029533,0.08046896,0.05901717,0.02937327,0.04550061,0.02771244
Roman Colosseum - Rome/76.jpg,0.09724334,0.016643817,0.0071988837,0.009619387,0.010928208,0.041316632,0.028414415,0.027427496,0.020654084,0.018940225,0.008104536,0.043332204,0.45490518,0.0459583,0.031067774,0.017353904,0.09893485,0.021956801
Roman Colosseum - Rome/76.storyblocks-roman-colosseum-rome-italy_BXtLiZHYN_SB_PM.jpg,0.05454841,0.067514606,0.23507686,0.032633103,0.04677621,0.027183447,0.079254285,0.051098805,0.01621415,0.058394235,0.012655029,0.021143919,0.041091252,0.035023082,0.030276217,0.048673376,0.116056845,0.026386177
Roman Colosseum - Rome/77.80349748-panoramic-view-of-roman-colosseum-interior-at-colorful-sunset-rome-italy.jpg,0.075090185,0.07726716,0.023482496,0.074457325,0.05869267,0.09335611,0.05332606,0.027781643,0.031732958,0.068672016,0.073450655,0.067986585,0.025297271,0.06243991,0.035984,0.04394524,0.06404507,0.04299271
Roman Colosseum - Rome/77.jpg,0.24247627,0.021517899,0.009121199,0.01815829,0.015391905,0.025371986,0.018959017,0.011267952,0.014130839,0.0079559935,0.02537948,0.14873266,0.24873622,0.026172513,0.10148462,0.01071826,0.015202993,0.039221935
Roman Colosseum - Rome/78.colosseum.jpg,0.0037448753,0.005782483,0.7035816,0.0077313334,0.16259797,0.0061482843,0.0042493697,0.011475302,0.011100246,0.026298111,0.0058612423,0.0015865535,0.0018008156,0.0014372328,0.0031168584,0.022755662,0.018353703,0.002378359
Roman Colosseum - Rome/78.jpg,0.030468028,0.061464604,0.058923397,0.029996315,0.18309729,0.039432015,0.045886,0.23775594,0.058162406,0.04206581,0.014675291,0.025054809,0.017584536,0.013554236,0.019138878,0.030561768,0.021726705,0.070452
Roman Colosseum - Rome/79.colosseum-rome.jpg,0.048253566,0.14083958,0.045571033,0.027769202,0.0641822,0.056605898,0.05535175,0.06268571,0.036634773,0.033848323,0.04675857,0.1565824,0.023799574,0.069994606,0.04550514,0.015422025,0.021757357,0.048438318
Roman Colosseum - Rome/79.jpg,0.03680537,0.0050371564,0.0050100093,0.079199046,0.03376225,0.1002132,0.023201717,0.015282806,0.03156876,0.019981427,0.4933348,0.032037336,0.024009477,0.0199793,0.030524533,0.009284278,0.0274021,0.013366403
Roman Colosseum - Rome/80.D979bZQXUAAiiBm.jpg,0.0046360134,0.10586231,0.047458585,0.012691885,0.1585191,0.015197953,0.011635735,0.47772503,0.027560944,0.018916626,0.009218778,0.033466566,0.010459952,0.009764784,0.013322122,0.0116532,0.02604877,0.0058616945
Roman Colosseum - Rome/80.jpg,0.18070075,0.0036449283,0.0054104715,0.04913988,0.03160059,0.061507277,0.014334306,0.05001928,0.02011026,0.008500887,0.076340154,0.21825953,0.08977897,0.019893311,0.0457269,0.010530759,0.021549147,0.09295247
Roman Colosseum - Rome/81.tour_img-1816822-146.jpg,0.04843751,0.10079723,0.032815408,0.0370302,0.06914569,0.09776365,0.061684046,0.033201236,0.09491424,0.051782414,0.0531994,0.053462368,0.02629802,0.03424888,0.043446977,0.07674504,0.039220016,0.045807723
Roman Colosseum - Rome/82.rome-italy-april-2018-panorama-of-the-interior-of-the-roman-colosseum-showing-the-arena-and-the-hypogeum-in-a-beautiful-sunny-day-WDG8PX.jpg,0.033026263,0.0045540314,0.00962016,0.048747763,0.1434027,0.025690796,0.014283418,0.020305665,0.37053934,0.029636413,0.13035576,0.027833,0.016733114,0.0052550947,0.047206894,0.017747434,0.014730109,0.040332146
Roman Colosseum - Rome/83.colosseum-broken.jpg,0.2655429,0.012818311,0.028785763,0.024635209,0.018538235,0.051750213,0.08863045,0.010938723,0.004989396,0.04514471,0.06627814,0.073223256,0.10524047,0.08710257,0.047441673,0.008601504,0.03355677,0.026781604
Roman Colosseum - Rome/84.jpg,0.000170249,0.00011602214,0.99433124,0.00018650824,0.00026782064,2.2237768e-05,0.00031569388,0.00012918457,0.000112280635,0.0014277182,7.0577116e-05,1.2862417e-05,4.3588712e-05,5.2227395e-05,4.4843046e-06,2.0393605e-05,0.0027068406,1.0129204e-05
Roman Colosseum - Rome/85.jpg,0.32052347,0.058489908,0.004257811,0.005911811,0.005444634,0.015037976,0.048894655,0.007066418,0.0050826967,0.03402963,0.0012421444,0.0060486826,0.2787497,0.010138219,0.12830429,0.03026468,0.035493787,0.005019516
Roman Colosseum - Rome/86.jpg,0.0641563,0.075620964,0.031107562,0.06503083,0.07030331,0.085390784,0.05680457,0.035473034,0.040823612,0.05085985,0.07447905,0.0750513,0.028888203,0.056887604,0.03833589,0.053685565,0.048253637,0.048847932
Roman Colosseum - Rome/90.jpg,0.06829088,0.034604732,0.027580684,0.07182345,0.08790962,0.08150653,0.06543906,0.07422901,0.025641372,0.047518697,0.08392085,0.111245625,0.016432736,0.084576,0.019290587,0.03299414,0.038296018,0.028700028
Roman Colosseum - Rome/91.jpg,0.016128853,0.054648593,0.03256488,0.035259478,0.076953664,0.07054691,0.37303433,0.050438363,0.0077257873,0.024155024,0.022168612,0.0065167034,0.026908798,0.09376384,0.028167091,0.010190895,0.045404743,0.025423376
Roman Colosseum - Rome/92.jpg,0.6659832,1.00684964e-07,1.2217926e-07,7.253286e-07,0.078227475,1.8652547e-05,8.073889e-05,0.00093606923,0.0034738202,0.00057732116,0.00055846706,2.6164427e-05,5.460801e-05,2.2925732e-08,1.4541797e-05,0.25004566,1.7782165e-07,2.0433047e-06
Roman Colosseum - Rome/96.jpg,0.012938018,0.013761416,0.00829666,0.017798346,0.3560889,0.00989316,0.13121635,0.0035309494,0.008685022,0.0038439834,0.020598179,0.016618628,0.00890863,0.009287967,0.34094316,0.0145807965,0.006026915,0.01698294
Roman Colosseum - Rome/97.jpg,0.04545191,0.0064159017,0.006142568,0.067126684,0.070056066,0.10992471,0.015433093,0.19627912,0.050802916,0.011357093,0.09993462,0.13110188,0.02713149,0.01957429,0.02723232,0.013305357,0.022908958,0.079820976
Roman Colosseum - Rome/98.jpg,0.061919652,0.045807905,0.028582571,0.057469614,0.08682867,0.056822132,0.018193072,0.08711391,0.06377205,0.040270664,0.058489047,0.07205665,0.08149075,0.026302634,0.06604454,0.048957497,0.074669234,0.02520946
Roman Colosseum - Rome/99.jpg,0.07560919,0.041650526,0.013280825,0.046068486,0.012657158,0.04430777,0.05733285,0.03343028,0.03125657,0.031873416,0.014316768,0.035656665,0.27409506,0.029023997,0.053585548,0.027443916,0.1542097,0.024201293
Santorini/100.jpg,0.031512834,0.09178669,0.0571443,0.033447456,0.06557637,0.0535504,0.100671805,0.08252389,0.077492505,0.13084048,0.019560982,0.026042063,0.025496207,0.03074399,0.019852903,0.055638276,0.056438137,0.041680664
Santorini/101.jpg,0.065057024,0.3609642,0.00051562936,0.0053787236,0.01831324,0.0024198797,0.006292315,0.0016884746,0.00702309,0.010718495,0.0013328347,0.020776909,0.0169526,0.0004287247,0.4711147,0.009360628,0.0009934155,0.0006690962
Santorini/107.jpg,0.012777644,0.013029288,0.013048242,0.023240324,0.5458347,0.012481421,0.019923657,0.031060696,0.041233227,0.016315056,0.0056374543,0.0070619895,0.004300697,0.0026797988,0.06687486,0.07358633,0.0038737806,0.10704082
Santorini/110.jpg,0.29753244,0.010956688,0.0028473607,0.019505503,0.12996915,0.0036232267,0.0066099325,0.013687767,0.066293076,0.005278852,0.011580012,0.06729025,0.10970256,0.004362361,0.21687195,0.016734328,0.008912081,0.008242516
Santorini/112.jpg,0.026764203,0.01438059,0.039824188,0.010361135,0.021753784,0.011886833,0.016929626,0.019540321,0.15043661,0.54511005,0.0049742176,0.0044382093,0.016788874,0.0059730266,0.008379488,0.0361173,0.02340325,0.04293832
Santorini/113.jpg,0.033527583,0.0494043,0.014691517,0.047429003,0.23161115,0.027469277,0.020712582,0.109057344,0.075328134,0.09045955,0.02334048,0.02366221,0.012361143,0.0074212225,0.056844804,0.08609661,0.010164218,0.08041893
Santorini/114.jpg,0.21743046,0.11482643,0.004878266,0.02371436,0.09253302,0.007805679,0.013554545,0.002443441,0.009019905,0.0129241645,0.0051939813,0.03227955,0.026002385,0.0025587075,0.38065487,0.046548825,0.0030437508,0.004587683
Santorini/116.jpg,0.16190721,0.0876314,0.037221134,0.04177522,0.05062999,0.03491432,0.053439938,0.013666583,0.04314365,0.045977402,0.036099095,0.07955925,0.041990012,0.031542864,0.08542469,0.09576682,0.027535055,0.031775516
Santorini/119.jpg,0.014905407,0.014560906,0.012439613,0.026495483,0.57741296,0.014038955,0.013930576,0.11784261,0.009450211,0.0080899075,0.005598149,0.011449663,0.008201587,0.005063266,0.054364316,0.054087777,0.008427372,0.04364117
Santorini/120.jpg,0.06156816,0.044955965,0.03961386,0.023361031,0.34762618,0.01261563,0.0075133564,0.024535269,0.030378183,0.012966847,0.0021192888,0.011441959,0.011231723,0.0012294934,0.034454014,0.3118633,0.010220819,0.012305037
Santorini/123.jpg,0.08099109,0.029270366,0.01794258,0.06380265,0.13269182,0.03769664,0.056076318,0.05589169,0.04248949,0.08569063,0.03226557,0.026801316,0.027194243,0.018980972,0.052086446,0.089562535,0.03670241,0.113863215
Santorini/124.jpg,0.042194325,0.040753685,0.02051542,0.036267545,0.05566534,0.043527104,0.030352278,0.055035803,0.11987855,0.08431438,0.060797222,0.071444556,0.111478984,0.035349786,0.06592748,0.023610462,0.06370794,0.039179053
Santorini/126.jpg,0.08840672,0.023054954,0.015771985,0.06032168,0.042912338,0.02715269,0.039803974,0.026758216,0.01754637,0.011039682,0.06564589,0.12286488,0.20554145,0.027952543,0.15764317,0.0077583264,0.03890095,0.020924114
Santorini/129.jpg,0.032732606,0.27747646,0.19111972,0.013368495,0.022013461,0.020568945,0.06074067,0.096005395,0.034505937,0.06703614,0.009394952,0.03648403,0.03311874,0.013377245,0.016864747,0.006590736,0.02411064,0.044491176
Santorini/130.jpg,0.042768043,0.014320724,0.011408214,0.070116416,0.034591448,0.11383381,0.04026553,0.022891201,0.047583543,0.052065436,0.32247463,0.030955628,0.02992536,0.032893892,0.03603028,0.028714836,0.051545255,0.017615804
Santorini/132.jpg,0.040460706,0.03120757,0.020741269,0.09896961,0.052839313,0.08940106,0.06615897,0.02748338,0.028740032,0.04680904,0.12539618,0.06379789,0.049561094,0.068227574,0.048188668,0.020895422,0.08730396,0.033818305
Santorini/137.jpg,0.009303708,0.021693967,0.42246136,0.038121793,0.10335744,0.011620372,0.03516204,0.005616299,0.12175981,0.08537888,0.05497621,0.0100000985,0.0056355447,0.01058877,0.016850624,0.010162644,0.030308045,0.0070024272
Santorini/138.jpg,0.048975762,0.02590701,0.0058250385,0.011186241,0.0064963084,0.0349181,0.025058776,0.021902954,0.02426377,0.029179461,0.033471618,0.05342503,0.5113603,0.05523551,0.021049147,0.004289058,0.082258806,0.005197103
Santorini/142.jpg,0.09008836,0.010065778,0.021063648,0.043297693,0.18243134,0.06520233,0.014958566,0.0755705,0.06141492,0.017390883,0.049200762,0.08489581,0.0678969,0.024497725,0.0582812,0.06314915,0.02657538,0.044019137
Santorini/144.jpg,0.1559886,0.0032251559,0.00055624364,0.011778869,0.0015587717,0.0054751444,0.0076812524,0.0015481643,0.0033995523,0.004199212,0.006434924,0.030240411,0.6848452,0.006948435,0.050003335,0.001699597,0.018897913,0.005519268
Santorini/145.jpg,0.42934236,0.034234792,0.0017876099,0.012197165,0.04849833,0.0028003352,0.0054896204,0.00095377926,0.014433274,0.0036046111,0.008692346,0.077297926,0.029506037,0.0012335343,0.30875438,0.014341404,0.00075834146,0.0060741478
Santorini/146.jpg,0.22028363,0.012882046,0.0030267008,0.012038334,0.0014880351,0.016793502,0.20588706,0.0036567103,0.0015768091,0.028378151,0.0043148138,0.0070575024,0.35157424,0.01909145,0.033216488,0.0077697793,0.06498304,0.0059817196
Santorini/147.jpg,0.13481168,0.07690374,0.0011147187,0.015705122,0.029116036,0.00510289,0.013373702,0.0017913597,0.020820808,0.014284782,0.0061122403,0.03248329,0.07519952,0.0023338373,0.5433418,0.01934243,0.0034788866,0.0046831756
Santorini/148.jpg,0.058361914,0.010266614,0.592497,0.0137344645,0.17294277,0.007286621,0.0062970934,0.0100252405,0.018951003,0.02266535,0.011850186,0.005919604,0.006253818,0.005333309,0.0074566226,0.031188551,0.013730298,0.0052396944
Santorini/151.jpg,0.023590764,0.04638047,0.0058045937,0.02958434,0.41391897,0.046803564,0.083816335,0.025887145,0.009547173,0.013245774,0.012629396,0.026467461,0.00574523,0.019924788,0.12186943,0.03589014,0.004660745,0.07423369
Santorini/152.png,0.50030077,0.049998596,0.020721031,0.017989961,0.05641656,0.012585347,0.017994551,0.0038253062,0.006295314,0.0130310515,0.008569743,0.046122186,0.047509592,0.011704507,0.12995882,0.04027089,0.008475478,0.008230413
Santorini/153.jpg,0.027215721,0.005701452,0.003587031,0.04523521,0.032597467,0.065519616,0.018067004,0.008364831,0.08198755,0.084450856,0.441579,0.025170866,0.026070114,0.027755234,0.04050666,0.013082268,0.042785533,0.010323636
Santorini/154.jpg,0.006072702,0.8611999,0.024390308,0.0034147808,0.0062868646,0.0030511983,0.018132593,0.013490409,0.0022408052,0.012008102,0.00094115554,0.011204481,0.005128308,0.0020872853,0.022710176,0.0014827,0.005280786,0.0008776074
Santorini/156.jpg,0.081249446,0.08347207,0.026129795,0.067500755,0.06166556,0.059333436,0.0653836,0.04172559,0.053232685,0.06768979,0.06902645,0.08137733,0.018750297,0.028141135,0.062646665,0.055984735,0.027386006,0.04930468
Santorini/157.jpg,0.007502883,0.014310299,0.02258622,0.07694444,0.07736777,0.08355571,0.108021885,0.05859337,0.0524878,0.014408316,0.13657674,0.019564789,0.060319193,0.022237035,0.029061927,0.015724445,0.19310077,0.0076364307
Santorini/159.jpg,0.151098,0.041737556,0.029854769,0.053288296,0.16834743,0.034660663,0.0263065,0.012129734,0.085621506,0.07164588,0.027963804,0.04737709,0.026761618,0.0172944,0.053684805,0.103345156,0.012842168,0.036040716
Santorini/160.jpg,0.12845567,0.0020162852,0.00039227115,0.003751918,0.0004210677,0.0021517638,0.009852607,0.0008320437,0.0009003207,0.0028657492,0.0010729022,0.0045111077,0.7999112,0.0031919854,0.018318271,0.0008846709,0.018143928,0.0023263171
Santorini/162.jpg,0.1503657,0.0103261275,0.0009322915,0.005641545,0.00096451456,0.0086339135,0.02917346,0.0021024435,0.0024103278,0.009073046,0.0014689304,0.007131462,0.68852013,0.0070727905,0.03284357,0.005788321,0.03377747,0.0037738944
Santorini/165.jpg,0.015456488,0.09628901,0.05551287,0.031969804,0.06670849,0.04728981,0.038414758,0.049128264,0.11835757,0.1156071,0.0010921696,0.002727518,0.013187995,0.0016007139,0.018119322,0.23336053,0.039069146,0.056108486
Santorini/167.jpg,0.030568572,0.01814343,0.2691385,0.017527219,0.06731375,0.031947248,0.010864633,0.017879564,0.33807877,0.052346073,0.013429202,0.009564639,0.012459459,0.002472621,0.0057484074,0.0399094,0.009720186,0.052888248
Santorini/169.jpg,0.033247385,0.004079066,0.0003833756,0.004502898,0.8001111,0.00015109424,0.00081476785,0.0017866824,0.00624454,0.0012621911,0.0024791462,0.010655585,0.0010161896,0.00016785135,0.120699875,0.009156515,8.855239e-05,0.003153312
Santorini/171.jpg,0.053985495,0.071261816,0.0296933,0.04259141,0.063180774,0.11138638,0.053210855,0.04328046,0.06399116,0.04699369,0.068895854,0.07059765,0.03378218,0.061232515,0.031869598,0.056215897,0.05475065,0.043080274
Santorini/173.jpg,0.093263574,0.00061202864,0.00018095293,0.0011876139,0.0001983806,0.0015050656,0.004418218,0.00024069134,0.00091067073,0.0035357159,0.0024999871,0.0043523135,0.8602822,0.0051172744,0.008734959,0.0001928962,0.012113708,0.0006536697
Santorini/175.jpg,0.026657974,0.018614203,0.025198981,0.049933173,0.14866382,0.038312785,0.027062478,0.12143569,0.021820068,0.010106741,0.1903823,0.116174705,0.037579477,0.054367732,0.05380814,0.008569112,0.03936399,0.011948673
Santorini/176.jpg,0.1075197,0.1132968,0.035893727,0.00672659,0.0139564,0.04203093,0.03795912,0.017142558,0.030153695,0.06290086,0.0064607817,0.018186932,0.27874002,0.044167545,0.066077,0.036566943,0.069511354,0.012709165
Santorini/178.jpg,0.026588105,0.0057766396,0.002890566,0.0015195445,0.85718423,0.0005784023,0.00067417225,0.011234577,0.004911455,0.0022084145,0.00052337686,0.004313713,0.0018378933,0.0002646926,0.03187426,0.04578842,0.00046154228,0.0013701166
Santorini/179.jpg,0.016404003,0.009190062,0.009782406,0.017377276,0.63663137,0.009089463,0.010489153,0.051947627,0.038186956,0.013452452,0.011139012,0.027328111,0.007921497,0.0051829685,0.063942574,0.017656183,0.0034872976,0.050791394
Santorini/181.jpg,0.72213686,0.0058189044,0.0009873438,0.0019510351,0.040607765,0.00079393096,0.0023239541,0.0011013303,0.01421947,0.0009944388,0.0029872966,0.078001566,0.016682262,0.00040740057,0.10022173,0.0061869505,0.0002421074,0.004335547
Santorini/184.jpg,0.038241543,0.03331555,0.053706195,0.037940793,0.025098467,0.058572844,0.06617176,0.030939162,0.04681345,0.027211495,0.10279943,0.030922953,0.2122212,0.06738848,0.017824043,0.010573837,0.12136076,0.018897895
Santorini/188.jpg,0.17054565,0.015342788,0.0018270318,0.022172065,0.015675914,0.01233019,0.010920917,0.0012306877,0.021839662,0.009991022,0.044566564,0.07983887,0.26708958,0.012644291,0.28907445,0.0067638494,0.007405901,0.010740577
Santorini/190.jpg,0.08726378,0.02059381,0.019117521,0.03748516,0.06050601,0.07608526,0.0817075,0.09329321,0.03050338,0.05190664,0.038162827,0.062421624,0.044692274,0.070660174,0.021497827,0.042914607,0.09875332,0.0624351
Santorini/191.jpg,0.05134027,0.028140688,0.02264123,0.011283835,0.025872571,0.030098578,0.061482415,0.12272118,0.016110143,0.07481615,0.004518817,0.025530905,0.019012794,0.013612399,0.018963886,0.033320572,0.013896121,0.4266374
Santorini/193.jpg,0.022356628,0.23025994,0.08899495,0.014862347,0.08213606,0.037119843,0.05411874,0.13949902,0.030046647,0.040083632,0.018520247,0.11485043,0.007451391,0.056070484,0.010513935,0.011986111,0.017001675,0.024127949
Statue Of Liberty - NYC/102.jpeg,0.03248152,0.016312819,0.016101655,0.15407263,0.042646386,0.048530392,0.034259055,0.1475108,0.02703911,0.01981371,0.14294852,0.063089676,0.07812704,0.022193074,0.022289585,0.021843651,0.09313604,0.017604327
Statue Of Liberty - NYC/103.jpg,2.2451975e-05,1.2565405e-09,7.999503e-09,3.4006264e-10,0.9999219,6.279809e-11,8.792818e-11,9.22513e-08,1.0121934e-07,3.4723263e-07,2.7097661e-08,7.875321e-08,9.0210006e-10,2.8191672e-12,2.830219e-07,5.4688564e-05,3.217073e-12,4.5185466e-11
Statue Of Liberty - NYC/104.jpeg,0.032014262,0.030366203,0.013072621,0.015471129,0.17582984,0.11262629,0.024231087,0.16938394,0.08611615,0.016665116,0.06935397,0.12907584,0.008523581,0.059764143,0.011900288,0.014951815,0.009615381,0.02103829
Statue Of Liberty - NYC/105.jpg,0.028390143,0.4014299,0.09580653,0.023660215,0.037144396,0.016313372,0.072577715,0.08743122,0.0367063,0.04169478,0.016551299,0.03313005,0.025887826,0.012608902,0.016223378,0.0027348862,0.017827371,0.03388157
Statue Of Liberty - NYC/107.jpg,0.17480043,0.004545296,0.0035164363,0.08094766,0.034837298,0.047512237,0.014690286,0.01582469,0.02208189,0.0076998128,0.1761699,0.13209565,0.1275349,0.022086127,0.082729265,0.008062669,0.022459598,0.022406014
Statue Of Liberty - NYC/109.jpg,0.16130911,0.114793986,0.04653602,0.035184413,0.024571,0.030808005,0.06601541,0.01767463,0.031793714,0.058389682,0.035098348,0.08511554,0.053256832,0.047986016,0.06844171,0.047596015,0.03377503,0.041654486
Statue Of Liberty - NYC/110.jpg,0.011260771,0.029075842,0.047057092,0.027716892,0.05698566,0.01019458,0.013002257,0.038644787,0.4243799,0.156149,0.00250445,0.0032512865,0.0035119758,0.0008698325,0.0057864576,0.03141788,0.006093393,0.13209794
Statue Of Liberty - NYC/111.jpg,0.019854082,0.0039997064,0.0052249185,0.0029191514,0.9075656,0.0011212962,0.0012086035,0.0049686967,0.0023945796,0.001957863,0.00047257543,0.003029562,0.0006294252,0.0005304904,0.009284594,0.03024374,0.00030336948,0.0042918036
Statue Of Liberty - NYC/114.jpg,0.006727453,0.010184565,0.9085263,0.0035753825,0.007727748,0.0014874572,0.006739705,0.014179583,0.0034572592,0.010498992,0.0018485013,0.0020013233,0.0021871137,0.0027803485,0.0010290729,0.0010315953,0.012376902,0.003640517
Statue Of Liberty - NYC/115.jpg,0.11771766,0.019582296,0.1226023,0.030374061,0.11458782,0.061429203,0.06844681,0.037146483,0.0124857975,0.035951134,0.060776763,0.034501668,0.036186334,0.073915616,0.07079911,0.035496958,0.030167688,0.037832227
Statue Of Liberty - NYC/70.jpg,0.11377994,0.015734013,0.013272065,0.06247776,0.041693773,0.067514166,0.030697657,0.021570932,0.052200515,0.03792096,0.15442824,0.07300452,0.09962675,0.03993418,0.0713997,0.031674206,0.046026383,0.027044293
Statue Of Liberty - NYC/71.new-york-water-taxi.jpg,0.13140152,0.005703091,0.001029476,0.007950726,0.22846287,0.015094983,0.02883767,0.00605437,0.033139955,0.012743658,0.010456202,0.036662217,0.008109307,0.0015154312,0.08831002,0.3417713,0.0015155222,0.04124163
Statue Of Liberty - NYC/72.jpg,0.005178315,0.002024074,0.0023775017,0.0027208594,0.92137235,0.0007140573,0.0007016674,0.018197853,0.0027445296,0.0007466796,0.0012074715,0.0046917847,0.0013684636,0.00045362543,0.023727585,0.0093700085,0.0006165858,0.0017867264
Statue Of Liberty - NYC/74.jpg,0.060616124,0.0878163,0.030275898,0.053242926,0.067594774,0.07928152,0.07237236,0.03473251,0.047717758,0.052599836,0.063127525,0.076370865,0.0299932,0.064663395,0.039479066,0.05218928,0.04227668,0.045650125
Statue Of Liberty - NYC/75.NYC-and-Statue-of-Liberty-Nav-2.22.19.jpg,0.035715923,0.14432566,0.17986743,0.03339083,0.06812,0.028985344,0.041234262,0.089376196,0.0501329,0.067116424,0.027805213,0.09355164,0.012426889,0.03344862,0.018020794,0.016170641,0.026160693,0.034150653
Statue Of Liberty - NYC/77.jpg,0.017243445,0.0081484,0.007439537,0.028414277,0.28576568,0.025158936,0.027390879,0.06919158,0.036742013,0.027546188,0.011255442,0.014997931,0.008064071,0.004509984,0.0642664,0.042186104,0.004667462,0.31701168
Statue Of Liberty - NYC/77.nyc-header.jpg,0.3171611,0.0018441466,0.0062631476,0.01665861,0.022807997,0.041276418,0.021059873,0.03065399,0.011246412,0.008911772,0.040556848,0.14273316,0.17879371,0.030748306,0.031189995,0.008711834,0.026254052,0.06312851
Statue Of Liberty - NYC/78.jpg,0.13594407,0.033422627,0.11247446,0.037829477,0.062703475,0.020853499,0.023990655,0.061634827,0.08772738,0.05226167,0.11386438,0.06172529,0.086963534,0.019267205,0.017008169,0.017875988,0.031864896,0.022588424
Statue Of Liberty - NYC/78.nyc-skyline-twin-towers-tom-jelen.jpg,0.057029914,0.07871912,0.051177096,0.02377486,0.026660476,0.057079315,0.05723439,0.07012756,0.053280324,0.10190195,0.016375534,0.03736552,0.059664845,0.031763863,0.04103248,0.053445205,0.05110144,0.13226622
Statue Of Liberty - NYC/79.5b490effad6b9_SL_800x400_3.jpg,0.04830033,0.030450229,0.02479423,0.06780302,0.25291762,0.028787848,0.03609391,0.08990456,0.04599311,0.08177195,0.038693152,0.024588633,0.010320903,0.014830568,0.036467586,0.065902814,0.032425307,0.06995406
Statue Of Liberty - NYC/79.jpg,0.0011816253,0.0002623193,3.4568227e-05,0.0011696167,0.010597543,0.0017771398,0.93081695,0.00044432355,0.00028078657,0.00027108743,0.005485377,3.578277e-05,0.0017488806,0.0040084673,0.039067738,0.00030918734,0.0012016522,0.0013070803
Statue Of Liberty - NYC/80.jpg,0.34691787,0.011488363,0.09476362,0.011162147,0.08988595,0.009830824,0.010301606,0.05777004,0.11642987,0.04502465,0.05564937,0.030669281,0.057739966,0.00628934,0.008655995,0.026507672,0.010422455,0.010490889
Statue Of Liberty - NYC/80.statueliberty_schaer-087_2_7c807f28-5056-a36f-2305dd52386d8ab0.jpg,0.42657936,0.016514393,0.002057822,0.025438545,0.091212936,0.004230833,0.010530261,0.0016204889,0.017049747,0.003735909,0.019768866,0.07212364,0.024275124,0.002325972,0.25054806,0.021030484,0.0012307154,0.009726835
Statue Of Liberty - NYC/82.jpg,0.08174203,0.018100882,0.006381394,0.037840296,0.3757239,0.038560264,0.037244357,0.018184606,0.014458988,0.010200448,0.019625582,0.04783959,0.008539566,0.010555219,0.1123263,0.09206016,0.0040872963,0.06652891
Statue Of Liberty - NYC/84.jpg,0.013060698,0.58971375,0.020071577,0.00645631,0.025166512,0.014414003,0.0218307,0.094646014,0.017957067,0.04627756,0.0023676907,0.035451222,0.020061148,0.0054230206,0.048574615,0.018214894,0.017019194,0.0032941771
Statue Of Liberty - NYC/85.jpg,0.11461922,0.020649686,0.0035409338,0.0075867167,0.037064523,0.0050815726,0.002443651,0.0049925265,0.0543025,0.015276858,0.025730547,0.29172993,0.2182018,0.0076761157,0.16709314,0.0036740312,0.012390932,0.007945356
Statue Of Liberty - NYC/86.jpg,0.08408826,0.012548602,0.0015693147,0.014790491,0.0017110412,0.008120279,0.031259112,0.004175945,0.0021563475,0.009472247,0.0029882865,0.012345236,0.6790787,0.009159091,0.044765987,0.004351839,0.06941104,0.008008229
Statue Of Liberty - NYC/88.jpg,0.24058788,0.017576758,0.029219644,0.011260066,0.045975763,0.014183393,0.041005414,0.036494087,0.07299643,0.053391445,0.055794645,0.022036223,0.2692759,0.010375102,0.014760852,0.026140608,0.034783207,0.0041427193
Statue Of Liberty - NYC/90.jpg,0.14785509,0.03194464,0.0032640044,0.034567654,0.046601526,0.029172955,0.028293323,0.003013648,0.077570096,0.06266453,0.009016598,0.016152317,0.085531965,0.0060303174,0.15699196,0.22461946,0.019598002,0.017111931
Statue Of Liberty - NYC/92.jpg,0.018496027,0.013667102,0.022105016,0.04715418,0.0103259375,0.03200542,0.19332251,0.03248142,0.012245121,0.0076296334,0.0372073,0.0035411674,0.24776256,0.06179843,0.011154298,0.004086835,0.2400563,0.0049606315
Statue Of Liberty - NYC/94.jpg,0.32552478,0.02239704,0.004871583,0.004488991,0.2673616,0.0018029705,0.0013922759,0.002255558,0.13555214,0.07667177,0.012294667,0.022950634,0.012500112,0.0013023275,0.080162704,0.026646376,0.0005561764,0.0012683426
Statue Of Liberty - NYC/95.jpg,0.6629458,0.008572666,0.049776327,0.0011305866,0.0131528815,0.0057890913,0.015754169,0.0052731647,0.017580306,0.015958652,0.0071211522,0.0029740084,0.15047571,0.01544156,0.009673386,0.0071317307,0.009463271,0.0017854492
Statue Of Liberty - NYC/97.jpg,0.116029404,0.12852144,0.027458087,0.028487062,0.19257729,0.013446837,0.009685357,0.038891412,0.085109055,0.09922864,0.008194037,0.0447742,0.028683905,0.007407001,0.06209252,0.08196067,0.014271513,0.013181363
Statue Of Liberty - NYC/98.jpg,0.06569376,0.008295901,0.0037552922,0.024031222,0.007592523,0.06344943,0.08715953,0.02313997,0.0063401414,0.02975348,0.012670402,0.017447665,0.34183848,0.044165697,0.01550369,0.010883353,0.21593371,0.022345886
Statue Of Liberty - NYC/99.jpg,0.011615704,0.0014944301,0.00035883003,0.009910202,0.035424765,0.044319317,0.0005720143,0.062262688,0.05206229,0.0011757059,0.43556732,0.32590532,0.005665303,0.006385924,0.0040839287,0.0006981266,0.0015938141,0.0009041985
Stonehenge/100.jpg,0.0021678994,0.00039635788,0.9660945,0.00091350387,0.010904481,0.00066127186,0.00066066167,0.0006361264,0.0051234174,0.0041789105,0.001490116,0.0001474061,0.00037465998,0.00031723361,0.00014696296,0.0014988921,0.0040821745,0.00020518838
Stonehenge/102.jpg,0.0210328,0.01565082,0.0123156365,0.042040687,0.13603663,0.03758703,0.035589233,0.018698603,0.15567924,0.060544204,0.0049561705,0.0032602674,0.010356741,0.0014217268,0.02573567,0.27215314,0.014445403,0.13249587
Stonehenge/103.jpg,0.054771688,0.09672895,0.038658768,0.059111934,0.08298572,0.069142126,0.06948751,0.032859813,0.035965875,0.04875483,0.07316541,0.06987729,0.02615794,0.06928217,0.04168552,0.04472728,0.049038988,0.03759799
Stonehenge/104.jpg,0.011261042,0.002800014,0.0013970301,0.0051117246,0.0037443535,0.04315501,0.52001816,0.0040343413,0.0020991603,0.0252945,0.0028213179,0.00078796485,0.12222307,0.021661099,0.013512753,0.020003408,0.18786578,0.012209355
Stonehenge/105.jpg,0.032925405,0.014522886,0.035068024,0.023336085,0.039059937,0.050692655,0.26457992,0.034225523,0.013771192,0.061979417,0.005804226,0.004434621,0.046004813,0.017983995,0.015616812,0.091407694,0.17964976,0.06893703
Stonehenge/106.jpg,0.04075898,0.07532602,0.11476101,0.05481013,0.07082606,0.022960288,0.046782035,0.053810254,0.053266644,0.22543883,0.012372984,0.026903756,0.013749569,0.018881243,0.014861427,0.058683906,0.05312529,0.042681485
Stonehenge/109.jpg,0.03408298,0.16741431,0.021729195,0.040888134,0.15168424,0.08415087,0.06764697,0.039262965,0.047992375,0.029336473,0.03857165,0.040068965,0.015244728,0.03770249,0.0667839,0.047738947,0.017099818,0.052601058
Stonehenge/110.jpg,0.019854082,0.0039997064,0.0052249185,0.0029191514,0.9075656,0.0011212962,0.0012086035,0.0049686967,0.0023945796,0.001957863,0.00047257543,0.003029562,0.0006294252,0.0005304904,0.009284594,0.03024374,0.00030336948,0.0042918036
Stonehenge/111.jpg,0.013807998,0.0063263336,0.039850254,0.083225735,0.04525679,0.121696524,0.056042813,0.014934128,0.105550215,0.02087079,0.329228,0.010213608,0.017663183,0.013549446,0.014810359,0.022275476,0.07257879,0.012119635
Stonehenge/112.jpeg,0.015794791,0.0971812,0.20915139,0.027005667,0.04129435,0.043111287,0.0770597,0.15425143,0.010176475,0.051210936,0.024153681,0.03892415,0.0057403147,0.13206495,0.0065120608,0.004526705,0.050539948,0.011300834
Stonehenge/114.jpg,0.05372544,0.061795045,0.047928255,0.077100456,0.06830226,0.06225427,0.05534563,0.04106905,0.03577351,0.04321026,0.0866973,0.065918244,0.042707596,0.066205956,0.049561802,0.035386886,0.068357535,0.038660597
Stonehenge/119.jpg,0.17183521,0.0066608377,0.0011231622,0.019849798,0.004067109,0.013166762,0.019518716,0.0044193584,0.0057453997,0.008677149,0.009926655,0.043043535,0.56732166,0.013026943,0.0589547,0.006209353,0.033685442,0.012768171
Stonehenge/121.jpg,0.037578724,0.044700306,0.027854895,0.07719762,0.15368487,0.020661585,0.01296217,0.111714,0.05438849,0.09120736,0.0768387,0.11376755,0.02617945,0.010839445,0.04093864,0.05641019,0.023585694,0.019490357
Stonehenge/80.stonehenge-interactive-bg-e1495294229687.jpg,0.034990136,0.13032192,0.029232118,0.023638725,0.022428496,0.05409195,0.043810327,0.04716922,0.03130976,0.032869894,0.02013339,0.06290728,0.19793916,0.044272695,0.079747766,0.020912303,0.08477373,0.03945108
Stonehenge/81.jpg,0.067603484,0.053032774,0.025908867,0.058028348,0.077190444,0.08536707,0.0573486,0.054863125,0.039781567,0.051175486,0.064175606,0.0726481,0.030313674,0.063627355,0.03492899,0.046430055,0.06222366,0.055352807
Stonehenge/81.stonehenge2-700x255.jpg,0.13564844,0.0920196,0.03883382,0.040751558,0.056313798,0.039757576,0.05372048,0.020535646,0.035095505,0.03494503,0.03133507,0.10630966,0.048597395,0.04427457,0.07368331,0.06263457,0.033136964,0.052407045
Stonehenge/82.IPO_01NewTour0724H_lg.jpg,0.026675133,0.013431948,0.0038242189,0.005652361,0.0016995159,0.03343311,0.27054897,0.0062610535,0.0023038809,0.043492224,0.0011856878,0.00067155086,0.28292206,0.016677966,0.014424938,0.032186672,0.23844412,0.0061645815
Stonehenge/83.jpg,0.0063487915,0.00083278783,0.0018965726,0.0022848994,0.89199007,0.0017613096,0.0034250126,0.005526241,0.002436122,0.0004457433,0.0007615285,0.002551941,0.0010824705,0.00087179214,0.043352798,0.014430923,0.00028570177,0.019715292
Stonehenge/83.stonhenge.jpg,0.007121865,5.3601187e-05,0.00019398822,0.025605934,0.010020073,0.023399433,0.0019776477,0.00142295,0.016862616,0.0017346019,0.8911429,0.0070709856,0.003639526,0.002207302,0.0028290916,0.00039177053,0.0036495777,0.0006762155
Stonehenge/84.jpg,0.12252518,0.05078348,0.040759116,0.031524528,0.04096944,0.050121333,0.061677475,0.034397144,0.051588118,0.07935656,0.03170903,0.06298031,0.04778343,0.05335091,0.034250814,0.108126454,0.053739496,0.044357125
Stonehenge/85.IMG_3335-1230x400.jpg,0.0054152007,3.2024607e-05,0.00010986125,0.0135507705,0.004673919,0.024147943,0.0014622402,0.0005382149,0.008647382,0.0007665665,0.9306268,0.003086888,0.0018765384,0.001609721,0.001447914,0.00015699393,0.0015768883,0.00027408256
Stonehenge/85.jpg,0.16277686,0.05792441,0.0056067295,0.015273431,0.14115767,0.026279844,0.012805911,0.016296938,0.04709702,0.04027574,0.0064359135,0.020625673,0.029726947,0.0033397502,0.110259496,0.28447676,0.0058406587,0.013800239
Stonehenge/86.Web_Stonehenge_iStock-172382850.jpg,0.011344793,0.3174933,0.117335334,0.014788754,0.087770216,0.03071454,0.075384475,0.18602125,0.020345971,0.03982075,0.0069978703,0.02248604,0.0031364716,0.01933942,0.0060858186,0.0049369703,0.009341802,0.026656117
Stonehenge/86.jpg,0.009721885,0.009843098,0.00829522,0.088930964,0.074639924,0.09256108,0.08550541,0.017907513,0.10194369,0.053021763,0.23849854,0.017735949,0.013323932,0.018377589,0.06406985,0.022869945,0.04678459,0.035969004
Stonehenge/87.598a56edcf003.image.jpg,0.87400556,0.0048092245,0.002735044,0.00060948625,0.007739092,0.00092370313,0.0020717245,0.00013021711,0.009969607,0.0039266483,0.0034118074,0.03036474,0.022590045,0.001164799,0.019995054,0.013889813,0.00047777797,0.001185612
Stonehenge/88.stonehenge-bluestones-880x440.jpg,0.015404854,0.0012828516,0.0012736814,0.0016950454,0.0044436287,0.00041188524,0.0038849795,0.0004573937,0.0029076987,0.9392869,0.0030453566,0.0013779341,0.0017312183,0.011208456,0.0033427551,0.00099731,0.0057861353,0.001461831
Stonehenge/89.Trilithon.jpg,0.20095137,0.03226308,0.02319929,0.05106742,0.097150534,0.029533198,0.05823009,0.022643408,0.023528952,0.04063261,0.03484665,0.054282174,0.05408414,0.02623517,0.07327161,0.10180798,0.031002572,0.045269832
Stonehenge/89.jpg,0.12345587,0.014775036,0.0017953702,0.021619577,0.0039141765,0.017755268,0.04225425,0.0035565165,0.006094364,0.013504527,0.011302147,0.030739985,0.5374271,0.016681498,0.098061375,0.00710254,0.03792748,0.012032881
Stonehenge/90.jpg,0.1080213,0.080743246,0.022047061,0.04612675,0.061479423,0.060708463,0.07016834,0.035141367,0.057983454,0.08355277,0.062460937,0.088115446,0.015671672,0.041497547,0.037079044,0.07418511,0.026099594,0.028918466
Stonehenge/91.Best-preserved-part-of-the-outer-stone-circle-also-you-can-see-the-fallen-stone-so-called-Slaughter-Stone-Stonehenge-900x450.jpg,0.08878457,0.08182655,0.005669898,0.04685892,0.10350531,0.02832902,0.037146043,0.014592989,0.086874664,0.07043938,0.020392178,0.020936156,0.026857385,0.008528764,0.2233633,0.08999466,0.008859694,0.037040424
Stonehenge/91.jpg,0.044136204,0.020010773,0.02249301,0.055902578,0.2090277,0.035200916,0.060633913,0.043679193,0.030912632,0.03394814,0.050169744,0.043539815,0.04173514,0.025672622,0.12434736,0.037409566,0.033659596,0.08752115
Stonehenge/92.jpg,0.07040489,0.03170494,0.19025415,0.0143606905,0.014406672,0.029116588,0.068286546,0.027856806,0.017516179,0.24088344,0.0134403175,0.01903937,0.05195247,0.035595655,0.010112665,0.031704683,0.105083905,0.028280096
Stonehenge/93.jpg,0.10409142,0.010268212,0.017371811,0.039555427,0.15313269,0.044653106,0.04777002,0.08373498,0.024173008,0.014774546,0.019265696,0.103433974,0.05738136,0.035620097,0.049729593,0.044539887,0.039147325,0.11135669
Stonehenge/98.jpg,0.7406892,0.0033820416,0.019058703,0.0010933243,0.039299514,0.003456717,0.0026459247,0.00903221,0.071040876,0.02127311,0.009967495,0.008947979,0.03240604,0.0013299711,0.003924485,0.028616697,0.0015976983,0.002237859
Stonehenge/99.jpg,0.4602085,0.007172806,0.005197104,0.023349905,0.0476949,0.012235805,0.008324835,0.0035537796,0.013679649,0.0040338305,0.0584677,0.1451309,0.061367597,0.008447095,0.1051685,0.013457629,0.004782019,0.017727472
Taj Mahal - India/101.jpg,0.06431719,0.01883852,0.018863708,0.08879415,0.050097182,0.096554935,0.032804973,0.06992401,0.06136215,0.036686093,0.10036905,0.053393453,0.06000005,0.028296292,0.048561275,0.036868922,0.07780734,0.05646075
Taj Mahal - India/103.jpg,0.13761228,0.037095446,0.008888302,0.01736511,0.055093616,0.09417242,0.06669014,0.06378778,0.030688316,0.04686388,0.0146831,0.03797308,0.07045175,0.036635704,0.045411766,0.12309602,0.056570124,0.056921326
Taj Mahal - India/104.jpg,0.06639128,0.020206198,0.018738689,0.015406036,0.6549808,0.0048479973,0.004343069,0.020021377,0.017070506,0.012068065,0.006970166,0.02613025,0.0057959715,0.0016516502,0.030513776,0.08408464,0.002247755,0.00853182
Taj Mahal - India/111.jpg,0.08493473,0.036158398,0.043394305,0.012133514,0.007198511,0.042445365,0.085217364,0.019584078,0.007768766,0.19256707,0.008313054,0.0113678975,0.10842458,0.07928774,0.01580756,0.03327761,0.19592223,0.016197328
Taj Mahal - India/116.jpg,0.0012787723,0.0029286689,0.9173487,0.0023803597,0.019244013,0.001290339,0.0021719367,0.0043886215,0.0098642465,0.024728337,0.00043841367,0.00034195502,0.00021555381,0.00033756898,0.00017641242,0.0039410093,0.007366588,0.0015585797
Taj Mahal - India/119.jpg,0.02996348,0.017313194,0.03715798,0.016990969,0.07729186,0.05493989,0.04023954,0.23663653,0.016954001,0.022741405,0.019336177,0.053333987,0.092675686,0.063268445,0.036883228,0.029569956,0.095940866,0.05876284
Taj Mahal - India/120.jpg,0.0031584,0.002489913,0.018213982,0.02064906,0.0009467961,0.0017084711,0.81459206,0.00045697455,0.00059636595,0.0004700528,0.04636978,6.482495e-05,0.024430724,0.02287666,0.00082585507,9.816895e-06,0.04186236,0.00027792156
Taj Mahal - India/121.jpg,0.06031399,0.014764761,0.014914527,0.08467309,0.1005752,0.04510168,0.034196407,0.2015611,0.045544133,0.029806428,0.076041356,0.055001922,0.043133505,0.012545272,0.024495715,0.08486072,0.046158463,0.026311722
Taj Mahal - India/128.jpg,0.008090383,0.01662665,0.002197332,0.045142,0.11210406,0.035052534,0.006316115,0.12856102,0.36354,0.018894041,0.07173537,0.11049118,0.010491401,0.0023501562,0.030212007,0.012852945,0.018359076,0.006983859
Taj Mahal - India/138.jpg,0.07511235,0.011921552,0.015075822,0.08501121,0.069347754,0.06389183,0.03952855,0.01634298,0.05359182,0.019734375,0.25400126,0.06076684,0.04564537,0.019990347,0.06789911,0.028973639,0.045195468,0.027969744
Taj Mahal - India/141.jpg,0.051379226,0.035552647,0.0010318075,0.011195584,0.0070364443,0.004596433,0.032655284,0.00054367824,0.0048901862,0.026225373,0.006434009,0.0133201,0.30031803,0.0076147174,0.47334412,0.0031945396,0.016771438,0.0038963675
Taj Mahal - India/142.jpg,0.018873695,0.019834124,0.01978321,0.045159977,0.13297865,0.04590834,0.17655747,0.02240572,0.041386686,0.053310744,0.021972254,0.010650344,0.05914357,0.015481328,0.1261614,0.061632585,0.048815157,0.079944745
Taj Mahal - India/146.jpg,0.022251384,0.010282621,0.012145591,0.042859998,0.10931695,0.0768937,0.03461267,0.10774514,0.05258218,0.027834032,0.03299674,0.03767235,0.013922694,0.008266456,0.044411566,0.038022615,0.011593218,0.31659007
Taj Mahal - India/150.jpg,0.015432561,0.12756348,0.0089707915,0.03216995,0.10213192,0.012339496,0.15073463,0.0028169525,0.015516524,0.085863285,0.0468954,0.008647115,0.009831399,0.02287853,0.33245337,0.0059614787,0.014726148,0.005066954
Taj Mahal - India/151.jpg,0.003200674,0.0027785776,0.0072167036,0.024166247,0.14268503,0.025176102,0.0070118033,0.010395801,0.63385016,0.02381801,0.06605746,0.0037009227,0.0022439312,0.00096634653,0.0070152255,0.020064913,0.0049720756,0.014680186
Taj Mahal - India/152.jpg,0.05568184,0.024553996,0.01484397,0.07423463,0.080016404,0.09190715,0.030708805,0.06361685,0.05278305,0.045104522,0.16349505,0.05957631,0.02896735,0.04434664,0.047301885,0.028330531,0.053709265,0.04082166
Taj Mahal - India/155.jpg,0.030430326,0.0033270833,0.014386933,0.007409185,0.86886406,0.00311538,0.0019473475,0.003756633,0.0031856783,0.0016996546,0.002581485,0.005088146,0.0013123302,0.00088600634,0.013177959,0.03344177,0.0006848988,0.004705158
Taj Mahal - India/158.jpg,0.006039897,0.005135043,0.7000659,0.009200051,0.02899767,0.007836722,0.007448105,0.010620181,0.094238,0.07884168,0.005342554,0.0015280122,0.0015842529,0.0011588398,0.0008702151,0.0120049035,0.02068528,0.008402762
Taj Mahal - India/161.jpg,0.030568572,0.01814343,0.2691385,0.017527219,0.06731375,0.031947248,0.010864633,0.017879564,0.33807877,0.052346073,0.013429202,0.009564639,0.012459459,0.002472621,0.0057484074,0.0399094,0.009720186,0.052888248
Taj Mahal - India/168.jpg,0.24876176,0.02514758,0.0014496254,0.011484655,0.2976155,0.0040711774,0.0068506063,0.0018731988,0.028938305,0.006824178,0.0038779469,0.017264906,0.0077487724,0.0006915726,0.2541623,0.07702422,0.00053547724,0.005678339
Taj Mahal - India/182.jpg,0.61383927,0.0143462,0.008093125,0.009735294,0.14740041,0.009084297,0.010859822,0.0033547038,0.015347958,0.011136992,0.0063784216,0.024250483,0.009238894,0.005943185,0.034139838,0.067772955,0.0018581862,0.007220117
Taj Mahal - India/186.png,0.018243855,0.0060949223,0.015008039,0.010609488,0.03200621,0.008743618,0.009117964,0.0036437316,0.18164483,0.609853,0.040026598,0.0046440233,0.0043533863,0.0065084123,0.015599113,0.013493925,0.011180468,0.009228356
Taj Mahal - India/191.jpg,0.005974109,0.0028388207,0.003495729,0.045801695,0.33694458,0.008337276,0.0049657044,0.0124527365,0.3708903,0.011657213,0.12557963,0.022955962,0.007739518,0.001879774,0.02180405,0.0054818573,0.005209297,0.0059918137
Taj Mahal - India/192.jpg,0.025065264,0.0067327865,0.003312483,0.008073243,0.7703301,0.0031591675,0.0039008409,0.013194469,0.007870036,0.0059627597,0.00636473,0.022376662,0.003143516,0.000961338,0.06524458,0.041968305,0.00068795786,0.01165161
Taj Mahal - India/195.jpg,0.16741484,0.021146335,0.038130634,0.015608806,0.562288,0.004107259,0.002430056,0.0026374802,0.021355776,0.015998133,0.0042312457,0.014202468,0.0039319103,0.001340534,0.027370377,0.09217123,0.0019193053,0.0037156406
Taj Mahal - India/94.jpg,0.068198815,0.012614055,0.0052675516,0.07745876,0.0707382,0.053599294,0.03278723,0.009565408,0.053596973,0.030104872,0.14843549,0.061083715,0.08145845,0.02067225,0.19340992,0.028453685,0.023125784,0.029429583
Taj Mahal - India/96.jpg,0.108447075,0.065709434,0.001530617,0.016476775,0.0691344,0.002723323,0.009514477,0.0009210177,0.017795667,0.010670144,0.0063109184,0.03004883,0.012525608,0.0014119315,0.62112314,0.019678835,0.0012849943,0.004692885
The Blue Grotto - Capri/102.jpg,0.00412356,0.0034804519,0.024005378,0.006343747,0.004244379,0.01072161,0.6140496,0.0027236775,0.00015143256,0.005824762,0.0016456099,0.0001906213,0.035210304,0.01728183,0.006824758,0.004329174,0.25702614,0.0018229969
The Blue Grotto - Capri/103.jpg,0.058133468,0.019107053,0.012273752,0.036550082,0.11604946,0.04626648,0.03260158,0.0381308,0.043243196,0.053738065,0.024065109,0.05711348,0.020701738,0.007090116,0.06122773,0.08547866,0.007592462,0.28063676
The Blue Grotto - Capri/104.jpg,0.005465079,0.010064384,0.0035969287,0.023661876,0.08918029,0.053679854,0.008844626,0.038397584,0.60975564,0.024399856,0.02361717,0.012277891,0.005008739,0.0015490266,0.013992173,0.04761447,0.007859165,0.021035286
The Blue Grotto - Capri/106.jpg,0.03740959,0.015674887,0.014263841,0.08367463,0.05101917,0.1103172,0.04532803,0.037166566,0.042646796,0.038976032,0.28342578,0.03565897,0.024988823,0.03244347,0.044320635,0.025448164,0.052533783,0.024703654
The Blue Grotto - Capri/81.jpeg,0.036760263,0.058134668,0.041400414,0.027854612,0.08593257,0.09604813,0.050742526,0.16318087,0.049606897,0.03514008,0.0485253,0.09672896,0.017673243,0.061326597,0.023473298,0.024374746,0.033523604,0.04957321
The Blue Grotto - Capri/82.jpg,0.053499702,0.00092948764,0.0003751357,0.0019417966,0.83935434,8.6604196e-05,0.00036547545,0.00018717286,0.002905429,0.00017739736,0.0015404916,0.009963159,0.000778177,8.317794e-05,0.08105469,0.0053283074,2.1865751e-05,0.0014074298
The Blue Grotto - Capri/84.jpg,0.6005963,0.00041106448,0.0006069559,6.16647e-05,0.16781718,0.00022791812,2.4646071e-05,0.0011093296,0.034627832,0.013970286,0.00024752927,0.0033882207,0.00074064784,4.810301e-06,0.0006127948,0.17540625,9.379999e-06,0.00013735256
The Blue Grotto - Capri/85.jpg,0.05951424,0.01066194,0.009938277,0.055224087,0.06984196,0.09440371,0.031028595,0.017280286,0.08251109,0.03543743,0.2332416,0.054791998,0.048105963,0.02496127,0.067904025,0.031081349,0.031643204,0.042428955
The Blue Grotto - Capri/86.jpg,0.24989161,0.15755376,0.003390169,0.0069935974,0.010053886,0.004046026,0.022927307,0.0053741727,0.010603583,0.017620753,0.001959649,0.035018668,0.08365006,0.0036186397,0.36578995,0.00886873,0.006828618,0.005810769
The Blue Grotto - Capri/87.grotto-azzurra-malta-is-AEX730.jpg,0.04415802,0.011248586,0.05122526,0.106701605,0.02787738,0.033221297,0.18655246,0.036484025,0.034000345,0.020642193,0.22247384,0.014667588,0.040673085,0.046190545,0.0072338325,0.013653821,0.08970477,0.013291338
The Blue Grotto - Capri/87.jpg,0.10306165,0.03732483,0.3631022,0.019256797,0.11603655,0.012353197,0.018795736,0.01765115,0.031330045,0.054812267,0.025451252,0.045193303,0.027840335,0.014686991,0.043360997,0.027019238,0.019815344,0.02290815
The Blue Grotto - Capri/88.jpg,0.04524133,0.0064173467,0.000319093,0.003285586,0.00027863286,0.0021805633,0.022187628,0.00027984558,0.0005777846,0.0067281765,0.0014227035,0.0027964483,0.8375368,0.0048422106,0.04268601,0.0007471358,0.021334834,0.0011377536
The Blue Grotto - Capri/89.jpg,0.03583742,0.023016753,0.5740285,0.012399109,0.07457489,0.0140479375,0.008383439,0.034288824,0.065057114,0.06601459,0.00652334,0.0052611954,0.007181504,0.0040674135,0.0047171395,0.017850244,0.0127522135,0.033998534
The Blue Grotto - Capri/90.jpg,0.06113234,0.014772942,0.0069384202,0.042377416,0.07252539,0.037069496,0.041508023,0.014708414,0.08825003,0.18840407,0.115444064,0.027934626,0.048696406,0.030992672,0.104870856,0.031484246,0.02486375,0.048026893
The Blue Grotto - Capri/91.jpg,0.03863273,0.07524981,0.046393428,0.03380952,0.1690395,0.059270732,0.069808364,0.06881515,0.038428046,0.021562867,0.037793577,0.09089763,0.022817263,0.06665844,0.039970566,0.04000947,0.03599165,0.044851284
The Blue Grotto - Capri/92.jpg,0.0033809266,0.0003616642,0.00056286284,0.060052507,0.005349056,0.006452544,0.39164236,0.0014551125,0.009911574,0.0010215562,0.4889993,0.0018760494,0.006794203,0.007842025,0.0044659674,0.00056087784,0.006681919,0.0025895357
The Blue Grotto - Capri/93.jpg,0.012088633,0.00078540307,0.0015502864,0.00056804874,0.9608265,6.7898116e-05,0.00020856569,0.00067019876,0.004302458,0.0007868887,0.00023076474,0.0007975789,0.00014281117,3.580997e-05,0.007554628,0.008702284,2.9662375e-05,0.00065150583
The Blue Grotto - Capri/94.jpg,0.09061204,0.015602002,0.02384405,0.042787734,0.16468261,0.03364445,0.042628195,0.00780041,0.027814018,0.03941119,0.16328473,0.056196395,0.035229526,0.03803648,0.15896685,0.022132644,0.012440436,0.024886265
The Blue Grotto - Capri/95.jpg,0.004601662,0.0090465015,0.07651338,0.0057348297,0.0025922381,0.012788533,0.46125323,0.0045866035,0.00025720173,0.025152536,0.004298512,0.00032271203,0.02208564,0.043335296,0.0025473707,0.0018022275,0.32240808,0.0006733899
The Blue Grotto - Capri/96.jpg,0.10153454,0.04071247,0.025512818,0.060776025,0.08710021,0.048355605,0.02995798,0.041917134,0.050064422,0.028512252,0.07652757,0.09263047,0.05440943,0.028988294,0.08792119,0.04464713,0.047093015,0.05333949
The Blue Grotto - Capri/97.jpg,0.13642892,0.035417456,0.0038319824,0.036025137,0.17876281,0.008237853,0.01983213,0.0025628577,0.01250443,0.00502108,0.01915579,0.08645247,0.02542208,0.006108419,0.37335515,0.027228603,0.0023799117,0.02127292
The Blue Grotto - Capri/98.jpg,0.110425845,0.08657963,0.016169498,0.024110261,0.06594819,0.017747745,0.019589262,0.018752076,0.06386231,0.01457464,0.038159307,0.24707927,0.05068415,0.017488316,0.14304973,0.017683556,0.008190217,0.03990593
The Blue Grotto - Capri/99.png,0.0045600985,0.00016437832,0.00026664647,0.024203826,0.008923068,0.025457457,0.0060178204,0.0011517134,0.0034937588,0.0015344351,0.9042037,0.0043455823,0.00209366,0.003525105,0.0057698446,0.00021484267,0.0035220017,0.0005520024
Venezuela Angel Falls/225.jpg,0.16155171,0.03267649,0.018521633,0.022369985,0.0666418,0.015374376,0.07174589,0.024391603,0.008003654,0.016105676,0.016055893,0.11087133,0.091128014,0.02238816,0.1789796,0.017997256,0.018304689,0.10689228
Venezuela Angel Falls/227.jpg,0.022426996,0.013615993,0.032637853,0.024605075,0.02004034,0.033285927,0.5114308,0.020094216,0.000830701,0.014371979,0.007061387,0.0023558335,0.03871543,0.07213339,0.019101918,0.008686785,0.13851629,0.020088924
Venezuela Angel Falls/229.jpg,0.0075160544,7.871474e-05,0.00020631119,0.013628538,0.017140925,0.019298285,0.00083826855,0.0017370388,0.03392085,0.0018505562,0.87465125,0.014392518,0.0053185276,0.002725115,0.0033546782,0.0003557504,0.0024074356,0.0005792471
Venezuela Angel Falls/230.jpg,0.09639119,0.023576826,0.021485291,0.06126912,0.031998865,0.060120635,0.05385066,0.06781216,0.030564267,0.080984555,0.053346872,0.037333217,0.08279198,0.035267945,0.036910992,0.04902023,0.11216129,0.06511382
Venezuela Angel Falls/232.jpg,0.09261974,0.017455168,0.015090404,0.06035601,0.07735976,0.08654832,0.030212099,0.029610038,0.04016552,0.023934787,0.16024333,0.08675969,0.05228224,0.03178218,0.07569185,0.02869332,0.03634764,0.054847892
Venezuela Angel Falls/236.jpg,0.0045162723,0.0045759426,0.8554366,0.0044713123,0.039426986,0.0035598031,0.0025282146,0.0041763196,0.022724062,0.024639599,0.0007235262,0.0005618976,0.0007367797,0.0004657088,0.00077440246,0.017124174,0.010131315,0.0034271395
Venezuela Angel Falls/241.jpg,0.4415529,0.0029775328,0.001309261,0.01085283,0.0061099613,0.003784902,0.0054927412,0.0014281116,0.0037333313,0.0016547847,0.008434694,0.08955073,0.32763192,0.00596422,0.06873429,0.0031531136,0.0068124537,0.010822159
Venezuela Angel Falls/243.jpg,0.012210819,0.0060510775,0.002152356,0.009757226,0.85698014,0.0005273951,0.0021932505,0.0080861775,0.007775615,0.0029090594,0.0021566944,0.0072177076,0.0011383367,0.00033083037,0.05291902,0.01780154,0.00040258537,0.0093901735
Venezuela Angel Falls/249.jpg,0.9216139,0.00033432624,0.0043941895,0.00017370356,0.024687527,0.0008566014,0.00082455226,0.0014326405,0.020801386,0.0032133465,0.002936284,0.0015751248,0.0059981304,0.00030432272,0.0014834505,0.008672127,9.0075584e-05,0.0006085874
Venezuela Angel Falls/250.jpg,0.18491119,0.031655803,0.022402538,0.0045271195,0.02486011,0.027820738,0.027160875,0.006483633,0.045017008,0.26897222,0.019653043,0.031101502,0.08446349,0.03799967,0.053968973,0.06831056,0.03815238,0.022539116
Venezuela Angel Falls/252.jpg,0.06087884,0.06489448,0.021352928,0.047004003,0.07702232,0.09018337,0.08752562,0.046810362,0.03221595,0.047404643,0.041899115,0.077183194,0.032421958,0.07792762,0.037057415,0.046957195,0.05218925,0.05907165
Venezuela Angel Falls/253.jpg,0.091522835,0.05114249,0.00037631538,0.004975523,0.026975153,0.0006105188,0.0068080365,0.00024157207,0.007061922,0.0055118334,0.00131518,0.013608966,0.012013409,0.00039807142,0.76825684,0.007372336,0.000649998,0.0011589655
Venezuela Angel Falls/254.jpg,0.012742705,0.007514601,0.010863251,0.040511403,0.13802809,0.102208085,0.03025916,0.06664692,0.15946853,0.05553091,0.037933722,0.0105455,0.006179365,0.0033660638,0.030868443,0.06599991,0.012671303,0.20866211
Venezuela Angel Falls/255.jpg,0.4402207,0.0045377007,0.008289535,0.015744505,0.016085159,0.0148956,0.007658962,0.010888244,0.014942339,0.003862103,0.03275682,0.11902623,0.20646851,0.017411543,0.051701106,0.003976456,0.011591133,0.019943504
Venezuela Angel Falls/258.jpg,0.12380215,0.029376663,0.017194787,0.051290024,0.09982286,0.05612725,0.041339107,0.006157134,0.034127913,0.016357537,0.25866988,0.064025454,0.034743473,0.023875501,0.08218652,0.02479924,0.023078136,0.013026345
Venezuela Angel Falls/269.jpg,0.013873352,0.021475725,0.013430993,0.025849184,0.156247,0.1059719,0.026874319,0.300187,0.064043045,0.014993705,0.05652969,0.0681756,0.0069576087,0.054413125,0.0137033295,0.011878868,0.022464551,0.022930957
Venezuela Angel Falls/271.jpg,0.06349265,0.01808438,0.027785173,0.011375141,0.025505047,0.02295496,0.019417554,0.008336009,0.011198134,0.017785871,0.048065,0.042491388,0.4637414,0.039488994,0.028407656,0.0068883724,0.138141,0.0068411515
Venezuela Angel Falls/274.jpg,0.0054686875,0.0053180484,0.8317118,0.005055353,0.020229215,0.0059885187,0.007797953,0.0031616637,0.015824085,0.03206466,0.002954325,0.0013928929,0.002189705,0.001882758,0.0011717003,0.0203009,0.03608124,0.0014064012
Venezuela Angel Falls/280.jpg,0.046243295,0.14875372,0.20725463,0.01347532,0.028252987,0.02508689,0.11157742,0.061899666,0.0047307527,0.07907452,0.0075062043,0.016675731,0.033933807,0.06805654,0.017460173,0.014851457,0.1041907,0.010976145
Venezuela Angel Falls/283.jpg,0.06889098,0.023476047,0.016106106,0.07624406,0.06900107,0.11780374,0.055134512,0.040504042,0.03436572,0.037638232,0.14996801,0.064250715,0.028728236,0.041601807,0.060450695,0.032472916,0.034556743,0.048806317
Venezuela Angel Falls/295.jpg,0.27727023,0.01051868,0.0015369798,0.00090898835,0.014981759,0.0023325314,0.0004021808,0.004453946,0.05170956,0.010147781,0.0040426655,0.11144971,0.46086407,0.0012249631,0.03285506,0.007211873,0.0069096787,0.0011793096
Venezuela Angel Falls/297.jpg,0.029203067,0.006841863,0.008938931,0.05453154,0.091254056,0.051209647,0.040226113,0.011066781,0.016668037,0.04640976,0.40289173,0.033574563,0.020749079,0.03966678,0.10253093,0.0071887975,0.02149844,0.015550001
Venezuela Angel Falls/310.jpg,0.060318876,0.070362255,0.053534884,0.06417827,0.06555998,0.06961143,0.052569915,0.035363734,0.044585668,0.04767929,0.07301483,0.0590192,0.038459357,0.043371566,0.05685378,0.059528902,0.058160946,0.047826994
Venezuela Angel Falls/312.jpg,0.020527225,0.008307949,0.004023685,0.12134454,0.04462768,0.064063534,0.013931459,0.0361989,0.04700769,0.054611437,0.43197456,0.023909861,0.01130749,0.01942462,0.03109666,0.009126423,0.04747861,0.011037796
Venezuela Angel Falls/315.jpg,0.009735129,0.0009073987,0.000984041,0.033815645,0.018232329,0.08235025,0.015769357,0.0028634807,0.013754399,0.012134579,0.75167906,0.009853079,0.005828451,0.010064901,0.016202256,0.0025387332,0.010052416,0.0032345022
Venezuela Angel Falls/316.jpg,0.27303138,0.011603965,0.0022998606,0.015388498,0.14408089,0.002180463,0.007440854,0.0015111514,0.014686683,0.0024715057,0.02181954,0.15164326,0.025227822,0.0031545283,0.2958252,0.010636253,0.0011766265,0.015821405
Venezuela Angel Falls/317.jpg,0.03856897,0.021909708,0.0071219457,0.04345903,0.056956135,0.024758818,0.14344904,0.00914984,0.023385262,0.230754,0.07048237,0.022447264,0.021129156,0.08706178,0.08505992,0.020655476,0.06487373,0.028777486
Venezuela Angel Falls/321.jpg,0.09419019,0.034969244,0.015876813,0.026471453,0.01009467,0.045944143,0.11805591,0.026146755,0.011532719,0.09038768,0.01184007,0.015022898,0.20615566,0.039090592,0.04423775,0.04758784,0.13557021,0.026825452
Venezuela Angel Falls/322.jpg,0.040433142,0.0010040427,0.0066377604,0.0089534,0.69481814,0.0058428417,0.0012235914,0.07455828,0.007535482,0.013267438,0.01353651,0.012300069,0.005468856,0.00027442808,0.0022382196,0.10824518,0.0011711634,0.0024914423
Venezuela Angel Falls/325.jpg,0.034110133,0.04829307,0.032634944,0.042628,0.33850554,0.031094432,0.054265324,0.047398027,0.02028184,0.014495129,0.024261415,0.032740504,0.015317156,0.021102075,0.121747084,0.04760906,0.016999397,0.05651692
Venezuela Angel Falls/331.jpg,0.068364255,0.04722668,0.043741062,0.038024426,0.035163995,0.051562723,0.07000464,0.07538008,0.029764472,0.050376277,0.037996635,0.06745081,0.10678567,0.0636565,0.052595735,0.029246287,0.08348138,0.049178325
Venezuela Angel Falls/336.jpg,0.045933064,0.0109865,0.019373046,0.07598195,0.07208413,0.07574963,0.058910858,0.026114743,0.03432733,0.03368116,0.32394356,0.03854757,0.031148696,0.03936821,0.04481697,0.016135577,0.02794634,0.02495062
Venezuela Angel Falls/342.jpg,0.040874403,0.05042206,0.014950496,0.053223453,0.07100369,0.09768458,0.13648121,0.02324327,0.044429142,0.058388207,0.035379775,0.040521596,0.0405665,0.04874861,0.059696496,0.06878683,0.057526316,0.058073387
Venezuela Angel Falls/343.jpg,0.05799149,0.07191158,0.060880575,0.06083693,0.07805655,0.062037546,0.062329557,0.037587658,0.03905204,0.044210568,0.06313586,0.05664561,0.035636403,0.05070511,0.05029195,0.060010936,0.065352544,0.043327063
Venezuela Angel Falls/345.jpg,0.45468622,0.054227572,0.0077053476,0.018425252,0.083018154,0.016566256,0.025132157,0.0033107402,0.014622002,0.018881584,0.008870607,0.039968178,0.01896635,0.008282165,0.14126988,0.0744963,0.004307792,0.0072632628
Venezuela Angel Falls/349.jpg,0.06975923,0.010902633,0.4269771,0.013361578,0.18830283,0.03103717,0.01643541,0.0067665684,0.04258936,0.048381954,0.006097641,0.007085429,0.0073302537,0.009453827,0.005314872,0.07676082,0.019034283,0.014409027
Venezuela Angel Falls/352.jpg,0.029708197,0.09862203,0.014376118,0.052336745,0.14997622,0.03563391,0.026974266,0.08139198,0.09468935,0.13156837,0.029684726,0.042848174,0.016843949,0.014572883,0.046985444,0.054816335,0.01625492,0.06271643
Venezuela Angel Falls/363.jpg,0.025727496,0.021395259,0.01685666,0.044224128,0.02628234,0.047172587,0.26424202,0.013993126,0.012222222,0.11073165,0.01618094,0.009482757,0.056637887,0.034822315,0.034660142,0.035846144,0.21273208,0.016790261
Venezuela Angel Falls/366.jpg,0.116016574,0.0609772,0.04133124,0.05145954,0.06593908,0.052795347,0.04651542,0.025216877,0.041595634,0.03995447,0.060623303,0.07023985,0.053480763,0.036533646,0.079669915,0.080236755,0.03881768,0.0385967
Venezuela Angel Falls/373.jpg,0.0952591,0.06274184,0.05259846,0.046663497,0.044397105,0.05850214,0.053164177,0.04498727,0.051215146,0.10198677,0.045823865,0.055330746,0.033053935,0.045913015,0.03083494,0.07745338,0.058224037,0.041850623
Venezuela Angel Falls/376.jpg,0.014963218,0.0033628754,0.00535359,0.0038040646,0.8588304,0.0022225794,0.0016903117,0.025783015,0.006998588,0.0016826367,0.001801874,0.006997703,0.0029243329,0.0009989727,0.028925376,0.027387988,0.0012040066,0.0050684502
Venezuela Angel Falls/378.jpg,0.4525251,0.07743572,0.010900139,0.022199523,0.051270854,0.009035901,0.011099231,0.00092499115,0.0069726575,0.018356461,0.015189846,0.06677877,0.02403058,0.011006857,0.19802694,0.015246647,0.003389961,0.0056099035
Venezuela Angel Falls/383.jpg,0.8300835,0.00827916,0.0044472073,0.0013565546,0.0038073114,0.00082818686,0.0030498065,0.0004912335,0.0064585833,0.0024168107,0.0029556595,0.051641043,0.042763337,0.0014177887,0.028707491,0.005927235,0.0008333041,0.004535818
Venezuela Angel Falls/389.jpg,0.025051167,0.027622208,0.008884441,0.098709606,0.099193715,0.099823624,0.112679176,0.016321808,0.029678164,0.059395973,0.14980452,0.047644492,0.011994791,0.055054322,0.05838407,0.023250107,0.04014069,0.036367152
Venezuela Angel Falls/395.jpg,0.07260819,0.006354731,0.0072600096,0.050034974,0.220636,0.02802718,0.024802547,0.006341219,0.02920592,0.008465887,0.13252714,0.08051229,0.04182231,0.013184373,0.20839341,0.015414623,0.0054790718,0.048930053
Venezuela Angel Falls/402.jpg,0.03274142,0.024532948,0.00809101,0.101470344,0.074608594,0.077603996,0.023481773,0.039564196,0.060681257,0.07363798,0.25111678,0.030594742,0.0145404115,0.020590993,0.064474225,0.023474773,0.041048724,0.0377458
Venezuela Angel Falls/403.jpg,0.1588459,0.05023921,0.014784525,0.020945067,0.019961799,0.015370273,0.020696653,0.0048412764,0.039050218,0.05003429,0.040850643,0.08773817,0.13985072,0.027512645,0.2502994,0.01964272,0.01850795,0.02082853
