feature,pathname
Antarctica,Antarctica/1.antarctica-stabbing-1_600.jpg
Antarctica,Antarctica/10.Surprising-Science-Antarctica-Ice-Sheets.jpg
Antarctica,Antarctica/10.jpg
Antarctica,Antarctica/102.jpg
Antarctica,Antarctica/103.jpg
Antarctica,Antarctica/104.jpg
Antarctica,Antarctica/105.jpg
Antarctica,Antarctica/108.jpg
Antarctica,Antarctica/109.jpg
Antarctica,Antarctica/11.AntarcticIceLossFasterOfCourse_600.jpg
Antarctica,Antarctica/11.jpg
Antarctica,Antarctica/110.jpeg
Antarctica,Antarctica/111.jpg
Antarctica,Antarctica/112.jpg
Antarctica,Antarctica/113.jpg
Antarctica,Antarctica/114.jpg
Antarctica,Antarctica/115.jpg
Antarctica,Antarctica/116.jpg
Antarctica,Antarctica/117.jpg
Antarctica,Antarctica/118.jpg
Antarctica,Antarctica/119.jpeg
Antarctica,Antarctica/12.antarctica-fun-facts.jpg
Antarctica,Antarctica/12.jpg
Antarctica,Antarctica/120.jpg
Antarctica,Antarctica/122.jpg
Antarctica,Antarctica/124.jpg
Antarctica,Antarctica/125.jpg
Antarctica,Antarctica/126.jpg
Antarctica,Antarctica/127.jpg
Antarctica,Antarctica/13.jpg
Antarctica,Antarctica/13.things-to-do-in-antarctica-header.jpg
Antarctica,Antarctica/130.jpg
Antarctica,Antarctica/131.jpg
Antarctica,Antarctica/133.jpg
Antarctica,Antarctica/135.jpg
Antarctica,Antarctica/137.jpg
Antarctica,Antarctica/138.jpg
Antarctica,Antarctica/14.antarctica_x400_31.jpg
Antarctica,Antarctica/14.jpg
Antarctica,Antarctica/140.jpg
Antarctica,Antarctica/141.jpg
Antarctica,Antarctica/142.jpg
Antarctica,Antarctica/143.jpg
Antarctica,Antarctica/144.jpg
Antarctica,Antarctica/145.jpg
Antarctica,Antarctica/147.jpg
Antarctica,Antarctica/148.jpg
Antarctica,Antarctica/149.jpg
Antarctica,Antarctica/15.db-316-antarctica-085-229.2e16d0ba.fill-1200x600-c100.jpg
Antarctica,Antarctica/150.jpg
Antarctica,Antarctica/152.jpg
Antarctica,Antarctica/153.jpg
Antarctica,Antarctica/154.jpg
Antarctica,Antarctica/155.jpeg
Antarctica,Antarctica/156.jpg
Antarctica,Antarctica/157.jpg
Antarctica,Antarctica/158.jpg
Antarctica,Antarctica/159.jpg
Antarctica,Antarctica/16.GettyImages-606351845-7730733.jpg
Antarctica,Antarctica/16.jpg
Antarctica,Antarctica/160.jpg
Antarctica,Antarctica/162.jpg
Antarctica,Antarctica/163.jpg
Antarctica,Antarctica/164.jpg
Antarctica,Antarctica/166.jpg
Antarctica,Antarctica/168.jpg
Antarctica,Antarctica/17.jpg
Antarctica,Antarctica/17.large_4iuCynIQpFSDYSowt5OAmCvhpmVCExhyBOOi-ob_FSo.jpg
Antarctica,Antarctica/170.jpg
Antarctica,Antarctica/171.jpg
Antarctica,Antarctica/172.jpg
Antarctica,Antarctica/173.jpg
Antarctica,Antarctica/175.jpg
Antarctica,Antarctica/176.jpg
Antarctica,Antarctica/177.jpeg
Antarctica,Antarctica/178.jpg
Antarctica,Antarctica/179.jpg
Antarctica,Antarctica/18.0.84880400_1551251156_67.jpg
Antarctica,Antarctica/18.jpg
Antarctica,Antarctica/180.jpg
Antarctica,Antarctica/182.jpg
Antarctica,Antarctica/184.jpg
Antarctica,Antarctica/185.jpg
Antarctica,Antarctica/188.jpg
Antarctica,Antarctica/189.jpg
Antarctica,Antarctica/19.antarctica-eight-incredible-whales.jpg
Antarctica,Antarctica/190.jpg
Antarctica,Antarctica/194.jpg
Antarctica,Antarctica/195.jpg
Antarctica,Antarctica/196.jpg
Antarctica,Antarctica/198.jpg
Antarctica,Antarctica/2.GettyImages-1007206866-ef4f1ee.jpg
Antarctica,Antarctica/2.jpg
Antarctica,Antarctica/20.antarctica.jpg
Antarctica,Antarctica/20.jpg
Antarctica,Antarctica/200.jpg
Antarctica,Antarctica/203.jpg
Antarctica,Antarctica/204.jpg
Antarctica,Antarctica/206.jpg
Antarctica,Antarctica/207.jpg
Antarctica,Antarctica/209.jpg
Antarctica,Antarctica/21.826-antarctica-ice-sea-level_600.jpg
Antarctica,Antarctica/21.jpg
Antarctica,Antarctica/211.jpg
Antarctica,Antarctica/212.jpg
Antarctica,Antarctica/213.jpg
Antarctica,Antarctica/214.jpg
Antarctica,Antarctica/219.jpg
Antarctica,Antarctica/22.CROP-Antarctica-waterfall.jpg
Antarctica,Antarctica/22.jpg
Antarctica,Antarctica/220.jpg
Antarctica,Antarctica/222.jpg
Antarctica,Antarctica/227.jpg
Antarctica,Antarctica/23.0416_Antarctic_ice_980-980x365.jpg
Antarctica,Antarctica/23.jpg
Antarctica,Antarctica/230.jpg
Antarctica,Antarctica/233.jpg
Antarctica,Antarctica/24.17cli-antarctica3-facebookJumbo.jpg
Antarctica,Antarctica/24.jpg
Antarctica,Antarctica/25.Header-wild-antarctica-greg-mortimer-ship.jpg
Antarctica,Antarctica/25.jpg
Antarctica,Antarctica/26.Top-Antarctica-Tips.jpg
Antarctica,Antarctica/26.jpg
Antarctica,Antarctica/27.Dream-Journeys-Antarctica-header.jpg
Antarctica,Antarctica/27.jpg
Antarctica,Antarctica/28.1294209-575619-34.jpg
Antarctica,Antarctica/28.jpg
Antarctica,Antarctica/29.jpg
Antarctica,Antarctica/29.large_ZHb8WQ_B7uOlh05ciZdcBMXsuZJG7flGkp04cx2Qi2s.jpg
Antarctica,Antarctica/3.jpg
Antarctica,Antarctica/3.lemaire-channel-antarctica-genna-roland2.jpg
Antarctica,Antarctica/30.https_3A_2F_2Fblogs-images.forbes.com_2Ftrevornace_2Ffiles_2F2018_2F10_2FDpuMLroXUAAtKPc.jpg
Antarctica,Antarctica/30.jpg
Antarctica,Antarctica/31.560x250.jpg
Antarctica,Antarctica/32.antarctica-photography-drybag.jpg
Antarctica,Antarctica/33.jpg
Antarctica,Antarctica/33.southern-ocean-approaching-antarctica_oliver-dodd-cc-by-20.jpg
Antarctica,Antarctica/34.antarctica21-header-1-nvqbi0qpawafl1qtdkt9ljtugfg787s86vd6hojku0.jpg
Antarctica,Antarctica/34.jpg
Antarctica,Antarctica/35.acacia-johnson-women-antarctica-01.jpg
Antarctica,Antarctica/35.jpeg
Antarctica,Antarctica/36.jpg
Antarctica,Antarctica/36.quark-passengers-kayaking-antarctica-ocean-diamond.jpg
Antarctica,Antarctica/37.5ae87c4e19ee861f008b470a-750-375.jpg
Antarctica,Antarctica/37.jpg
Antarctica,Antarctica/38.jpg
Antarctica,Antarctica/39.ant_icesculpture_ist_179295937.jpg
Antarctica,Antarctica/39.jpg
Antarctica,Antarctica/4.jpg
Antarctica,Antarctica/4.zodiac-105-1.jpg
Antarctica,Antarctica/40.istock1046422582_antarctica_cruising_800x2400.jpg
Antarctica,Antarctica/40.jpg
Antarctica,Antarctica/41.header-antarctica-2018-19-header.jpg
Antarctica,Antarctica/41.jpg
Antarctica,Antarctica/42.jpg
Antarctica,Antarctica/42.silversea-luxury-cruises-East-Antarctica-Ross-Sea1.jpg
Antarctica,Antarctica/43.antarctica-22439085-1366368486-WideInspirationalPhoto1170.jpg
Antarctica,Antarctica/43.jpg
Antarctica,Antarctica/44.1-1.jpg
Antarctica,Antarctica/44.jpg
Antarctica,Antarctica/45.Getz-ice-shelf-antarctica-900_Pierre-Dutrieux.jpg
Antarctica,Antarctica/45.jpg
Antarctica,Antarctica/46.jpg
Antarctica,Antarctica/46.large_wjBlkqXZYKBDLm6sgbaz2i8uPlOtzGbtLOAd4Xxg33I.jpg
Antarctica,Antarctica/47.Antarctica-Camp-View-001-David-Merron-601147.jpg
Antarctica,Antarctica/47.jpg
Antarctica,Antarctica/48.classic-antarctica-mh.jpg
Antarctica,Antarctica/48.jpg
Antarctica,Antarctica/49.jpg
Antarctica,Antarctica/5.classic-antarctica-zodiac-guide-iceberg-mh.jpg
Antarctica,Antarctica/5.jpg
Antarctica,Antarctica/50.james-rathmell-511812-unsplash-1-38ql3xq8vosihjgz4gd2ww.jpg
Antarctica,Antarctica/50.jpg
Antarctica,Antarctica/51.antarctica-getty-2.jpg
Antarctica,Antarctica/51.jpg
Antarctica,Antarctica/52.shutterstock_1157599894.jpg
Antarctica,Antarctica/53.antarctica.jpg
Antarctica,Antarctica/54.Whale-Watching-4-Humpback-Whales-Antarctica.jpg
Antarctica,Antarctica/54.jpg
Antarctica,Antarctica/55.2500x1250-iceberg-neko-harbour-antarktis-karsten-bidstrup.jpg
Antarctica,Antarctica/55.jpg
Antarctica,Antarctica/56.5f32f9e53c7f38fc5fcf851f34899d9b-wpv_1200x600_center_center.jpg
Antarctica,Antarctica/57.jpg
Antarctica,Antarctica/57.tzoo.10109.0.884501.Antarctica-GettyImages--RF-641211734.jpg
Antarctica,Antarctica/58.antarctica-14.jpg
Antarctica,Antarctica/58.jpg
Antarctica,Antarctica/59.antarctica-by-drone-touring-the.jpg
Antarctica,Antarctica/59.jpg
Antarctica,Antarctica/6.antarctica-kara-weller-eclipse-blog.jpg
Antarctica,Antarctica/6.jpg
Antarctica,Antarctica/60.Antarctica-Iceberg-001-David-Merron-600159.jpg
Antarctica,Antarctica/60.jpg
Antarctica,Antarctica/61.5a7c814281551b36008b45c0-750-375.jpg
Antarctica,Antarctica/61.jpg
Antarctica,Antarctica/62.Antarctica-Ice.jpg
Antarctica,Antarctica/62.jpg
Antarctica,Antarctica/63.antarctica21-header-5-nvqbkdc6dzi8lybxnldotyhbx3v8gz42ii2vol25a0.jpg
Antarctica,Antarctica/63.jpg
Antarctica,Antarctica/64.7d1ddf4c-weddell-9-750x375.jpg
Antarctica,Antarctica/64.jpg
Antarctica,Antarctica/65.aecc0185309f3da3fb2e009426704529.jpg
Antarctica,Antarctica/65.jpg
Antarctica,Antarctica/66.Mount-Vinson-Antarctica-800x380.jpg
Antarctica,Antarctica/66.jpg
Antarctica,Antarctica/68.1500x450.1561567601.jpg
Antarctica,Antarctica/68.jpg
Antarctica,Antarctica/69.Antarctica-1-e1529084177467.jpg
Antarctica,Antarctica/69.jpg
Antarctica,Antarctica/7._r7d5249_2013-01-08-at-16-44-57_hdr.jpg
Antarctica,Antarctica/7.jpg
Antarctica,Antarctica/70.antarctica1_featured.jpg
Antarctica,Antarctica/70.jpg
Antarctica,Antarctica/71.jpg
Antarctica,Antarctica/71.silversea-antarctica-cruise-leopard-seal.jpg
Antarctica,Antarctica/72.20160102-1u2a2735-samantha-crimmin.jpg
Antarctica,Antarctica/72.jpg
Antarctica,Antarctica/73.example_trip__Iceberg_1-525x240-cc.jpg
Antarctica,Antarctica/73.jpg
Antarctica,Antarctica/74.IMG_0507.jpg
Antarctica,Antarctica/74.jpg
Antarctica,Antarctica/75.1_image-1.jpg
Antarctica,Antarctica/75.jpg
Antarctica,Antarctica/76.ant_travilers_p1140739-1.jpg
Antarctica,Antarctica/76.jpg
Antarctica,Antarctica/77.5022713021974401238042802144382840526077952n-882434920_6.jpg
Antarctica,Antarctica/77.jpg
Antarctica,Antarctica/78.jpg
Antarctica,Antarctica/79.jpg
Antarctica,Antarctica/79.mission-antarctica.jpg
Antarctica,Antarctica/8.antarctica-hero-1400x500.jpg
Antarctica,Antarctica/8.jpeg
Antarctica,Antarctica/80.file-20180809-30446-cko92d.JPG
Antarctica,Antarctica/80.jpg
Antarctica,Antarctica/81.3-glaciers-camp.jpg
Antarctica,Antarctica/82.2_Antarctica-MS-fram-ship-paradise-bay.jpg
Antarctica,Antarctica/82.jpg
Antarctica,Antarctica/83.180619-antarctica-mn-0935_af98c167744a9e10be2dd75457464061.nbcnews-fp-1024-512.jpg
Antarctica,Antarctica/84.info-antarctic-hero-675-675x300.jpg
Antarctica,Antarctica/84.jpg
Antarctica,Antarctica/85.Antarctica_NekoHarbour_GentooPenguinZodiacs_18_AW_AE_SPE_2575.jpg
Antarctica,Antarctica/85.jpg
Antarctica,Antarctica/86.017-antarctica_600.jpg
Antarctica,Antarctica/86.jpg
Antarctica,Antarctica/87.jpg
Antarctica,Antarctica/88.1-172753lcarousel-940x338.jpg
Antarctica,Antarctica/88.jpg
Antarctica,Antarctica/9.jpg
Antarctica,Antarctica/9.wsfb_antarctica_20_event.jpg
Antarctica,Antarctica/90.jpg
Antarctica,Antarctica/91.jpg
Antarctica,Antarctica/92.jpg
Antarctica,Antarctica/93.jpg
Antarctica,Antarctica/94.jpg
Antarctica,Antarctica/95.jpg
Antarctica,Antarctica/96.jpg
Antarctica,Antarctica/98.jpg
Burj Khalifa - UAE,Burj Khalifa - UAE/10.burj-header-963x400.jpg
Burj Khalifa - UAE,Burj Khalifa - UAE/10.jpeg
Burj Khalifa - UAE,Burj Khalifa - UAE/100.jpg
Burj Khalifa - UAE,Burj Khalifa - UAE/101.jpg
Burj Khalifa - UAE,Burj Khalifa - UAE/103.jpg
Burj Khalifa - UAE,Burj Khalifa - UAE/106.jpg
Burj Khalifa - UAE,Burj Khalifa - UAE/107.jpg
Burj Khalifa - UAE,Burj Khalifa - UAE/108.jpg
Burj Khalifa - UAE,Burj Khalifa - UAE/109.jpg
Burj Khalifa - UAE,Burj Khalifa - UAE/11.jpg
Burj Khalifa - UAE,Burj Khalifa - UAE/11.photo.jpg
Burj Khalifa - UAE,Burj Khalifa - UAE/110.jpg
Burj Khalifa - UAE,Burj Khalifa - UAE/111.jpeg
Burj Khalifa - UAE,Burj Khalifa - UAE/112.jpg
Burj Khalifa - UAE,Burj Khalifa - UAE/113.jpg
Burj Khalifa - UAE,Burj Khalifa - UAE/115.jpg
Burj Khalifa - UAE,Burj Khalifa - UAE/116.jpg
Burj Khalifa - UAE,Burj Khalifa - UAE/117.jpg
Burj Khalifa - UAE,Burj Khalifa - UAE/12.burj-khalifa-hero.jpg
Burj Khalifa - UAE,Burj Khalifa - UAE/12.jpg
Burj Khalifa - UAE,Burj Khalifa - UAE/13.82782857-dubai-united-arab-emirates-02-02-2017-the-burj-khalifa-silhouette-and-dubai-mall-against-a-beautiful.jpg
Burj Khalifa - UAE,Burj Khalifa - UAE/13.jpg
Burj Khalifa - UAE,Burj Khalifa - UAE/14.dubai-skyline-jumeira-beach-rooftop-burj-khalifa-UAE-night-cityscape-skyline-skyscrapers-downtown-city-of-gold-image-copyright-paul-reiffer-no-reproduction-permitted.jpg
Burj Khalifa - UAE,Burj Khalifa - UAE/14.jpg
Burj Khalifa - UAE,Burj Khalifa - UAE/15.jpg
Burj Khalifa - UAE,Burj Khalifa - UAE/16.Burj-Header_1_800.jpg
Burj Khalifa - UAE,Burj Khalifa - UAE/16.jpg
Burj Khalifa - UAE,Burj Khalifa - UAE/17.dubai-uae-december-burj-khalifa-surrounded-dubai-downtown-towers-night-71490783.jpg
Burj Khalifa - UAE,Burj Khalifa - UAE/17.jpeg
Burj Khalifa - UAE,Burj Khalifa - UAE/18.At-the-Top-Burj-Khalifa-1.jpg
Burj Khalifa - UAE,Burj Khalifa - UAE/18.jpg
Burj Khalifa - UAE,Burj Khalifa - UAE/19.burj-960x480.jpg
Burj Khalifa - UAE,Burj Khalifa - UAE/2.burj-khalifa.jpg
Burj Khalifa - UAE,Burj Khalifa - UAE/2.jpg
Burj Khalifa - UAE,Burj Khalifa - UAE/21.8322388716_862984fea2_b.jpg
Burj Khalifa - UAE,Burj Khalifa - UAE/21.jpg
Burj Khalifa - UAE,Burj Khalifa - UAE/22.dubai-skyline-early-morning-with-the-sun-on-burj-khalifa-skyscraper-united-arab-emirates-uae-nl-MGGBC2.jpg
Burj Khalifa - UAE,Burj Khalifa - UAE/22.jpg
Burj Khalifa - UAE,Burj Khalifa - UAE/23.jpg
Burj Khalifa - UAE,Burj Khalifa - UAE/24.67eba025c394151df7a6fb74b8cf29d3.jpg
Burj Khalifa - UAE,Burj Khalifa - UAE/24.jpg
Burj Khalifa - UAE,Burj Khalifa - UAE/25.Large_33712.jpg
Burj Khalifa - UAE,Burj Khalifa - UAE/26.burj-khalifa-dubai-fi-670x300.jpg
Burj Khalifa - UAE,Burj Khalifa - UAE/27.jpg
Burj Khalifa - UAE,Burj Khalifa - UAE/28.119522_shangrila-city-view_001.jpg
Burj Khalifa - UAE,Burj Khalifa - UAE/29.burj-4.jpg
Burj Khalifa - UAE,Burj Khalifa - UAE/29.jpg
Burj Khalifa - UAE,Burj Khalifa - UAE/3.32395353754_ea0ff3d3ca_b.jpg
Burj Khalifa - UAE,Burj Khalifa - UAE/3.jpg
Burj Khalifa - UAE,Burj Khalifa - UAE/30.jpg
Burj Khalifa - UAE,Burj Khalifa - UAE/31.jpg
Burj Khalifa - UAE,Burj Khalifa - UAE/32.571702213_Burj_20Kkhalifa_20-_20UAE.jpg
Burj Khalifa - UAE,Burj Khalifa - UAE/32.jpg
Burj Khalifa - UAE,Burj Khalifa - UAE/33.Burj-Khalifa-Will-Light-up-with-the-Philippine-Flag-Today-770x337.jpg
Burj Khalifa - UAE,Burj Khalifa - UAE/33.jpg
Burj Khalifa - UAE,Burj Khalifa - UAE/34.jpg
Burj Khalifa - UAE,Burj Khalifa - UAE/35.jpg
Burj Khalifa - UAE,Burj Khalifa - UAE/36.What-you-can-learn-from-the-Burj-Khalifa-630x315.jpg
Burj Khalifa - UAE,Burj Khalifa - UAE/36.jpg
Burj Khalifa - UAE,Burj Khalifa - UAE/38.jpg
Burj Khalifa - UAE,Burj Khalifa - UAE/4.80923972-dubai-skyline-burj-khalifa-skyscraper-panorama-panoramic-aerial-view-photography-uae.jpg
Burj Khalifa - UAE,Burj Khalifa - UAE/4.jpg
Burj Khalifa - UAE,Burj Khalifa - UAE/40.burj-860x430.jpg
Burj Khalifa - UAE,Burj Khalifa - UAE/40.jpg
Burj Khalifa - UAE,Burj Khalifa - UAE/43.burj-khalifa-LEGO1016.jpg
Burj Khalifa - UAE,Burj Khalifa - UAE/44.canada-flag-burj-khalifa-july-1-timings-770x337.jpg
Burj Khalifa - UAE,Burj Khalifa - UAE/46.8400306233_1baf058295_b.jpg
Burj Khalifa - UAE,Burj Khalifa - UAE/46.jpg
Burj Khalifa - UAE,Burj Khalifa - UAE/47.jpg
Burj Khalifa - UAE,Burj Khalifa - UAE/49.jpg
Burj Khalifa - UAE,Burj Khalifa - UAE/5.burj-khalifa.jpg
Burj Khalifa - UAE,Burj Khalifa - UAE/5.jpg
Burj Khalifa - UAE,Burj Khalifa - UAE/50.8998ac8efd169f79c2e5e3edd7299b89.jpg
Burj Khalifa - UAE,Burj Khalifa - UAE/50.jpg
Burj Khalifa - UAE,Burj Khalifa - UAE/51.burj-khalifa_wallpaper_006-660x330.jpg
Burj Khalifa - UAE,Burj Khalifa - UAE/51.jpg
Burj Khalifa - UAE,Burj Khalifa - UAE/52.jpg
Burj Khalifa - UAE,Burj Khalifa - UAE/53.UAE-things-to-know-dubai-burj-khalifa.jpg
Burj Khalifa - UAE,Burj Khalifa - UAE/53.jpg
Burj Khalifa - UAE,Burj Khalifa - UAE/55.jpg
Burj Khalifa - UAE,Burj Khalifa - UAE/56.image9.jpg
Burj Khalifa - UAE,Burj Khalifa - UAE/56.jpeg
Burj Khalifa - UAE,Burj Khalifa - UAE/57.1-burj-khalifa-in-dubai-uae-ivan-batinic.jpg
Burj Khalifa - UAE,Burj Khalifa - UAE/57.jpg
Burj Khalifa - UAE,Burj Khalifa - UAE/58.jpg
Burj Khalifa - UAE,Burj Khalifa - UAE/59.burj-laser-featured-963x400.jpg
Burj Khalifa - UAE,Burj Khalifa - UAE/6.dubai-skyline-burj-khalifa-skyscraper-panorama-panoramic-aerial-view-K10XM2.jpg
Burj Khalifa - UAE,Burj Khalifa - UAE/6.jpg
Burj Khalifa - UAE,Burj Khalifa - UAE/60.jpg
Burj Khalifa - UAE,Burj Khalifa - UAE/61.jpg
Burj Khalifa - UAE,Burj Khalifa - UAE/61.unnamed-file-660x330.jpg
Burj Khalifa - UAE,Burj Khalifa - UAE/62.hnyMAIN.jpg
Burj Khalifa - UAE,Burj Khalifa - UAE/63.top.jpg
Burj Khalifa - UAE,Burj Khalifa - UAE/64.burj_khalifa_a_place_architects_must_visit.jpg
Burj Khalifa - UAE,Burj Khalifa - UAE/64.jpg
Burj Khalifa - UAE,Burj Khalifa - UAE/65.burjkhalifa.jpg
Burj Khalifa - UAE,Burj Khalifa - UAE/65.jpg
Burj Khalifa - UAE,Burj Khalifa - UAE/66.jpg
Burj Khalifa - UAE,Burj Khalifa - UAE/67.jpg
Burj Khalifa - UAE,Burj Khalifa - UAE/68.feb4274796d93ff716e9650163a77fb8_XL.jpg
Burj Khalifa - UAE,Burj Khalifa - UAE/68.jpg
Burj Khalifa - UAE,Burj Khalifa - UAE/69.GettyImages-952843738_HR-resized.jpg
Burj Khalifa - UAE,Burj Khalifa - UAE/69.jpg
Burj Khalifa - UAE,Burj Khalifa - UAE/7.jpg
Burj Khalifa - UAE,Burj Khalifa - UAE/70.jpg
Burj Khalifa - UAE,Burj Khalifa - UAE/71.f9d9b91d-874e-48bd-bb9f-dace6d28e9c9Burj-Khalifa.jpg
Burj Khalifa - UAE,Burj Khalifa - UAE/73.jpg
Burj Khalifa - UAE,Burj Khalifa - UAE/75.jpg
Burj Khalifa - UAE,Burj Khalifa - UAE/76.jpg
Burj Khalifa - UAE,Burj Khalifa - UAE/77.jpg
Burj Khalifa - UAE,Burj Khalifa - UAE/78.jpg
Burj Khalifa - UAE,Burj Khalifa - UAE/8.761271196_Burj_20Kkhalifa_202_20-_20UAE.jpg
Burj Khalifa - UAE,Burj Khalifa - UAE/8.jpg
Burj Khalifa - UAE,Burj Khalifa - UAE/80.jpg
Burj Khalifa - UAE,Burj Khalifa - UAE/81.jpg
Burj Khalifa - UAE,Burj Khalifa - UAE/83.jpg
Burj Khalifa - UAE,Burj Khalifa - UAE/84.794-4323.jpg
Burj Khalifa - UAE,Burj Khalifa - UAE/84.jpg
Burj Khalifa - UAE,Burj Khalifa - UAE/86.Burj-Khalifa.jpg
Burj Khalifa - UAE,Burj Khalifa - UAE/86.jpg
Burj Khalifa - UAE,Burj Khalifa - UAE/87.jpg
Burj Khalifa - UAE,Burj Khalifa - UAE/87.view-dubai-skyscraper-burj-khalifa-260nw-260050316.jpg
Burj Khalifa - UAE,Burj Khalifa - UAE/88.Image-2-750x350.jpg
Burj Khalifa - UAE,Burj Khalifa - UAE/9.jpg
Burj Khalifa - UAE,Burj Khalifa - UAE/90.chinese-new-year-on-burj-khalifa.jpg
Burj Khalifa - UAE,Burj Khalifa - UAE/90.jpg
Burj Khalifa - UAE,Burj Khalifa - UAE/91.burj-khalifa-day-view.jpg
Burj Khalifa - UAE,Burj Khalifa - UAE/91.jpg
Burj Khalifa - UAE,Burj Khalifa - UAE/92.jpg
Burj Khalifa - UAE,Burj Khalifa - UAE/93.jpg
Burj Khalifa - UAE,Burj Khalifa - UAE/94.jpg
Burj Khalifa - UAE,Burj Khalifa - UAE/95.jpg
Burj Khalifa - UAE,Burj Khalifa - UAE/96.jpeg
Burj Khalifa - UAE,Burj Khalifa - UAE/97.jpg
Burj Khalifa - UAE,Burj Khalifa - UAE/98.jpg
Chich-n Itz - Mexico,Chich-n Itz - Mexico/1.castillo-view.jpg
Chich-n Itz - Mexico,Chich-n Itz - Mexico/10.chichen_20itza_201_3337.jpg
Chich-n Itz - Mexico,Chich-n Itz - Mexico/100.jpg
Chich-n Itz - Mexico,Chich-n Itz - Mexico/101.jpg
Chich-n Itz - Mexico,Chich-n Itz - Mexico/103.jpg
Chich-n Itz - Mexico,Chich-n Itz - Mexico/11.jpg
Chich-n Itz - Mexico,Chich-n Itz - Mexico/12.jpg
Chich-n Itz - Mexico,Chich-n Itz - Mexico/12.kukulkan-pyramid-archeological-site-chichen-260nw-480948610.jpg
Chich-n Itz - Mexico,Chich-n Itz - Mexico/13.chichen-itza-pyramid-and-elegant-young-woman-walking-in-the-sunset-with-dramatic-clouded-sky-in-background-RDX6GP.jpg
Chich-n Itz - Mexico,Chich-n Itz - Mexico/13.jpg
Chich-n Itz - Mexico,Chich-n Itz - Mexico/14.10-facts-about-Chichen-Itza-1.jpg
Chich-n Itz - Mexico,Chich-n Itz - Mexico/14.jpg
Chich-n Itz - Mexico,Chich-n Itz - Mexico/15.ancient-cancun-maya-mayan-wallpaper-thumb.jpg
Chich-n Itz - Mexico,Chich-n Itz - Mexico/15.jpg
Chich-n Itz - Mexico,Chich-n Itz - Mexico/16.chichen-itza-5643584.jpg
Chich-n Itz - Mexico,Chich-n Itz - Mexico/16.jpg
Chich-n Itz - Mexico,Chich-n Itz - Mexico/17.jpg
Chich-n Itz - Mexico,Chich-n Itz - Mexico/18.a29a86be1590c11ded93d884e0b91d62.jpg
Chich-n Itz - Mexico,Chich-n Itz - Mexico/19.jpg
Chich-n Itz - Mexico,Chich-n Itz - Mexico/2.AtractivoGrande_2352019081130.jpg
Chich-n Itz - Mexico,Chich-n Itz - Mexico/2.jpg
Chich-n Itz - Mexico,Chich-n Itz - Mexico/20.Chichen-Itza-770x305.jpg
Chich-n Itz - Mexico,Chich-n Itz - Mexico/20.jpg
Chich-n Itz - Mexico,Chich-n Itz - Mexico/21.jpg
Chich-n Itz - Mexico,Chich-n Itz - Mexico/21.mexico-yucatan-state-maya-site-of-chichen-itza-A82EPC.jpg
Chich-n Itz - Mexico,Chich-n Itz - Mexico/22.jpg
Chich-n Itz - Mexico,Chich-n Itz - Mexico/23.el-castillo-kukulkan-pyramid-chichen-itza-mayan-ruins-yucatan-mexico-A9AHNJ.jpg
Chich-n Itz - Mexico,Chich-n Itz - Mexico/23.jpg
Chich-n Itz - Mexico,Chich-n Itz - Mexico/24.jpg
Chich-n Itz - Mexico,Chich-n Itz - Mexico/25.jpg
Chich-n Itz - Mexico,Chich-n Itz - Mexico/26.jpg
Chich-n Itz - Mexico,Chich-n Itz - Mexico/27.istock_481900347_mexico_maya_ruins_uxmal_letterbox.jpg
Chich-n Itz - Mexico,Chich-n Itz - Mexico/27.png
Chich-n Itz - Mexico,Chich-n Itz - Mexico/28.1800px-Chich_C3_A9n_Itz_C3_A1-banner.jpg
Chich-n Itz - Mexico,Chich-n Itz - Mexico/28.jpg
Chich-n Itz - Mexico,Chich-n Itz - Mexico/29.best-ruins-chichen-itza-770.jpg
Chich-n Itz - Mexico,Chich-n Itz - Mexico/29.jpg
Chich-n Itz - Mexico,Chich-n Itz - Mexico/3.IMG_7397-940x400.jpg
Chich-n Itz - Mexico,Chich-n Itz - Mexico/3.jpg
Chich-n Itz - Mexico,Chich-n Itz - Mexico/30.Mexico.jpg
Chich-n Itz - Mexico,Chich-n Itz - Mexico/31.jpg
Chich-n Itz - Mexico,Chich-n Itz - Mexico/32.jpg
Chich-n Itz - Mexico,Chich-n Itz - Mexico/33.jpg
Chich-n Itz - Mexico,Chich-n Itz - Mexico/33.pyramid-kukulkan-amnd-square-with-dry-grass-in-chichen-itza-mexico-KY78N8.jpg
Chich-n Itz - Mexico,Chich-n Itz - Mexico/34.9414281850_51483a3a9a_b.jpg
Chich-n Itz - Mexico,Chich-n Itz - Mexico/34.jpg
Chich-n Itz - Mexico,Chich-n Itz - Mexico/35.25973413291_9d2e1a20b6_z.jpg
Chich-n Itz - Mexico,Chich-n Itz - Mexico/35.jpg
Chich-n Itz - Mexico,Chich-n Itz - Mexico/36.jpg
Chich-n Itz - Mexico,Chich-n Itz - Mexico/37.jpg
Chich-n Itz - Mexico,Chich-n Itz - Mexico/38.jpg
Chich-n Itz - Mexico,Chich-n Itz - Mexico/39.jpg
Chich-n Itz - Mexico,Chich-n Itz - Mexico/4.8190846ec24de54e5cb2d76.jpg
Chich-n Itz - Mexico,Chich-n Itz - Mexico/40.chichen-itza-20328170.jpg
Chich-n Itz - Mexico,Chich-n Itz - Mexico/40.jpg
Chich-n Itz - Mexico,Chich-n Itz - Mexico/41.jpg
Chich-n Itz - Mexico,Chich-n Itz - Mexico/42.mexico-chichenitza.jpg
Chich-n Itz - Mexico,Chich-n Itz - Mexico/43.jpg
Chich-n Itz - Mexico,Chich-n Itz - Mexico/44.chichen-itza-pyramid-and-elegant-young-woman-walking-in-the-sunset-with-dramatic-clouded-sky-in-background-RDX6YT.jpg
Chich-n Itz - Mexico,Chich-n Itz - Mexico/45.jpg
Chich-n Itz - Mexico,Chich-n Itz - Mexico/46.WEB_PHOTO_MAYAN_PYRAMID_040218.jpg
Chich-n Itz - Mexico,Chich-n Itz - Mexico/46.jpg
Chich-n Itz - Mexico,Chich-n Itz - Mexico/47.jpg
Chich-n Itz - Mexico,Chich-n Itz - Mexico/48.jpg
Chich-n Itz - Mexico,Chich-n Itz - Mexico/49.jpg
Chich-n Itz - Mexico,Chich-n Itz - Mexico/49.waystoplay-ruins-Chichen-Itza.jpg
Chich-n Itz - Mexico,Chich-n Itz - Mexico/5.jpg
Chich-n Itz - Mexico,Chich-n Itz - Mexico/5.site_0483_0001-750-0-20080528123637.jpg
Chich-n Itz - Mexico,Chich-n Itz - Mexico/50.most-instagrammable-places-in-mexico-41.jpg
Chich-n Itz - Mexico,Chich-n Itz - Mexico/51.jpg
Chich-n Itz - Mexico,Chich-n Itz - Mexico/52.El-Castillo-The-Pyramid-of-Kukulcan-at-Chichen-Itza-Mexico-_C2_A9-Tose-Dreamstime-22323747-e1426796268103-1000x399.jpg
Chich-n Itz - Mexico,Chich-n Itz - Mexico/52.jpg
Chich-n Itz - Mexico,Chich-n Itz - Mexico/53.000_I58YE.jpg
Chich-n Itz - Mexico,Chich-n Itz - Mexico/53.jpg
Chich-n Itz - Mexico,Chich-n Itz - Mexico/54.el-castillo-chichen-itza-souvenir-srinivasan-venkatarajan.jpg
Chich-n Itz - Mexico,Chich-n Itz - Mexico/55.jpg
Chich-n Itz - Mexico,Chich-n Itz - Mexico/55.yucatan-mexico-july-2015-kukulkan-260nw-1058873978.jpg
Chich-n Itz - Mexico,Chich-n Itz - Mexico/56.ek-balam132557.jpg
Chich-n Itz - Mexico,Chich-n Itz - Mexico/56.jpg
Chich-n Itz - Mexico,Chich-n Itz - Mexico/57.002310.jpg
Chich-n Itz - Mexico,Chich-n Itz - Mexico/57.jpg
Chich-n Itz - Mexico,Chich-n Itz - Mexico/58.chichen-itza-20741999.jpg
Chich-n Itz - Mexico,Chich-n Itz - Mexico/58.jpg
Chich-n Itz - Mexico,Chich-n Itz - Mexico/59.178-180642_1.jpg
Chich-n Itz - Mexico,Chich-n Itz - Mexico/59.jpg
Chich-n Itz - Mexico,Chich-n Itz - Mexico/6.horizontal-banner-ancient-mayan-pyramid-kukulcan-temple-chichen-itza-yucatan-mexico-unesco-world-heritage-site-127568324.jpg
Chich-n Itz - Mexico,Chich-n Itz - Mexico/6.jpg
Chich-n Itz - Mexico,Chich-n Itz - Mexico/61.jpg
Chich-n Itz - Mexico,Chich-n Itz - Mexico/62.el-castillo-pyramid-chichen-itza-panoramic-images-canvas-print.jpg
Chich-n Itz - Mexico,Chich-n Itz - Mexico/62.jpg
Chich-n Itz - Mexico,Chich-n Itz - Mexico/63.png
Chich-n Itz - Mexico,Chich-n Itz - Mexico/64.jpg
Chich-n Itz - Mexico,Chich-n Itz - Mexico/65.jpg
Chich-n Itz - Mexico,Chich-n Itz - Mexico/66.jpg
Chich-n Itz - Mexico,Chich-n Itz - Mexico/67.jpg
Chich-n Itz - Mexico,Chich-n Itz - Mexico/68.jpg
Chich-n Itz - Mexico,Chich-n Itz - Mexico/7.jpg
Chich-n Itz - Mexico,Chich-n Itz - Mexico/7.waystoplay-ruins-chichenitza2.jpg
Chich-n Itz - Mexico,Chich-n Itz - Mexico/71.ei-castillo-castel-of-chich.jpg
Chich-n Itz - Mexico,Chich-n Itz - Mexico/71.jpg
Chich-n Itz - Mexico,Chich-n Itz - Mexico/72.jpg
Chich-n Itz - Mexico,Chich-n Itz - Mexico/73.jpg
Chich-n Itz - Mexico,Chich-n Itz - Mexico/74.jpg
Chich-n Itz - Mexico,Chich-n Itz - Mexico/75.jpg
Chich-n Itz - Mexico,Chich-n Itz - Mexico/77.jpg
Chich-n Itz - Mexico,Chich-n Itz - Mexico/78.esy-009420032.jpg
Chich-n Itz - Mexico,Chich-n Itz - Mexico/78.jpg
Chich-n Itz - Mexico,Chich-n Itz - Mexico/79.jpg
Chich-n Itz - Mexico,Chich-n Itz - Mexico/8.jpg
Chich-n Itz - Mexico,Chich-n Itz - Mexico/8.mexico-chiche-itza-260nw-787007947.jpg
Chich-n Itz - Mexico,Chich-n Itz - Mexico/80.jpg
Chich-n Itz - Mexico,Chich-n Itz - Mexico/81.jpg
Chich-n Itz - Mexico,Chich-n Itz - Mexico/82.jpg
Chich-n Itz - Mexico,Chich-n Itz - Mexico/83.jpg
Chich-n Itz - Mexico,Chich-n Itz - Mexico/84.jpg
Chich-n Itz - Mexico,Chich-n Itz - Mexico/85.jpg
Chich-n Itz - Mexico,Chich-n Itz - Mexico/86.el-castillo-1-[550x250].jpg
Chich-n Itz - Mexico,Chich-n Itz - Mexico/86.jpg
Chich-n Itz - Mexico,Chich-n Itz - Mexico/87.jpg
Chich-n Itz - Mexico,Chich-n Itz - Mexico/88.jpg
Chich-n Itz - Mexico,Chich-n Itz - Mexico/9.el-castillo-or-temple-of-kukulkan-pyramid-chichen-itza-yucatan-mexico-T1EYWC.jpg
Chich-n Itz - Mexico,Chich-n Itz - Mexico/9.jpg
Chich-n Itz - Mexico,Chich-n Itz - Mexico/90.jpg
Chich-n Itz - Mexico,Chich-n Itz - Mexico/91.jpg
Chich-n Itz - Mexico,Chich-n Itz - Mexico/92.jpg
Chich-n Itz - Mexico,Chich-n Itz - Mexico/93.jpg
Chich-n Itz - Mexico,Chich-n Itz - Mexico/94.jpg
Chich-n Itz - Mexico,Chich-n Itz - Mexico/97.jpg
Chich-n Itz - Mexico,Chich-n Itz - Mexico/99.jpg
Christ the Reedemer Statue,Christ the Reedemer Statue/10.cristo-redentor.jpg
Christ the Reedemer Statue,Christ the Reedemer Statue/10.jpg
Christ the Reedemer Statue,Christ the Reedemer Statue/100.jpg
Christ the Reedemer Statue,Christ the Reedemer Statue/101.jpg
Christ the Reedemer Statue,Christ the Reedemer Statue/11.christ-the-redeemer-statue-corcovado-rio-de-janeiro-brazil_a-G-2606516-4990603.jpg
Christ the Reedemer Statue,Christ the Reedemer Statue/11.jpg
Christ the Reedemer Statue,Christ the Reedemer Statue/12.Christ-the-Redeemer-brazil.jpg
Christ the Reedemer Statue,Christ the Reedemer Statue/12.jpg
Christ the Reedemer Statue,Christ the Reedemer Statue/13.00446-mn-11acvx2sjy1279.jpg
Christ the Reedemer Statue,Christ the Reedemer Statue/13.jpg
Christ the Reedemer Statue,Christ the Reedemer Statue/14.14566658969_61e5b6515d_k1.jpg
Christ the Reedemer Statue,Christ the Reedemer Statue/14.jpg
Christ the Reedemer Statue,Christ the Reedemer Statue/15.banners_site_novo_RM_12.jpg
Christ the Reedemer Statue,Christ the Reedemer Statue/15.jpg
Christ the Reedemer Statue,Christ the Reedemer Statue/16.Christ-The-Redeemer-7-Wonders-Of-The-World.jpg
Christ the Reedemer Statue,Christ the Reedemer Statue/16.jpg
Christ the Reedemer Statue,Christ the Reedemer Statue/17.c2e188f942b2f5265fe3fbb5b035b8aa-1024x512.jpg
Christ the Reedemer Statue,Christ the Reedemer Statue/17.jpg
Christ the Reedemer Statue,Christ the Reedemer Statue/18.c2bb90c0de476c4d35c5adbdd8b17817.jpg
Christ the Reedemer Statue,Christ the Reedemer Statue/18.jpg
Christ the Reedemer Statue,Christ the Reedemer Statue/19.jpg
Christ the Reedemer Statue,Christ the Reedemer Statue/2.jpg
Christ the Reedemer Statue,Christ the Reedemer Statue/2.web-christ-the-redeemer-rio-main-rayandbee-cc.jpg
Christ the Reedemer Statue,Christ the Reedemer Statue/20.cristo-rei-statue.jpg
Christ the Reedemer Statue,Christ the Reedemer Statue/20.jpg
Christ the Reedemer Statue,Christ the Reedemer Statue/22.jpg
Christ the Reedemer Statue,Christ the Reedemer Statue/23.Brazil-Christ-Statue-1.jpg
Christ the Reedemer Statue,Christ the Reedemer Statue/23.jpg
Christ the Reedemer Statue,Christ the Reedemer Statue/24.jpg
Christ the Reedemer Statue,Christ the Reedemer Statue/24.sight_cristo-redentor-christ-the-redeemer_n2704-10856-1_pan.jpg
Christ the Reedemer Statue,Christ the Reedemer Statue/25.Panoramic-View-Of-Christ-The-Redeemer-Statue-And-Rio-City.jpg
Christ the Reedemer Statue,Christ the Reedemer Statue/25.png
Christ the Reedemer Statue,Christ the Reedemer Statue/26.550x330_-_2019-03-12t151835.834.jpg
Christ the Reedemer Statue,Christ the Reedemer Statue/27.Christ-redempteur-010.jpg
Christ the Reedemer Statue,Christ the Reedemer Statue/28.background-christ-the-redemeer.jpg
Christ the Reedemer Statue,Christ the Reedemer Statue/28.jpg
Christ the Reedemer Statue,Christ the Reedemer Statue/3.gu2jqcfjyexllwk8ndgy.jpg
Christ the Reedemer Statue,Christ the Reedemer Statue/3.jpg
Christ the Reedemer Statue,Christ the Reedemer Statue/32.Christ-the-redeemer-statue-in-RIo-Brazil.jpg
Christ the Reedemer Statue,Christ the Reedemer Statue/32.jpg
Christ the Reedemer Statue,Christ the Reedemer Statue/33.24ed23b5-119975221.jpg
Christ the Reedemer Statue,Christ the Reedemer Statue/33.jpg
Christ the Reedemer Statue,Christ the Reedemer Statue/35.jpg
Christ the Reedemer Statue,Christ the Reedemer Statue/35.rio_de_janeiro.jpg
Christ the Reedemer Statue,Christ the Reedemer Statue/36.jpg
Christ the Reedemer Statue,Christ the Reedemer Statue/37.jpg
Christ the Reedemer Statue,Christ the Reedemer Statue/38.christ_the_redeemer_01_big.jpg
Christ the Reedemer Statue,Christ the Reedemer Statue/38.jpg
Christ the Reedemer Statue,Christ the Reedemer Statue/39.jpg
Christ the Reedemer Statue,Christ the Reedemer Statue/4.Design-sem-nome-7.jpg
Christ the Reedemer Statue,Christ the Reedemer Statue/4.jpg
Christ the Reedemer Statue,Christ the Reedemer Statue/40.christ_the_redeemer_history_and_construction.jpg
Christ the Reedemer Statue,Christ the Reedemer Statue/40.jpg
Christ the Reedemer Statue,Christ the Reedemer Statue/41.christ-redeemer-rio-de-janeiro-constructed-statue-metres-ft-high-excluding-its-metre-pedestal-arms-stretch-143413642.jpg
Christ the Reedemer Statue,Christ the Reedemer Statue/41.jpg
Christ the Reedemer Statue,Christ the Reedemer Statue/42.635871465425645186-AP-CHRIST-THE-REDEEMER-RIO-DE-JANEIRO-76631470.JPG
Christ the Reedemer Statue,Christ the Reedemer Statue/42.jpg
Christ the Reedemer Statue,Christ the Reedemer Statue/43.Cristo_Redentor_Rio_de_Janeiro_2-1-672x327.jpg
Christ the Reedemer Statue,Christ the Reedemer Statue/44.jpg
Christ the Reedemer Statue,Christ the Reedemer Statue/46.christ-the-redeemer-rio-brazil-702x336.jpg
Christ the Reedemer Statue,Christ the Reedemer Statue/46.jpg
Christ the Reedemer Statue,Christ the Reedemer Statue/48.jpg
Christ the Reedemer Statue,Christ the Reedemer Statue/49.Rio_Cristo_Redentor.jpg
Christ the Reedemer Statue,Christ the Reedemer Statue/5.Christ-redempteur-005.jpg
Christ the Reedemer Statue,Christ the Reedemer Statue/5.jpg
Christ the Reedemer Statue,Christ the Reedemer Statue/50.christ_the_redeemer_-_from_above-1024x468.jpg
Christ the Reedemer Statue,Christ the Reedemer Statue/50.jpg
Christ the Reedemer Statue,Christ the Reedemer Statue/51.rio-christ-reedemer-video.jpg
Christ the Reedemer Statue,Christ the Reedemer Statue/52.6.jpg
Christ the Reedemer Statue,Christ the Reedemer Statue/53.christ-redeemer-statue-corcovado-mountain-rio-de-janeiro-95176156.jpg
Christ the Reedemer Statue,Christ the Reedemer Statue/53.jpg
Christ the Reedemer Statue,Christ the Reedemer Statue/54.aerial-view-rio-de-janeiro-260nw-1283692186.jpg
Christ the Reedemer Statue,Christ the Reedemer Statue/55.Christ-redempteur-002.jpg
Christ the Reedemer Statue,Christ the Reedemer Statue/56.Christ-the-Redeemer.jpg
Christ the Reedemer Statue,Christ the Reedemer Statue/56.jpg
Christ the Reedemer Statue,Christ the Reedemer Statue/57.2297071.jpg
Christ the Reedemer Statue,Christ the Reedemer Statue/57.jpg
Christ the Reedemer Statue,Christ the Reedemer Statue/58.imgbin-christ-the-redeemer-corcovado-new7wonders-of-the-world-christ-blessing-statue-others-UGe8xPDWQcQmjC6QM4SQZu5St.jpg
Christ the Reedemer Statue,Christ the Reedemer Statue/58.jpg
Christ the Reedemer Statue,Christ the Reedemer Statue/59.jpg
Christ the Reedemer Statue,Christ the Reedemer Statue/59.turismo-rio-de-janeiro-15-11-1.jpg
Christ the Reedemer Statue,Christ the Reedemer Statue/6.image2a.jpg
Christ the Reedemer Statue,Christ the Reedemer Statue/60.Christ_the_Redeemer_Travel.jpg
Christ the Reedemer Statue,Christ the Reedemer Statue/61.cross-2744230__340.jpg
Christ the Reedemer Statue,Christ the Reedemer Statue/63.10147496.jpg
Christ the Reedemer Statue,Christ the Reedemer Statue/64.climb-up-to-the-statue-of-christ-the-redeemer-in-rio--thumb.jpg
Christ the Reedemer Statue,Christ the Reedemer Statue/65.AKG616222.jpg
Christ the Reedemer Statue,Christ the Reedemer Statue/65.jpg
Christ the Reedemer Statue,Christ the Reedemer Statue/66.christo-redentor.jpg
Christ the Reedemer Statue,Christ the Reedemer Statue/66.jpg
Christ the Reedemer Statue,Christ the Reedemer Statue/67.img32806-Rio-De-Janeiro-Christ-the-Redeemer-statue.jpg
Christ the Reedemer Statue,Christ the Reedemer Statue/68.Christ-the-Redeemer-Rio-640x280.jpg
Christ the Reedemer Statue,Christ the Reedemer Statue/68.jpg
Christ the Reedemer Statue,Christ the Reedemer Statue/7.visti-Christ-the-redeemer-PC300063-3.jpg
Christ the Reedemer Statue,Christ the Reedemer Statue/70.jpg
Christ the Reedemer Statue,Christ the Reedemer Statue/70.rio-de-janeiro-christ-redeemer-statue-825x275.jpg
Christ the Reedemer Statue,Christ the Reedemer Statue/71.jpg
Christ the Reedemer Statue,Christ the Reedemer Statue/72.christtheredeemer_article_image.jpg
Christ the Reedemer Statue,Christ the Reedemer Statue/72.jpg
Christ the Reedemer Statue,Christ the Reedemer Statue/73.Christ-640x240.jpg
Christ the Reedemer Statue,Christ the Reedemer Statue/73.jpg
Christ the Reedemer Statue,Christ the Reedemer Statue/74.2297069.jpg
Christ the Reedemer Statue,Christ the Reedemer Statue/74.jpg
Christ the Reedemer Statue,Christ the Reedemer Statue/75.tour-cristo-redentor-tren.jpg
Christ the Reedemer Statue,Christ the Reedemer Statue/77.jpg
Christ the Reedemer Statue,Christ the Reedemer Statue/78.Christ_on_Corcovado_mountain-1600x450.jpg
Christ the Reedemer Statue,Christ the Reedemer Statue/79.Rio-de-Janeiro-jesus-statue-940x450-FEAT.jpg
Christ the Reedemer Statue,Christ the Reedemer Statue/8.christtheredeemer.jpg
Christ the Reedemer Statue,Christ the Reedemer Statue/8.jpg
Christ the Reedemer Statue,Christ the Reedemer Statue/80.Rio-de-janeiro-photography-1-820x312.jpg
Christ the Reedemer Statue,Christ the Reedemer Statue/81.jpg
Christ the Reedemer Statue,Christ the Reedemer Statue/82.jpg
Christ the Reedemer Statue,Christ the Reedemer Statue/83.corcovado-christ-statue.jpg
Christ the Reedemer Statue,Christ the Reedemer Statue/83.jpg
Christ the Reedemer Statue,Christ the Reedemer Statue/84.brazil-fotolia-18249418-sfmthd_0_0.jpg
Christ the Reedemer Statue,Christ the Reedemer Statue/84.jpg
Christ the Reedemer Statue,Christ the Reedemer Statue/85.christ-the-redeemer-tours.jpg
Christ the Reedemer Statue,Christ the Reedemer Statue/86.The-Christ-the-Redeemer-statue-1.jpg
Christ the Reedemer Statue,Christ the Reedemer Statue/87.jpg
Christ the Reedemer Statue,Christ the Reedemer Statue/88.christ-redeemer-statue-rio-de-600w-46772326.jpg
Christ the Reedemer Statue,Christ the Reedemer Statue/89.brazil.jpg
Christ the Reedemer Statue,Christ the Reedemer Statue/9.christ-the-redeemer-statue-corcovado-rio-de-janeiro-brazil_u-l-p184ko0.jpg
Christ the Reedemer Statue,Christ the Reedemer Statue/9.jpg
Christ the Reedemer Statue,Christ the Reedemer Statue/90.dsc07272.jpg
Christ the Reedemer Statue,Christ the Reedemer Statue/90.jpg
Christ the Reedemer Statue,Christ the Reedemer Statue/91.ABC_christ_redeemer_jef_140713_31x13_992.jpg
Christ the Reedemer Statue,Christ the Reedemer Statue/92.cv.001.jpg
Christ the Reedemer Statue,Christ the Reedemer Statue/92.jpg
Eiffel Tower - Paris,Eiffel Tower - Paris/1.jpeg
Eiffel Tower - Paris,Eiffel Tower - Paris/10.IMG_6447-e1542314195983-720x340.jpg
Eiffel Tower - Paris,Eiffel Tower - Paris/100.jpeg
Eiffel Tower - Paris,Eiffel Tower - Paris/101.jpg
Eiffel Tower - Paris,Eiffel Tower - Paris/103.jpg
Eiffel Tower - Paris,Eiffel Tower - Paris/104.jpg
Eiffel Tower - Paris,Eiffel Tower - Paris/105.jpg
Eiffel Tower - Paris,Eiffel Tower - Paris/107.jpg
Eiffel Tower - Paris,Eiffel Tower - Paris/109.jpg
Eiffel Tower - Paris,Eiffel Tower - Paris/11.jpg
Eiffel Tower - Paris,Eiffel Tower - Paris/11.paris-travel-10-best-views-of-the-eiffel-tower-620x245.jpg
Eiffel Tower - Paris,Eiffel Tower - Paris/110.jpg
Eiffel Tower - Paris,Eiffel Tower - Paris/111.jpg
Eiffel Tower - Paris,Eiffel Tower - Paris/112.jpg
Eiffel Tower - Paris,Eiffel Tower - Paris/115.jpg
Eiffel Tower - Paris,Eiffel Tower - Paris/116.jpg
Eiffel Tower - Paris,Eiffel Tower - Paris/117.jpg
Eiffel Tower - Paris,Eiffel Tower - Paris/118.jpg
Eiffel Tower - Paris,Eiffel Tower - Paris/119.jpg
Eiffel Tower - Paris,Eiffel Tower - Paris/12.Photo-OTCP-Paris-neige-horiz.jpg
Eiffel Tower - Paris,Eiffel Tower - Paris/12.jpg
Eiffel Tower - Paris,Eiffel Tower - Paris/120.jpg
Eiffel Tower - Paris,Eiffel Tower - Paris/122.jpg
Eiffel Tower - Paris,Eiffel Tower - Paris/123.jpg
Eiffel Tower - Paris,Eiffel Tower - Paris/124.jpg
Eiffel Tower - Paris,Eiffel Tower - Paris/125.jpg
Eiffel Tower - Paris,Eiffel Tower - Paris/126.jpg
Eiffel Tower - Paris,Eiffel Tower - Paris/127.jpg
Eiffel Tower - Paris,Eiffel Tower - Paris/128.jpg
Eiffel Tower - Paris,Eiffel Tower - Paris/129.jpg
Eiffel Tower - Paris,Eiffel Tower - Paris/13.TOUR-EIFFEL.jpg
Eiffel Tower - Paris,Eiffel Tower - Paris/13.jpg
Eiffel Tower - Paris,Eiffel Tower - Paris/130.jpg
Eiffel Tower - Paris,Eiffel Tower - Paris/131.jpg
Eiffel Tower - Paris,Eiffel Tower - Paris/132.jpg
Eiffel Tower - Paris,Eiffel Tower - Paris/133.jpg
Eiffel Tower - Paris,Eiffel Tower - Paris/135.jpg
Eiffel Tower - Paris,Eiffel Tower - Paris/136.jpg
Eiffel Tower - Paris,Eiffel Tower - Paris/138.jpg
Eiffel Tower - Paris,Eiffel Tower - Paris/139.jpeg
Eiffel Tower - Paris,Eiffel Tower - Paris/14.istock-paris-eiffel-tower-night-e1518447685795.jpg
Eiffel Tower - Paris,Eiffel Tower - Paris/14.jpg
Eiffel Tower - Paris,Eiffel Tower - Paris/140.jpg
Eiffel Tower - Paris,Eiffel Tower - Paris/141.jpg
Eiffel Tower - Paris,Eiffel Tower - Paris/142.jpg
Eiffel Tower - Paris,Eiffel Tower - Paris/143.jpeg
Eiffel Tower - Paris,Eiffel Tower - Paris/144.jpg
Eiffel Tower - Paris,Eiffel Tower - Paris/145.jpg
Eiffel Tower - Paris,Eiffel Tower - Paris/146.jpg
Eiffel Tower - Paris,Eiffel Tower - Paris/147.jpg
Eiffel Tower - Paris,Eiffel Tower - Paris/148.jpg
Eiffel Tower - Paris,Eiffel Tower - Paris/149.jpg
Eiffel Tower - Paris,Eiffel Tower - Paris/15.4-1-620x245.jpg
Eiffel Tower - Paris,Eiffel Tower - Paris/15.jpg
Eiffel Tower - Paris,Eiffel Tower - Paris/150.jpeg
Eiffel Tower - Paris,Eiffel Tower - Paris/152.jpg
Eiffel Tower - Paris,Eiffel Tower - Paris/153.jpg
Eiffel Tower - Paris,Eiffel Tower - Paris/154.jpg
Eiffel Tower - Paris,Eiffel Tower - Paris/155.jpg
Eiffel Tower - Paris,Eiffel Tower - Paris/156.jpg
Eiffel Tower - Paris,Eiffel Tower - Paris/157.jpg
Eiffel Tower - Paris,Eiffel Tower - Paris/158.jpg
Eiffel Tower - Paris,Eiffel Tower - Paris/159.jpg
Eiffel Tower - Paris,Eiffel Tower - Paris/16.eiffel-tower.jpg
Eiffel Tower - Paris,Eiffel Tower - Paris/16.jpg
Eiffel Tower - Paris,Eiffel Tower - Paris/161.jpg
Eiffel Tower - Paris,Eiffel Tower - Paris/162.jpg
Eiffel Tower - Paris,Eiffel Tower - Paris/164.jpg
Eiffel Tower - Paris,Eiffel Tower - Paris/166.jpg
Eiffel Tower - Paris,Eiffel Tower - Paris/167.jpg
Eiffel Tower - Paris,Eiffel Tower - Paris/168.jpg
Eiffel Tower - Paris,Eiffel Tower - Paris/169.jpg
Eiffel Tower - Paris,Eiffel Tower - Paris/17.jpg
Eiffel Tower - Paris,Eiffel Tower - Paris/170.jpg
Eiffel Tower - Paris,Eiffel Tower - Paris/171.jpg
Eiffel Tower - Paris,Eiffel Tower - Paris/172.jpeg
Eiffel Tower - Paris,Eiffel Tower - Paris/173.jpg
Eiffel Tower - Paris,Eiffel Tower - Paris/174.jpg
Eiffel Tower - Paris,Eiffel Tower - Paris/177.jpg
Eiffel Tower - Paris,Eiffel Tower - Paris/178.jpg
Eiffel Tower - Paris,Eiffel Tower - Paris/179.jpg
Eiffel Tower - Paris,Eiffel Tower - Paris/18.eiffel-tower-paris-france-16.jpg
Eiffel Tower - Paris,Eiffel Tower - Paris/18.jpg
Eiffel Tower - Paris,Eiffel Tower - Paris/180.jpg
Eiffel Tower - Paris,Eiffel Tower - Paris/186.jpg
Eiffel Tower - Paris,Eiffel Tower - Paris/187.jpg
Eiffel Tower - Paris,Eiffel Tower - Paris/188.jpg
Eiffel Tower - Paris,Eiffel Tower - Paris/19.Tour-Eiffel-de-jour-620x245.jpg
Eiffel Tower - Paris,Eiffel Tower - Paris/19.jpeg
Eiffel Tower - Paris,Eiffel Tower - Paris/190.jpg
Eiffel Tower - Paris,Eiffel Tower - Paris/193.jpg
Eiffel Tower - Paris,Eiffel Tower - Paris/194.jpeg
Eiffel Tower - Paris,Eiffel Tower - Paris/195.jpg
Eiffel Tower - Paris,Eiffel Tower - Paris/196.jpg
Eiffel Tower - Paris,Eiffel Tower - Paris/197.jpg
Eiffel Tower - Paris,Eiffel Tower - Paris/199.jpg
Eiffel Tower - Paris,Eiffel Tower - Paris/2.jpg
Eiffel Tower - Paris,Eiffel Tower - Paris/2.xeiffel-tower-trocadero-fountains-symmetry-123-784-2x1.jpg
Eiffel Tower - Paris,Eiffel Tower - Paris/20.6082867_unbdpjp-QMBFnb4hQnC4MJaABjoxxBUHBMmCgybzqPU.jpg
Eiffel Tower - Paris,Eiffel Tower - Paris/20.jpg
Eiffel Tower - Paris,Eiffel Tower - Paris/201.jpeg
Eiffel Tower - Paris,Eiffel Tower - Paris/202.jpg
Eiffel Tower - Paris,Eiffel Tower - Paris/203.jpg
Eiffel Tower - Paris,Eiffel Tower - Paris/204.jpg
Eiffel Tower - Paris,Eiffel Tower - Paris/206.jpg
Eiffel Tower - Paris,Eiffel Tower - Paris/207.jpg
Eiffel Tower - Paris,Eiffel Tower - Paris/21.jpg
Eiffel Tower - Paris,Eiffel Tower - Paris/21.tour_eiffel_depuis_avenue_gustave_eiffelce.livinec_-_sete_sans_date_2000.jpg
Eiffel Tower - Paris,Eiffel Tower - Paris/213.jpg
Eiffel Tower - Paris,Eiffel Tower - Paris/214.jpeg
Eiffel Tower - Paris,Eiffel Tower - Paris/216.jpg
Eiffel Tower - Paris,Eiffel Tower - Paris/217.jpeg
Eiffel Tower - Paris,Eiffel Tower - Paris/218.jpg
Eiffel Tower - Paris,Eiffel Tower - Paris/22.eiffel-tower-paris-seventh-district-arrondissement.jpg
Eiffel Tower - Paris,Eiffel Tower - Paris/22.jpg
Eiffel Tower - Paris,Eiffel Tower - Paris/23.jpg
Eiffel Tower - Paris,Eiffel Tower - Paris/23.paris-snow-eiffel-tower-rt-mem-180207_12x5_608.jpg
Eiffel Tower - Paris,Eiffel Tower - Paris/24.large-620x245.jpg
Eiffel Tower - Paris,Eiffel Tower - Paris/25.jpg
Eiffel Tower - Paris,Eiffel Tower - Paris/25.tour_img-851300-146.jpg
Eiffel Tower - Paris,Eiffel Tower - Paris/26.jpg
Eiffel Tower - Paris,Eiffel Tower - Paris/26.paris_eiffel-tower_front-view.jpg
Eiffel Tower - Paris,Eiffel Tower - Paris/27.jpeg
Eiffel Tower - Paris,Eiffel Tower - Paris/27.poi-CI143_00_1400x442.jpg
Eiffel Tower - Paris,Eiffel Tower - Paris/28.jpg
Eiffel Tower - Paris,Eiffel Tower - Paris/28.tour_img-1919202-146.jpg
Eiffel Tower - Paris,Eiffel Tower - Paris/29.jpg
Eiffel Tower - Paris,Eiffel Tower - Paris/29.torre-eiffel.jpg
Eiffel Tower - Paris,Eiffel Tower - Paris/3.eiffel-tower-view-hero.jpg
Eiffel Tower - Paris,Eiffel Tower - Paris/3.jpg
Eiffel Tower - Paris,Eiffel Tower - Paris/30.jpg
Eiffel Tower - Paris,Eiffel Tower - Paris/31.eiffel-tower-of-paris.jpg
Eiffel Tower - Paris,Eiffel Tower - Paris/31.jpg
Eiffel Tower - Paris,Eiffel Tower - Paris/32.paris-france-panoramic-image-of-eiffel-tower-with-fantastic-clouds-KWP3P0.jpg
Eiffel Tower - Paris,Eiffel Tower - Paris/33.eiffel-tower-glass-wall1-gty-mem-180614_hpMain_12x5_992.jpg
Eiffel Tower - Paris,Eiffel Tower - Paris/33.jpg
Eiffel Tower - Paris,Eiffel Tower - Paris/34.SOCIAL341951_225756_355249.jpg
Eiffel Tower - Paris,Eiffel Tower - Paris/35.jpg
Eiffel Tower - Paris,Eiffel Tower - Paris/35.paris-eiffel-tower-carousel-blur-dreamstime-800-2x1.jpg
Eiffel Tower - Paris,Eiffel Tower - Paris/36.jpg
Eiffel Tower - Paris,Eiffel Tower - Paris/37.jpg
Eiffel Tower - Paris,Eiffel Tower - Paris/38.jpeg
Eiffel Tower - Paris,Eiffel Tower - Paris/39.jpg
Eiffel Tower - Paris,Eiffel Tower - Paris/4.Featured-photo-1200x350-panoramic-view-of-Eiffel-Tower.jpg
Eiffel Tower - Paris,Eiffel Tower - Paris/4.jpg
Eiffel Tower - Paris,Eiffel Tower - Paris/40.jpg
Eiffel Tower - Paris,Eiffel Tower - Paris/40.landscape-1463674076-eiffel-tower-paris.jpg
Eiffel Tower - Paris,Eiffel Tower - Paris/41.jpg
Eiffel Tower - Paris,Eiffel Tower - Paris/42.black-and-white-eiffel-tower-paris-france_u-l-oiib70.jpg
Eiffel Tower - Paris,Eiffel Tower - Paris/42.jpg
Eiffel Tower - Paris,Eiffel Tower - Paris/43.image4a.jpg
Eiffel Tower - Paris,Eiffel Tower - Paris/43.jpg
Eiffel Tower - Paris,Eiffel Tower - Paris/44.jpg
Eiffel Tower - Paris,Eiffel Tower - Paris/44.private-paris-highlights-with-lunch-at-the-eiffel-tower-0.jpg
Eiffel Tower - Paris,Eiffel Tower - Paris/45.14981_16081_15__ltdwdth.1000w.jpg
Eiffel Tower - Paris,Eiffel Tower - Paris/45.jpg
Eiffel Tower - Paris,Eiffel Tower - Paris/46.jpg
Eiffel Tower - Paris,Eiffel Tower - Paris/47.panoramic-view-on-eiffel-tower-260nw-115370821.jpg
Eiffel Tower - Paris,Eiffel Tower - Paris/48.jpeg
Eiffel Tower - Paris,Eiffel Tower - Paris/49.jpg
Eiffel Tower - Paris,Eiffel Tower - Paris/49.paris-eiffel-tower-260nw-1089830177.jpg
Eiffel Tower - Paris,Eiffel Tower - Paris/5.eiffel-big.jpg
Eiffel Tower - Paris,Eiffel Tower - Paris/5.jpg
Eiffel Tower - Paris,Eiffel Tower - Paris/50.21500cfde146e322eaf9fb3e1c23512a.jpg
Eiffel Tower - Paris,Eiffel Tower - Paris/50.jpg
Eiffel Tower - Paris,Eiffel Tower - Paris/51.eiffel-tower-paris-france-parisian-C5XT7A.jpg
Eiffel Tower - Paris,Eiffel Tower - Paris/51.jpg
Eiffel Tower - Paris,Eiffel Tower - Paris/52.jpg
Eiffel Tower - Paris,Eiffel Tower - Paris/53.Eiffel+Tower.jpg
Eiffel Tower - Paris,Eiffel Tower - Paris/53.jpg
Eiffel Tower - Paris,Eiffel Tower - Paris/54.eiffel-tower-paris-france-in-black-and-white-with-painterly-effect-mugs.jpg
Eiffel Tower - Paris,Eiffel Tower - Paris/54.jpg
Eiffel Tower - Paris,Eiffel Tower - Paris/55.jpeg
Eiffel Tower - Paris,Eiffel Tower - Paris/56.jpg
Eiffel Tower - Paris,Eiffel Tower - Paris/57.jpg
Eiffel Tower - Paris,Eiffel Tower - Paris/58.jpg
Eiffel Tower - Paris,Eiffel Tower - Paris/58.paris-eiffel-tower-at-dusk-panorama-06-copyright-havecamerawilltravel-com-1068x395.jpg
Eiffel Tower - Paris,Eiffel Tower - Paris/59.Tour-Eiffel-010.jpg
Eiffel Tower - Paris,Eiffel Tower - Paris/59.jpg
Eiffel Tower - Paris,Eiffel Tower - Paris/6.eiffel_tower_big.jpg
Eiffel Tower - Paris,Eiffel Tower - Paris/6.jpg
Eiffel Tower - Paris,Eiffel Tower - Paris/60.01-eiffel-tower.jpg
Eiffel Tower - Paris,Eiffel Tower - Paris/60.jpeg
Eiffel Tower - Paris,Eiffel Tower - Paris/61.jpg
Eiffel Tower - Paris,Eiffel Tower - Paris/61.tour_eiffel_nuit.jpg
Eiffel Tower - Paris,Eiffel Tower - Paris/62.Eiffel_Tower_AP.jpg
Eiffel Tower - Paris,Eiffel Tower - Paris/62.jpg
Eiffel Tower - Paris,Eiffel Tower - Paris/63.jpg
Eiffel Tower - Paris,Eiffel Tower - Paris/64.jpg
Eiffel Tower - Paris,Eiffel Tower - Paris/65.jpg
Eiffel Tower - Paris,Eiffel Tower - Paris/66.jpg
Eiffel Tower - Paris,Eiffel Tower - Paris/67.image3a.jpg
Eiffel Tower - Paris,Eiffel Tower - Paris/68.jpg
Eiffel Tower - Paris,Eiffel Tower - Paris/69.PIM3355.jpg
Eiffel Tower - Paris,Eiffel Tower - Paris/69.jpg
Eiffel Tower - Paris,Eiffel Tower - Paris/7.Eiffel-tower-paris-iStock-681206442-panorama.jpg
Eiffel Tower - Paris,Eiffel Tower - Paris/7.jpg
Eiffel Tower - Paris,Eiffel Tower - Paris/70.jpg
Eiffel Tower - Paris,Eiffel Tower - Paris/70.xtcx9wqqjnogvrofycoy.jpg
Eiffel Tower - Paris,Eiffel Tower - Paris/71.56-260699-56-201022-7758157866-533d56629a-b-1.jpg
Eiffel Tower - Paris,Eiffel Tower - Paris/71.jpg
Eiffel Tower - Paris,Eiffel Tower - Paris/72.jpg
Eiffel Tower - Paris,Eiffel Tower - Paris/73.paris-eiffel-tower-re-opens-after-hoax-alert.jpg
Eiffel Tower - Paris,Eiffel Tower - Paris/74.Eiffel_20Tower_20Ground_20View-art.jpg
Eiffel Tower - Paris,Eiffel Tower - Paris/74.jpg
Eiffel Tower - Paris,Eiffel Tower - Paris/75.500_F_212917659_NWHahPPD9xZ2s7SAmXCq2dCMQMUaNHza.jpg
Eiffel Tower - Paris,Eiffel Tower - Paris/75.jpg
Eiffel Tower - Paris,Eiffel Tower - Paris/76.jpg
Eiffel Tower - Paris,Eiffel Tower - Paris/76.pink-eiffel-960x355.jpg
Eiffel Tower - Paris,Eiffel Tower - Paris/77.Tour-Eiffel-FOR-GALLERIES-940x270.jpg
Eiffel Tower - Paris,Eiffel Tower - Paris/77.jpg
Eiffel Tower - Paris,Eiffel Tower - Paris/78.jpg
Eiffel Tower - Paris,Eiffel Tower - Paris/79.jpg
Eiffel Tower - Paris,Eiffel Tower - Paris/8.eiffel_tower_paris_skyline.jpg
Eiffel Tower - Paris,Eiffel Tower - Paris/8.jpg
Eiffel Tower - Paris,Eiffel Tower - Paris/80.eiffel-tower-at-night.jpg
Eiffel Tower - Paris,Eiffel Tower - Paris/80.jpg
Eiffel Tower - Paris,Eiffel Tower - Paris/81.Eiffel-Tower-Experience-at-Paris-Las-Vegas-1_0.jpg
Eiffel Tower - Paris,Eiffel Tower - Paris/81.jpg
Eiffel Tower - Paris,Eiffel Tower - Paris/82.eiffel-tower-960x480.jpg
Eiffel Tower - Paris,Eiffel Tower - Paris/82.jpg
Eiffel Tower - Paris,Eiffel Tower - Paris/83.eiffel-tower-red-white-blue-paris-france1.jpg
Eiffel Tower - Paris,Eiffel Tower - Paris/83.jpg
Eiffel Tower - Paris,Eiffel Tower - Paris/84.eiffel-tower-vegas-view-1050x420.jpg
Eiffel Tower - Paris,Eiffel Tower - Paris/84.jpg
Eiffel Tower - Paris,Eiffel Tower - Paris/85.381c59bfdbe1401f6674609713cf1b4d.jpg
Eiffel Tower - Paris,Eiffel Tower - Paris/85.jpg
Eiffel Tower - Paris,Eiffel Tower - Paris/86.eiffel-tower-from-below.-toppic.jpg
Eiffel Tower - Paris,Eiffel Tower - Paris/86.jpg
Eiffel Tower - Paris,Eiffel Tower - Paris/87.jpg
Eiffel Tower - Paris,Eiffel Tower - Paris/88.Eiffel-Tower.jpg
Eiffel Tower - Paris,Eiffel Tower - Paris/89.jpg
Eiffel Tower - Paris,Eiffel Tower - Paris/9.jpg
Eiffel Tower - Paris,Eiffel Tower - Paris/9.paris-eiffel-tower-views-HEADER.jpg
Eiffel Tower - Paris,Eiffel Tower - Paris/90.34745.jpg
Eiffel Tower - Paris,Eiffel Tower - Paris/90.jpg
Eiffel Tower - Paris,Eiffel Tower - Paris/91.jpg
Eiffel Tower - Paris,Eiffel Tower - Paris/91.world-famous-eiffel-tower-under-colorful-sky-sunset-world-famous-eiffel-tower-under-colorful-sky-sunset-paris-france-132184816.jpg
Eiffel Tower - Paris,Eiffel Tower - Paris/92.jpg
Eiffel Tower - Paris,Eiffel Tower - Paris/93.jpg
Eiffel Tower - Paris,Eiffel Tower - Paris/94.jpg
Eiffel Tower - Paris,Eiffel Tower - Paris/96.jpg
Eiffel Tower - Paris,Eiffel Tower - Paris/97.jpg
Eiffel Tower - Paris,Eiffel Tower - Paris/98.jpg
Eiffel Tower - Paris,Eiffel Tower - Paris/99.jpg
Giant-s Causeway,Giant-s Causeway/1.shore-excursion-for-cruise-passengers-in-belfast-giants-causeway-and-belfast-city_28052018105340.jpg
Giant-s Causeway,Giant-s Causeway/10.carousel01.jpg
Giant-s Causeway,Giant-s Causeway/10.jpg
Giant-s Causeway,Giant-s Causeway/100.jpg
Giant-s Causeway,Giant-s Causeway/103.jpg
Giant-s Causeway,Giant-s Causeway/104.jpg
Giant-s Causeway,Giant-s Causeway/105.jpg
Giant-s Causeway,Giant-s Causeway/106.jpg
Giant-s Causeway,Giant-s Causeway/108.jpg
Giant-s Causeway,Giant-s Causeway/109.jpg
Giant-s Causeway,Giant-s Causeway/11.LI-new-Main-SHUTTLE-giants3.jpg
Giant-s Causeway,Giant-s Causeway/11.jpg
Giant-s Causeway,Giant-s Causeway/12.giantscauseway2-600x300.jpg
Giant-s Causeway,Giant-s Causeway/12.jpg
Giant-s Causeway,Giant-s Causeway/13.giants-causeway-panorama.jpg
Giant-s Causeway,Giant-s Causeway/13.jpg
Giant-s Causeway,Giant-s Causeway/14.giants-causeway-tour-from-derry.jpg
Giant-s Causeway,Giant-s Causeway/14.jpg
Giant-s Causeway,Giant-s Causeway/15.giants-causeway-site-slider-1024x366.jpg
Giant-s Causeway,Giant-s Causeway/15.jpg
Giant-s Causeway,Giant-s Causeway/16.giants-causeway-pano-1.jpg
Giant-s Causeway,Giant-s Causeway/16.jpg
Giant-s Causeway,Giant-s Causeway/17.jpg
Giant-s Causeway,Giant-s Causeway/18.donegal-coastal-tours-excursions1.jpg
Giant-s Causeway,Giant-s Causeway/18.jpg
Giant-s Causeway,Giant-s Causeway/19.GiantsCauseway.jpg
Giant-s Causeway,Giant-s Causeway/2.copyright-paddywagon-giants-causeway_14012019105938.jpg
Giant-s Causeway,Giant-s Causeway/2.jpg
Giant-s Causeway,Giant-s Causeway/20.The-Giants-Causeway.jpg
Giant-s Causeway,Giant-s Causeway/20.jpg
Giant-s Causeway,Giant-s Causeway/21.giants-causeway-tour.jpg
Giant-s Causeway,Giant-s Causeway/21.jpg
Giant-s Causeway,Giant-s Causeway/22.75207_CEHHERO_ORIGINAL.JPG
Giant-s Causeway,Giant-s Causeway/22.jpg
Giant-s Causeway,Giant-s Causeway/23.granite-landscape-the-giants-cause-way-Ireland.jpg
Giant-s Causeway,Giant-s Causeway/23.jpg
Giant-s Causeway,Giant-s Causeway/24.2016-giants-causeway-pan.jpg
Giant-s Causeway,Giant-s Causeway/24.jpg
Giant-s Causeway,Giant-s Causeway/25.giants-causeway-sunset-blog.jpg
Giant-s Causeway,Giant-s Causeway/25.jpg
Giant-s Causeway,Giant-s Causeway/26.jpg
Giant-s Causeway,Giant-s Causeway/27.jpg
Giant-s Causeway,Giant-s Causeway/28.43761995654_75f9d7d2c7_b.jpg
Giant-s Causeway,Giant-s Causeway/28.jpg
Giant-s Causeway,Giant-s Causeway/29.giants-causeway-taxi-tours.jpg
Giant-s Causeway,Giant-s Causeway/29.jpg
Giant-s Causeway,Giant-s Causeway/3.giants_20causeway.JPG
Giant-s Causeway,Giant-s Causeway/3.jpg
Giant-s Causeway,Giant-s Causeway/30.jpg
Giant-s Causeway,Giant-s Causeway/31.jpg
Giant-s Causeway,Giant-s Causeway/33.Fingals-Cave-Giants-Causeway-Scotland.jpg
Giant-s Causeway,Giant-s Causeway/33.jpg
Giant-s Causeway,Giant-s Causeway/34.giants-causeway-strip.jpg
Giant-s Causeway,Giant-s Causeway/34.jpg
Giant-s Causeway,Giant-s Causeway/35.1431735893652-causewaysunsethorizon.jpg
Giant-s Causeway,Giant-s Causeway/35.jpg
Giant-s Causeway,Giant-s Causeway/36.26229796070_3d77e8c7cd_b.jpg
Giant-s Causeway,Giant-s Causeway/36.jpg
Giant-s Causeway,Giant-s Causeway/37.831300.jpg
Giant-s Causeway,Giant-s Causeway/37.jpg
Giant-s Causeway,Giant-s Causeway/38.Walk-1-06-The-Giants-Causeway-with-tourists.jpg
Giant-s Causeway,Giant-s Causeway/38.jpg
Giant-s Causeway,Giant-s Causeway/39.jpg
Giant-s Causeway,Giant-s Causeway/39.stock-photo-giant-s-causeway-antrim-northern-ireland-393991747.jpg
Giant-s Causeway,Giant-s Causeway/4.jpg
Giant-s Causeway,Giant-s Causeway/4.news-giants-causeway.jpg
Giant-s Causeway,Giant-s Causeway/40.tour_img-1745614-146.jpg
Giant-s Causeway,Giant-s Causeway/41.giants-causeway-tour-from-dublin.jpg
Giant-s Causeway,Giant-s Causeway/42.jpg
Giant-s Causeway,Giant-s Causeway/43.giantscauseway-1.jpg
Giant-s Causeway,Giant-s Causeway/44.Giant_Strip_new-one-resize.jpg
Giant-s Causeway,Giant-s Causeway/44.jpg
Giant-s Causeway,Giant-s Causeway/45.giants-causeway-beautiful-summer-day-260nw-663377959.jpg
Giant-s Causeway,Giant-s Causeway/45.jpg
Giant-s Causeway,Giant-s Causeway/47.ff-copy.jpg
Giant-s Causeway,Giant-s Causeway/47.jpg
Giant-s Causeway,Giant-s Causeway/48.giants-causeway-19186.jpg
Giant-s Causeway,Giant-s Causeway/48.jpg
Giant-s Causeway,Giant-s Causeway/49.giantscauseway-940x270.jpg
Giant-s Causeway,Giant-s Causeway/49.jpg
Giant-s Causeway,Giant-s Causeway/5.giants-causeway-panoramic.jpg
Giant-s Causeway,Giant-s Causeway/5.jpg
Giant-s Causeway,Giant-s Causeway/50.GiantsCausewayHexagonal_600.jpg
Giant-s Causeway,Giant-s Causeway/50.jpg
Giant-s Causeway,Giant-s Causeway/51.giants-causewy-panorama-1.jpg
Giant-s Causeway,Giant-s Causeway/52.bab7e03b1d01f81f8790be4efce156d9.jpg
Giant-s Causeway,Giant-s Causeway/53.D12920---Antrim-Giants-Causeway-Afternoon.jpg
Giant-s Causeway,Giant-s Causeway/53.jpg
Giant-s Causeway,Giant-s Causeway/54.jpg
Giant-s Causeway,Giant-s Causeway/54.the-giants-causeway-yolanda-romero-angueira.jpg
Giant-s Causeway,Giant-s Causeway/55.jpg
Giant-s Causeway,Giant-s Causeway/56.jpg
Giant-s Causeway,Giant-s Causeway/56.the_giants_causeway.jpg
Giant-s Causeway,Giant-s Causeway/57.jpg
Giant-s Causeway,Giant-s Causeway/57.the-giants-causeway.jpg
Giant-s Causeway,Giant-s Causeway/58.coastline-giant-s-causeway-northern-ireland-rocky-coast-bright-sunny-day-75571956.jpg
Giant-s Causeway,Giant-s Causeway/58.jpg
Giant-s Causeway,Giant-s Causeway/59.74722848-giant-s-causeway-in-a-beautiful-summer-day-northern-ireland.jpg
Giant-s Causeway,Giant-s Causeway/6.giant-causeway.jpg
Giant-s Causeway,Giant-s Causeway/6.jpg
Giant-s Causeway,Giant-s Causeway/60.jpg
Giant-s Causeway,Giant-s Causeway/61.giants-causeway.jpg
Giant-s Causeway,Giant-s Causeway/61.jpg
Giant-s Causeway,Giant-s Causeway/62.jpg
Giant-s Causeway,Giant-s Causeway/63.700-GiantsCauseway.jpg
Giant-s Causeway,Giant-s Causeway/63.jpg
Giant-s Causeway,Giant-s Causeway/64.carousel04.jpg
Giant-s Causeway,Giant-s Causeway/64.jpg
Giant-s Causeway,Giant-s Causeway/65.giants-causeway-4.jpg
Giant-s Causeway,Giant-s Causeway/66.causeway-5.jpg
Giant-s Causeway,Giant-s Causeway/66.jpg
Giant-s Causeway,Giant-s Causeway/68.Formation-of-Giants-Causeway-Devils-Postpile-explained-in-new-study.jpg
Giant-s Causeway,Giant-s Causeway/68.jpg
Giant-s Causeway,Giant-s Causeway/69.giants_causeway_home3.jpg
Giant-s Causeway,Giant-s Causeway/69.jpg
Giant-s Causeway,Giant-s Causeway/7.giants-causeway-nis-_shutterstock_376829428.jpg
Giant-s Causeway,Giant-s Causeway/7.jpg
Giant-s Causeway,Giant-s Causeway/70.giants_causeway-1200x430.jpg
Giant-s Causeway,Giant-s Causeway/70.jpg
Giant-s Causeway,Giant-s Causeway/71.giants-causeway.jpg
Giant-s Causeway,Giant-s Causeway/71.jpg
Giant-s Causeway,Giant-s Causeway/72.jpg
Giant-s Causeway,Giant-s Causeway/73.T39248---Antrim-Giants-Causeway-Evening-Panorama.jpg
Giant-s Causeway,Giant-s Causeway/74.jpg
Giant-s Causeway,Giant-s Causeway/75.Giants-Causeway-Cover-nlodv72s22nfi2xfmfjyeitqvcgw79s6v7w7d5scqw.jpg
Giant-s Causeway,Giant-s Causeway/75.jpg
Giant-s Causeway,Giant-s Causeway/76.D-jdFdHXsAEq18G.jpg
Giant-s Causeway,Giant-s Causeway/79.jpg
Giant-s Causeway,Giant-s Causeway/8.jpg
Giant-s Causeway,Giant-s Causeway/80.got3.jpg
Giant-s Causeway,Giant-s Causeway/80.jpg
Giant-s Causeway,Giant-s Causeway/81.landscape-giants-causeway-northern-ireland-260nw-1438357835.jpg
Giant-s Causeway,Giant-s Causeway/82.belfast_giants_causway_2x1.jpg
Giant-s Causeway,Giant-s Causeway/82.jpg
Giant-s Causeway,Giant-s Causeway/83.60173964-coast-of-giant-s-causeway.jpg
Giant-s Causeway,Giant-s Causeway/83.jpg
Giant-s Causeway,Giant-s Causeway/84.jpg
Giant-s Causeway,Giant-s Causeway/86.jpg
Giant-s Causeway,Giant-s Causeway/87.jpg
Giant-s Causeway,Giant-s Causeway/88.0cf75a7e-giants-causeway-coast-way-irelandways.jpg
Giant-s Causeway,Giant-s Causeway/88.jpg
Giant-s Causeway,"Giant-s Causeway/89.basalt-columns-of-giants-causeway-antrim-coast-northern-ireland,109940.jpg"
Giant-s Causeway,Giant-s Causeway/89.jpg
Giant-s Causeway,Giant-s Causeway/9.Giants-Causeway.jpg
Giant-s Causeway,Giant-s Causeway/9.jpg
Giant-s Causeway,Giant-s Causeway/90.giants-causeway-beautiful-summer-day-260nw-671525311.jpg
Giant-s Causeway,Giant-s Causeway/90.jpg
Giant-s Causeway,Giant-s Causeway/91.jpg
Giant-s Causeway,Giant-s Causeway/92.giants-causeway-tour-1.jpg
Giant-s Causeway,Giant-s Causeway/92.jpg
Giant-s Causeway,Giant-s Causeway/93.northern-ireland-giants-causeway.jpg
Giant-s Causeway,Giant-s Causeway/94.causeway-coast-way-giants-causeway.jpg
Giant-s Causeway,Giant-s Causeway/95.F3DB3A3F-052D-86DB-1B0A6DD679116E9E.jpg
Giant-s Causeway,Giant-s Causeway/95.jpg
Giant-s Causeway,Giant-s Causeway/96.jpg
Great Wall Of China - China,Great Wall Of China - China/10.i1080x475(1).jpg
Great Wall Of China - China,Great Wall Of China - China/10.i1080x475.jpg
Great Wall Of China - China,Great Wall Of China - China/10.jpg
Great Wall Of China - China,Great Wall Of China - China/102.jpg
Great Wall Of China - China,Great Wall Of China - China/105.jpg
Great Wall Of China - China,Great Wall Of China - China/106.jpg
Great Wall Of China - China,Great Wall Of China - China/11.wallofchina_aug08_631(1).jpg
Great Wall Of China - China,Great Wall Of China - China/11.wallofchina_aug08_631.jpg
Great Wall Of China - China,Great Wall Of China - China/12.great-wall-beijing-iStock-899508826-panorama(1).jpg
Great Wall Of China - China,Great Wall Of China - China/12.great-wall-beijing-iStock-899508826-panorama.jpg
Great Wall Of China - China,Great Wall Of China - China/12.jpg
Great Wall Of China - China,Great Wall Of China - China/13.great-wall-of-china-jinshanling-02-featured-690x340(1).jpg
Great Wall Of China - China,Great Wall Of China - China/13.great-wall-of-china-jinshanling-02-featured-690x340.jpg
Great Wall Of China - China,Great Wall Of China - China/13.jpg
Great Wall Of China - China,Great Wall Of China - China/14.Great_Wall_of_China(1).jpg
Great Wall Of China - China,Great Wall Of China - China/14.Great_Wall_of_China.jpg
Great Wall Of China - China,Great Wall Of China - China/14.jpg
Great Wall Of China - China,Great Wall Of China - China/15.852402-walking-on-the-great-wall-of-china-china-panorama-(1).jpg
Great Wall Of China - China,Great Wall Of China - China/15.852402-walking-on-the-great-wall-of-china-china-panorama-.jpg
Great Wall Of China - China,Great Wall Of China - China/15.jpg
Great Wall Of China - China,Great Wall Of China - China/16.jpg
Great Wall Of China - China,Great Wall Of China - China/17.jpeg
Great Wall Of China - China,Great Wall Of China - China/17.mutianyu-great-wall-768(1).jpg
Great Wall Of China - China,Great Wall Of China - China/17.mutianyu-great-wall-768.jpg
Great Wall Of China - China,Great Wall Of China - China/18.great-wall-of-china-tour(1).jpg
Great Wall Of China - China,Great Wall Of China - China/18.great-wall-of-china-tour.jpg
Great Wall Of China - China,Great Wall Of China - China/18.jpg
Great Wall Of China - China,Great Wall Of China - China/19.China_20Great_20Wall_204_20small(1).jpg
Great Wall Of China - China,Great Wall Of China - China/19.China_20Great_20Wall_204_20small.jpg
Great Wall Of China - China,Great Wall Of China - China/19.jpg
Great Wall Of China - China,Great Wall Of China - China/2.istock656279442greatwall_2400x800.jpg
Great Wall Of China - China,Great Wall Of China - China/20.big_1497867556(1).jpg
Great Wall Of China - China,Great Wall Of China - China/20.big_1497867556.jpg
Great Wall Of China - China,Great Wall Of China - China/20.jpg
Great Wall Of China - China,Great Wall Of China - China/21.image-377757-mmo_panoV9-kzop-377757(1).jpg
Great Wall Of China - China,Great Wall Of China - China/21.image-377757-mmo_panoV9-kzop-377757.jpg
Great Wall Of China - China,Great Wall Of China - China/21.jpg
Great Wall Of China - China,Great Wall Of China - China/22.17855182_1835458169813134_1856450125213662145_o(1).jpg
Great Wall Of China - China,Great Wall Of China - China/22.17855182_1835458169813134_1856450125213662145_o.jpg
Great Wall Of China - China,Great Wall Of China - China/22.jpg
Great Wall Of China - China,Great Wall Of China - China/23.jpg
Great Wall Of China - China,Great Wall Of China - China/23.mhh_home_slide_image_greatwall_jinshanling_09_1005x363(1).jpg
Great Wall Of China - China,Great Wall Of China - China/23.mhh_home_slide_image_greatwall_jinshanling_09_1005x363.jpg
Great Wall Of China - China,Great Wall Of China - China/24.dv1260002_XS(1).jpg
Great Wall Of China - China,Great Wall Of China - China/24.dv1260002_XS.jpg
Great Wall Of China - China,Great Wall Of China - China/24.jpg
Great Wall Of China - China,Great Wall Of China - China/25.shutterstock_550130965(1).jpg
Great Wall Of China - China,Great Wall Of China - China/25.shutterstock_550130965.jpg
Great Wall Of China - China,Great Wall Of China - China/26.badaling-great-wall9(1).jpg
Great Wall Of China - China,Great Wall Of China - China/26.badaling-great-wall9.jpg
Great Wall Of China - China,Great Wall Of China - China/26.jpg
Great Wall Of China - China,Great Wall Of China - China/28.Great-Wall-of-China-trek-main(1).jpg
Great Wall Of China - China,Great Wall Of China - China/28.Great-Wall-of-China-trek-main.jpg
Great Wall Of China - China,Great Wall Of China - China/28.jpg
Great Wall Of China - China,Great Wall Of China - China/29.2018-08-21-13.08.33-1-730x350(1).jpg
Great Wall Of China - China,Great Wall Of China - China/29.2018-08-21-13.08.33-1-730x350.jpg
Great Wall Of China - China,Great Wall Of China - China/29.png
Great Wall Of China - China,Great Wall Of China - China/3.10-facts-about-Great-Wall-of-China.jpg
Great Wall Of China - China,Great Wall Of China - China/3.jpg
Great Wall Of China - China,Great Wall Of China - China/30.jpg
Great Wall Of China - China,Great Wall Of China - China/31.great-wall2(1).jpg
Great Wall Of China - China,Great Wall Of China - China/31.great-wall2.jpg
Great Wall Of China - China,Great Wall Of China - China/31.jpg
Great Wall Of China - China,Great Wall Of China - China/32.greatwall_feature(1).jpg
Great Wall Of China - China,Great Wall Of China - China/32.greatwall_feature.jpg
Great Wall Of China - China,Great Wall Of China - China/32.jpg
Great Wall Of China - China,Great Wall Of China - China/33.Great-wall-of-china-crumbling-1020x400(1).jpg
Great Wall Of China - China,Great Wall Of China - China/33.Great-wall-of-china-crumbling-1020x400.jpg
Great Wall Of China - China,Great Wall Of China - China/33.png
Great Wall Of China - China,Great Wall Of China - China/34.Great-Wall-Of-China-Chengdu(1).jpg
Great Wall Of China - China,Great Wall Of China - China/34.Great-Wall-Of-China-Chengdu.jpg
Great Wall Of China - China,Great Wall Of China - China/34.jpg
Great Wall Of China - China,Great Wall Of China - China/35.file73i4xpumg9114m0ergl3-1547239273(1).jpg
Great Wall Of China - China,Great Wall Of China - China/35.file73i4xpumg9114m0ergl3-1547239273.jpg
Great Wall Of China - China,Great Wall Of China - China/35.jpg
Great Wall Of China - China,Great Wall Of China - China/36.dreamstime_xxl_54551399(1).jpg
Great Wall Of China - China,Great Wall Of China - China/36.dreamstime_xxl_54551399.jpg
Great Wall Of China - China,Great Wall Of China - China/36.jpg
Great Wall Of China - China,Great Wall Of China - China/37.1194563275_664d6b15e2_b(1).jpg
Great Wall Of China - China,Great Wall Of China - China/37.1194563275_664d6b15e2_b.jpg
Great Wall Of China - China,Great Wall Of China - China/37.jpg
Great Wall Of China - China,Great Wall Of China - China/39.D869_26_591_1200(1).jpg
Great Wall Of China - China,Great Wall Of China - China/39.D869_26_591_1200.jpg
Great Wall Of China - China,Great Wall Of China - China/39.jpg
Great Wall Of China - China,Great Wall Of China - China/4.CH-Beijing-GreatWall-3.jpg
Great Wall Of China - China,Great Wall Of China - China/4.jpg
Great Wall Of China - China,Great Wall Of China - China/41.jpg
Great Wall Of China - China,Great Wall Of China - China/42.jpg
Great Wall Of China - China,Great Wall Of China - China/42.landscape-1474556272-great-wall-of-china.jpg
Great Wall Of China - China,Great Wall Of China - China/43.great-wall-of-china-facts-2(1).jpg
Great Wall Of China - China,Great Wall Of China - China/43.great-wall-of-china-facts-2.jpg
Great Wall Of China - China,Great Wall Of China - China/43.jpg
Great Wall Of China - China,Great Wall Of China - China/44.The-Great-Wall-of-China-pg-50-main-1024x496(1).jpg
Great Wall Of China - China,Great Wall Of China - China/44.The-Great-Wall-of-China-pg-50-main-1024x496.jpg
Great Wall Of China - China,Great Wall Of China - China/44.jpg
Great Wall Of China - China,Great Wall Of China - China/45.china_wall_01_big.jpg
Great Wall Of China - China,Great Wall Of China - China/45.jpg
Great Wall Of China - China,Great Wall Of China - China/46.china-1200x430.jpg
Great Wall Of China - China,Great Wall Of China - China/46.jpg
Great Wall Of China - China,Great Wall Of China - China/47.jamie-street-zhiQORykuwQ-unsplash-956x377.jpg
Great Wall Of China - China,Great Wall Of China - China/47.jpg
Great Wall Of China - China,Great Wall Of China - China/48.1500x450.1509643124.jpg
Great Wall Of China - China,Great Wall Of China - China/48.jpg
Great Wall Of China - China,Great Wall Of China - China/49.greatwallofchina(1).jpg
Great Wall Of China - China,Great Wall Of China - China/49.greatwallofchina.jpg
Great Wall Of China - China,Great Wall Of China - China/49.jpg
Great Wall Of China - China,Great Wall Of China - China/5.great-wall-china-jinshanling-1714198_1920_p.jpg
Great Wall Of China - China,Great Wall Of China - China/5.jpg
Great Wall Of China - China,Great Wall Of China - China/50.223165_82iK5JCB(1).jpg
Great Wall Of China - China,Great Wall Of China - China/50.223165_82iK5JCB.jpg
Great Wall Of China - China,Great Wall Of China - China/51.jpg
Great Wall Of China - China,Great Wall Of China - China/51.voyage-grande-muraille-chine-huangyaguan-1(1).jpg
Great Wall Of China - China,Great Wall Of China - China/51.voyage-grande-muraille-chine-huangyaguan-1.jpg
Great Wall Of China - China,Great Wall Of China - China/52.great-wall-china.jpg
Great Wall Of China - China,Great Wall Of China - China/52.jpg
Great Wall Of China - China,Great Wall Of China - China/53.Stretch-of-the-Great-Wall-of-China--China-Tours--On-The-Go-Tours-279841450457645_crop_683_341.jpg
Great Wall Of China - China,Great Wall Of China - China/53.jpg
Great Wall Of China - China,Great Wall Of China - China/54.china-greatwallaerialatdawn-1000x500.jpg
Great Wall Of China - China,Great Wall Of China - China/54.jpg
Great Wall Of China - China,Great Wall Of China - China/55.DSC06592.jpg
Great Wall Of China - China,Great Wall Of China - China/56.Chariot_China.jpg
Great Wall Of China - China,Great Wall Of China - China/56.jpg
Great Wall Of China - China,Great Wall Of China - China/57.b5b3c637-running-from-the-mourne-wall-to-the-great-wall-696x343.jpg
Great Wall Of China - China,Great Wall Of China - China/57.jpg
Great Wall Of China - China,Great Wall Of China - China/58.China_20Great_20Wall-AP.jpg
Great Wall Of China - China,Great Wall Of China - China/59.jpeg
Great Wall Of China - China,Great Wall Of China - China/6.great-wall-of-china-fact.jpg
Great Wall Of China - China,Great Wall Of China - China/6.jpg
Great Wall Of China - China,Great Wall Of China - China/60.jpg
Great Wall Of China - China,Great Wall Of China - China/60.the-great-wall-of-china-great-wall-of-china-is-a-series-of-fortifications-made-of-stone-brick-banner-long-format-RAH738.jpg
Great Wall Of China - China,Great Wall Of China - China/61.great-wall-of-china-flinders-ranges-south-australia-640x319.jpg
Great Wall Of China - China,Great Wall Of China - China/61.jpg
Great Wall Of China - China,Great Wall Of China - China/62._E9_95_BF_E5_9F_8E_E6_8B_BC_E5_9B_BE1_20jp.jpg
Great Wall Of China - China,Great Wall Of China - China/62.jpg
Great Wall Of China - China,Great Wall Of China - China/63.great-wall-china-landscape-260nw-36821797.jpg
Great Wall Of China - China,Great Wall Of China - China/64.Simatai_Great_Wall_banner.jpg
Great Wall Of China - China,Great Wall Of China - China/64.jpg
Great Wall Of China - China,Great Wall Of China - China/65.great-wall-panorama3-small.jpg
Great Wall Of China - China,Great Wall Of China - China/66.excursion-privada-gran-muralla-china.jpg
Great Wall Of China - China,Great Wall Of China - China/66.jpg
Great Wall Of China - China,Great Wall Of China - China/67.16967026-beijing-great-wall-of-china.jpg
Great Wall Of China - China,Great Wall Of China - China/68.jpg
Great Wall Of China - China,Great Wall Of China - China/69.15596387983375.jpg
Great Wall Of China - China,Great Wall Of China - China/69.jpg
Great Wall Of China - China,Great Wall Of China - China/7.Discovering-the-Great-Wall-featured-image-1.jpg
Great Wall Of China - China,Great Wall Of China - China/7.jpg
Great Wall Of China - China,Great Wall Of China - China/70.DSC_0023.jpg
Great Wall Of China - China,Great Wall Of China - China/70.jpg
Great Wall Of China - China,Great Wall Of China - China/71.jpg
Great Wall Of China - China,Great Wall Of China - China/72.china-great-wall-charity-challenge-main.jpg
Great Wall Of China - China,Great Wall Of China - China/72.jpg
Great Wall Of China - China,Great Wall Of China - China/73.613chinesehistory.jpg
Great Wall Of China - China,Great Wall Of China - China/73.jpg
Great Wall Of China - China,Great Wall Of China - China/74.china_great_wall_10.jpg
Great Wall Of China - China,Great Wall Of China - China/74.jpg
Great Wall Of China - China,Great Wall Of China - China/75.great-wall-of-china.jpg
Great Wall Of China - China,Great Wall Of China - China/75.jpg
Great Wall Of China - China,Great Wall Of China - China/76.great-wall-of-china.jpg
Great Wall Of China - China,Great Wall Of China - China/76.jpg
Great Wall Of China - China,Great Wall Of China - China/77.great-wall-of-china3.jpg
Great Wall Of China - China,Great Wall Of China - China/77.jpg
Great Wall Of China - China,Great Wall Of China - China/78.Peking_Great_Wall.jpg
Great Wall Of China - China,Great Wall Of China - China/79.cropped-great-wall-china-953399.jpg
Great Wall Of China - China,Great Wall Of China - China/79.jpg
Great Wall Of China - China,Great Wall Of China - China/8.000241_20Badaling_20Great_20Wall_20001(1).JPG
Great Wall Of China - China,Great Wall Of China - China/8.000241_20Badaling_20Great_20Wall_20001.JPG
Great Wall Of China - China,Great Wall Of China - China/8.jpg
Great Wall Of China - China,Great Wall Of China - China/80.voyage-chine-grande-muraille-chine-jinshanling-4.jpg
Great Wall Of China - China,Great Wall Of China - China/81.China-great-wall-of-china-16.jpg
Great Wall Of China - China,Great Wall Of China - China/81.jpg
Great Wall Of China - China,Great Wall Of China - China/82.6841179584_8cebbc8b16_b.jpg
Great Wall Of China - China,Great Wall Of China - China/83.Beijing-Layover-Great-Wall-1100x534.jpg
Great Wall Of China - China,Great Wall Of China - China/84.Great-Wall-of-China-273526-950px-16x7.jpg
Great Wall Of China - China,Great Wall Of China - China/84.jpg
Great Wall Of China - China,Great Wall Of China - China/85.great-wall-autumn_29191.jpg
Great Wall Of China - China,Great Wall Of China - China/86.badaling-447106.jpg
Great Wall Of China - China,Great Wall Of China - China/86.jpg
Great Wall Of China - China,Great Wall Of China - China/87.the-great-wall-of-china-ond-the-mountains-china-panorama-stock-picture-288842.jpg
Great Wall Of China - China,Great Wall Of China - China/88.2235deed950fb4461ccc8be7c3009848.jpg
Great Wall Of China - China,Great Wall Of China - China/89.jpg
Great Wall Of China - China,Great Wall Of China - China/89.str2_mcgreatwall_PLEASEUSE.PDF.jpg
Great Wall Of China - China,Great Wall Of China - China/9.great-wall-china-sunrisepanoramic-view-260nw-1140068909(1).jpg
Great Wall Of China - China,Great Wall Of China - China/9.great-wall-china-sunrisepanoramic-view-260nw-1140068909.jpg
Great Wall Of China - China,Great Wall Of China - China/9.jpg
Great Wall Of China - China,Great Wall Of China - China/90.2170-Muralla.jpg
Great Wall Of China - China,Great Wall Of China - China/92.jpg
Great Wall Of China - China,Great Wall Of China - China/93.jpg
Great Wall Of China - China,Great Wall Of China - China/94.jpg
Great Wall Of China - China,Great Wall Of China - China/97.jpg
Great Wall Of China - China,Great Wall Of China - China/99.jpg
Himalaya - India,Himalaya - India/1.Tour-Himalayas3.jpg
Himalaya - India,Himalaya - India/10.Borasupass.jpg
Himalaya - India,Himalaya - India/101.jpg
Himalaya - India,Himalaya - India/11.Himalayas_3.jpg
Himalaya - India,Himalaya - India/11.jpg
Himalaya - India,Himalaya - India/12.Karakoram-pass.jpg
Himalaya - India,Himalaya - India/12.jpg
Himalaya - India,Himalaya - India/13.himalayas.jpg
Himalaya - India,Himalaya - India/13.jpg
Himalaya - India,Himalaya - India/14.himalayas-mountain-landscape-panoramic-view-of-himalaya-peaks-india-R8EG7Y.jpg
Himalaya - India,Himalaya - India/14.jpg
Himalaya - India,Himalaya - India/15.Asia-Indian-Sub-India-Himalaya.jpg
Himalaya - India,Himalaya - India/16.jpg
Himalaya - India,Himalaya - India/16.large_5XlunyWi2wlbahIjyXzDszY_5Gf_wtv2E04VbuGp4Bg.jpg
Himalaya - India,Himalaya - India/17.jpg
Himalaya - India,Himalaya - India/17.sandakphu-trek.JPG
Himalaya - India,Himalaya - India/18.himachal2.jpg
Himalaya - India,Himalaya - India/18.jpg
Himalaya - India,Himalaya - India/19.jpg
Himalaya - India,Himalaya - India/19.mountain.jpg
Himalaya - India,Himalaya - India/2.istock_540840250_nepal_himalaya_mt_everest_letterbox.jpg
Himalaya - India,Himalaya - India/2.jpg
Himalaya - India,Himalaya - India/20.0.32611600_1549266625_gettyimages-888710930.jpg
Himalaya - India,Himalaya - India/20.jpg
Himalaya - India,Himalaya - India/21.dry-mountain-rang-landscapes-of-the-indian-himalaya-near-leh-ladak-india-P9FDA0.jpg
Himalaya - India,Himalaya - India/21.jpg
Himalaya - India,Himalaya - India/22.Indian-Himalayas-India.jpg
Himalaya - India,Himalaya - India/22.jpg
Himalaya - India,Himalaya - India/23.h-pbanner.jpg
Himalaya - India,Himalaya - India/24.jpg
Himalaya - India,Himalaya - India/24.mount-kamet.jpg
Himalaya - India,Himalaya - India/25.discover-himalaya-banner-2(1).jpg
Himalaya - India,Himalaya - India/25.discover-himalaya-banner-2.jpg
Himalaya - India,Himalaya - India/25.jpg
Himalaya - India,Himalaya - India/26.jpg
Himalaya - India,Himalaya - India/26.stock-photo-kabru-range-and-kanchenjunga-sikkim-himalaya-india-59997805.jpg
Himalaya - India,Himalaya - India/27.jpg
Himalaya - India,Himalaya - India/27.liveindia-ganga120(1).jpg
Himalaya - India,Himalaya - India/27.liveindia-ganga120.jpg
Himalaya - India,Himalaya - India/28.Chhota-Shigri-Glacier-5300-m-a.s.l-Copy.jpg
Himalaya - India,Himalaya - India/28.jpg
Himalaya - India,Himalaya - India/29.himalayas-India-Luxury-Travel-Ker-Downey.jpg
Himalaya - India,Himalaya - India/29.jpg
Himalaya - India,Himalaya - India/3.himalayas.jpg
Himalaya - India,Himalaya - India/30.himalaya-main(1).jpg
Himalaya - India,Himalaya - India/30.himalaya-main.jpg
Himalaya - India,Himalaya - India/30.jpg
Himalaya - India,Himalaya - India/33.dzongri-kangchenjunganational-park-sikkim-himalaya-260nw-56711470(1).jpg
Himalaya - India,Himalaya - India/33.dzongri-kangchenjunganational-park-sikkim-himalaya-260nw-56711470.jpg
Himalaya - India,Himalaya - India/33.jpg
Himalaya - India,Himalaya - India/34.jpg
Himalaya - India,Himalaya - India/34.lord-shiva_1397.jpg
Himalaya - India,Himalaya - India/35.0.99008900_1439363192_himalayas_large(1).jpg
Himalaya - India,Himalaya - India/35.0.99008900_1439363192_himalayas_large.jpg
Himalaya - India,Himalaya - India/35.jpg
Himalaya - India,Himalaya - India/36.himalayas(1).jpg
Himalaya - India,Himalaya - India/36.himalayas.jpg
Himalaya - India,Himalaya - India/36.jpg
Himalaya - India,Himalaya - India/37.jpg
Himalaya - India,Himalaya - India/38.5d054a2f6fc92022ec20e502-750-375.jpg
Himalaya - India,Himalaya - India/38.jpg
Himalaya - India,Himalaya - India/39.Almora-bannerr-1517982696.jpg
Himalaya - India,Himalaya - India/4.jpg
Himalaya - India,Himalaya - India/40.21200809141_ca1f587b47_b.jpg
Himalaya - India,Himalaya - India/40.jpg
Himalaya - India,Himalaya - India/41.himalaya_signature.jpg
Himalaya - India,Himalaya - India/41.jpg
Himalaya - India,Himalaya - India/44.jpg
Himalaya - India,Himalaya - India/44.the-garhwal-himalaya.jpg
Himalaya - India,Himalaya - India/45.butterflies_bees_indian_himalayas_c.jonathan-escolar_h3_5271.jpg
Himalaya - India,Himalaya - India/45.jpg
Himalaya - India,Himalaya - India/47.indian-himalayas.jpg
Himalaya - India,Himalaya - India/47.png
Himalaya - India,Himalaya - India/48.53414521-panorama-of-the-yumthang-valley-in-north-sikkim-himalaya-india.jpg
Himalaya - India,Himalaya - India/49.deoria-tal-trek.jpg
Himalaya - India,Himalaya - India/49.jpg
Himalaya - India,Himalaya - India/5.istock528064966_india_himalayas_800c2400.jpg
Himalaya - India,Himalaya - India/50.jpg
Himalaya - India,Himalaya - India/50.prayer_flags_india_himalaya.jpg
Himalaya - India,Himalaya - India/51.jpg
Himalaya - India,Himalaya - India/52.jpg
Himalaya - India,Himalaya - India/53.8640194721_97cb10017d_b.jpg
Himalaya - India,Himalaya - India/53.jpg
Himalaya - India,Himalaya - India/54.NandaDevisunnylittle_000.jpg
Himalaya - India,Himalaya - India/54.jpg
Himalaya - India,Himalaya - India/55.Satopanth.jpg
Himalaya - India,Himalaya - India/55.jpg
Himalaya - India,Himalaya - India/56.jpg
Himalaya - India,Himalaya - India/57.india-2.jpg
Himalaya - India,Himalaya - India/57.jpg
Himalaya - India,Himalaya - India/58.beautiful-colorful-panoramic-landscape-taken-gandala-pass-himalaya-mountains-ladakh-india-beautiful-colorful-127475251.jpg
Himalaya - India,Himalaya - India/58.jpg
Himalaya - India,Himalaya - India/59.Himalaya-Destination-4.jpg
Himalaya - India,Himalaya - India/6.North-East-India.jpg
Himalaya - India,Himalaya - India/6.jpg
Himalaya - India,Himalaya - India/60.jpg
Himalaya - India,Himalaya - India/60.tthim_himalayas.jpg
Himalaya - India,Himalaya - India/61.1050px-Panoramic_view_of_the_Himalayas_from_Kausani_2C_Uttarakhand.jpg
Himalaya - India,Himalaya - India/61.jpg
Himalaya - India,Himalaya - India/62.Pindari-Glacier-Trek.jpg
Himalaya - India,Himalaya - India/63.hangchendzonga-national-par.jpg
Himalaya - India,Himalaya - India/64.jpg
Himalaya - India,Himalaya - India/65.jpg
Himalaya - India,Himalaya - India/66.india-trekking-himalaya.jpg
Himalaya - India,Himalaya - India/67.0.23186100_1549439091_gettyimages-687401904.jpg
Himalaya - India,Himalaya - India/68.himalaya3-2.jpg
Himalaya - India,Himalaya - India/69.dry-mountain-rang-landscapes-of-the-indian-himalaya-near-leh-ladak-india-P9FDAF.jpg
Himalaya - India,Himalaya - India/7.jpg
Himalaya - India,Himalaya - India/7.pin-parvati.jpg
Himalaya - India,Himalaya - India/70.jpg
Himalaya - India,Himalaya - India/70.logo-kedarnath1.jpg
Himalaya - India,Himalaya - India/71.eco1.jpg
Himalaya - India,Himalaya - India/71.jpg
Himalaya - India,Himalaya - India/72.127750177-view-landscape-of-himalayas-or-himalaya-range-mountain-with-confluence-of-the-indus-and-zanskar-rive.jpg
Himalaya - India,Himalaya - India/73.jpg
Himalaya - India,Himalaya - India/74.jpg
Himalaya - India,Himalaya - India/74.panoramic-view-himalaya-mountain-range-as-seen-northeast-india-pelling-mountains-left-to-right-kabru-metres-talung-109135260.jpg
Himalaya - India,Himalaya - India/75.5f46890b866ec4da0328d1815476bd16_northindia.himalayatour.441.jpg
Himalaya - India,Himalaya - India/75.jpeg
Himalaya - India,Himalaya - India/76.jpg
Himalaya - India,Himalaya - India/77.Kashmir-Great-Lakes-Trek.jpg
Himalaya - India,Himalaya - India/77.jpg
Himalaya - India,Himalaya - India/78.1200px-Kabru_Complex.jpg
Himalaya - India,Himalaya - India/79.Kanji-La.jpg
Himalaya - India,Himalaya - India/8.jpeg
Himalaya - India,Himalaya - India/80.jpeg
Himalaya - India,Himalaya - India/81.indian-himalaya-panorama.jpg
Himalaya - India,Himalaya - India/81.png
Himalaya - India,Himalaya - India/82.jpg
Himalaya - India,Himalaya - India/84.jammu-3396131_960_720.jpg
Himalaya - India,Himalaya - India/84.jpg
Himalaya - India,Himalaya - India/85.jpg
Himalaya - India,Himalaya - India/86.jpg
Himalaya - India,Himalaya - India/88.pic1.jpg
Himalaya - India,Himalaya - India/89.banner-1.jpg
Himalaya - India,Himalaya - India/89.jpg
Himalaya - India,Himalaya - India/9.jpg
Himalaya - India,Himalaya - India/9.pdhpvqzeuf-1465986681.jpg
Himalaya - India,Himalaya - India/91.jpg
Himalaya - India,Himalaya - India/91.kabru-range-kanchenjunga-sikkim-himalaya-260nw-57145231.jpg
Himalaya - India,Himalaya - India/92.jpg
Himalaya - India,Himalaya - India/96.jpg
Himalaya - India,Himalaya - India/98.jpg
Himalaya - India,Himalaya - India/99.jpg
Machu Pichu,Machu Pichu/1.latin-america-peru-machu-picchu-unesco-world-heritage-site.jpg
Machu Pichu,Machu Pichu/10.jpg
Machu Pichu,Machu Pichu/10.top-destination-machu-picchu-1.jpg
Machu Pichu,Machu Pichu/100.jpg
Machu Pichu,Machu Pichu/102.jpeg
Machu Pichu,Machu Pichu/104.jpg
Machu Pichu,Machu Pichu/105.jpg
Machu Pichu,Machu Pichu/106.jpeg
Machu Pichu,Machu Pichu/108.jpg
Machu Pichu,Machu Pichu/109.jpg
Machu Pichu,Machu Pichu/11.large_gLB3MNqnwx9JgPCfOqykKWZ_TJjuKU593UjJkVRoEXk.jpg
Machu Pichu,Machu Pichu/112.jpg
Machu Pichu,Machu Pichu/113.jpg
Machu Pichu,Machu Pichu/12.istock_000034717900_machu_picchu.jpg
Machu Pichu,Machu Pichu/13.Machu-Picchu.jpg
Machu Pichu,Machu Pichu/13.jpg
Machu Pichu,Machu Pichu/14.Ciudadela.jpg
Machu Pichu,Machu Pichu/15.jpg
Machu Pichu,Machu Pichu/15.panoramic-view-of-Machu-Picchu-in-Peru.jpg
Machu Pichu,Machu Pichu/16.jpg
Machu Pichu,Machu Pichu/16.machu_sf19_big.jpg
Machu Pichu,Machu Pichu/17.jpg
Machu Pichu,Machu Pichu/18.jpg
Machu Pichu,Machu Pichu/18.salkantay-Trek-to-Machu-picchu.jpg
Machu Pichu,Machu Pichu/19.Machu-Picchu-willian-justen-de-vasconcellos-798x338.jpg
Machu Pichu,Machu Pichu/19.jpg
Machu Pichu,Machu Pichu/2.jpg
Machu Pichu,Machu Pichu/2.png
Machu Pichu,Machu Pichu/20.jpg
Machu Pichu,Machu Pichu/21.jpg
Machu Pichu,Machu Pichu/21.machu-picchu-facts.jpg
Machu Pichu,Machu Pichu/22.jpg
Machu Pichu,Machu Pichu/22.the-magic-of-machu-picchu.jpg
Machu Pichu,Machu Pichu/23.jpg
Machu Pichu,Machu Pichu/23.visitors-machu-picchu-2018-44-1553004744.jpg
Machu Pichu,Machu Pichu/24.1.jpg
Machu Pichu,Machu Pichu/25.jpeg
Machu Pichu,Machu Pichu/25.machu-picchu-trek.jpg
Machu Pichu,Machu Pichu/26.shutterstock_574021051-machupicchu.jpg
Machu Pichu,Machu Pichu/27.jpg
Machu Pichu,Machu Pichu/28.000_FO9T9-750x375.jpg
Machu Pichu,Machu Pichu/28.jpeg
Machu Pichu,Machu Pichu/28.jpg
Machu Pichu,Machu Pichu/29.jpg
Machu Pichu,Machu Pichu/3.twenty20_2f8c587e-94d4-46d6-a2d3-8184a5f8ad29-1400x500.jpg
Machu Pichu,Machu Pichu/30.macchu-p_1024x1024.jpg
Machu Pichu,Machu Pichu/31.new-regulations-for-machu-picchu-peru-725x320.jpg
Machu Pichu,Machu Pichu/33.Machu-Picchu.jpg
Machu Pichu,Machu Pichu/34.Machu-Picchu-Llama.jpg
Machu Pichu,Machu Pichu/34.jpg
Machu Pichu,Machu Pichu/35.THINGS-TO-KNOW-BEFORE-YOU-GO-TO-MACHU-PICCHU_HEADER-IMAGE-750x375.jpg
Machu Pichu,Machu Pichu/35.jpg
Machu Pichu,Machu Pichu/36.jpg
Machu Pichu,Machu Pichu/36.per_machupicchu_is_000015090741x_fromted12.jpg
Machu Pichu,Machu Pichu/37.jpg
Machu Pichu,Machu Pichu/37.lifelist-machupicchu-631.jpg
Machu Pichu,Machu Pichu/38.jpg
Machu Pichu,Machu Pichu/38.sacred-valley-machu-picchu-2-days-machu-picchu.jpg
Machu Pichu,Machu Pichu/39.560x250.jpg
Machu Pichu,Machu Pichu/4.Diferencia.jpg
Machu Pichu,Machu Pichu/4.jpg
Machu Pichu,Machu Pichu/40.jpg
Machu Pichu,Machu Pichu/41.Machu-Picchu-by-Michael-Mong-1024x313.jpg
Machu Pichu,Machu Pichu/41.jpg
Machu Pichu,Machu Pichu/42.cusco-machu-picchu-valle-sagrado.jpg
Machu Pichu,Machu Pichu/42.jpg
Machu Pichu,Machu Pichu/43.10-things-you-didnt-know-about-machu-picchu-725x320.jpg
Machu Pichu,Machu Pichu/43.jpg
Machu Pichu,Machu Pichu/44.day03_adobestock_62846316.jpg
Machu Pichu,Machu Pichu/45.jpg
Machu Pichu,Machu Pichu/45.machu-picchu-attraction1.jpg
Machu Pichu,Machu Pichu/46.GettyImages-680837425feature.jpg
Machu Pichu,Machu Pichu/47.amazon-voyage-extension-machu-picchu.jpg
Machu Pichu,Machu Pichu/49.inca-e1508989539381.jpg
Machu Pichu,Machu Pichu/5.jpg
Machu Pichu,Machu Pichu/5.machu-picchu-how-to-get-there.jpg
Machu Pichu,Machu Pichu/50.jpg
Machu Pichu,Machu Pichu/50.machu-picchu-cusco.jpg
Machu Pichu,Machu Pichu/51.003690_20Machu_20Picchu_2C_20Peru_013_Laura_20Mason_Personal_20Trip_May_202013.jpg
Machu Pichu,Machu Pichu/52.Machu-Picchu-Peru-328641-950px-16x7.jpg
Machu Pichu,Machu Pichu/52.jpg
Machu Pichu,Machu Pichu/53.MapiGratis-1240x500-o3exvht1sg1b3cmc37xm4fuaf08aljfk0xns74db48.jpg
Machu Pichu,Machu Pichu/53.jpg
Machu Pichu,Machu Pichu/54.Full-days-exploring-machupicchu-2.jpg
Machu Pichu,Machu Pichu/54.jpg
Machu Pichu,Machu Pichu/55.jpg
Machu Pichu,Machu Pichu/56.562A8316.jpg
Machu Pichu,Machu Pichu/57.68.jpg
Machu Pichu,Machu Pichu/58.Cusco-inca-ruins_FT1.jpg
Machu Pichu,Machu Pichu/58.jpg
Machu Pichu,Machu Pichu/59.machupicchu-valle-sagrado-3.jpg
Machu Pichu,Machu Pichu/6.jpg
Machu Pichu,Machu Pichu/60.jpg
Machu Pichu,Machu Pichu/60.machu-picchu-remains-the-dream-destination-of-2018_5a7832b94b153-1024x512.jpg
Machu Pichu,Machu Pichu/61.jpg
Machu Pichu,Machu Pichu/61.picturesque-panoramic-view-terraces-machu-260nw-553918687.jpg
Machu Pichu,Machu Pichu/62.best_way_to_visit_machu_picchu_andrew_browning_620.jpg
Machu Pichu,Machu Pichu/62.jpg
Machu Pichu,Machu Pichu/63.mp-1110-425-1.jpg
Machu Pichu,Machu Pichu/64.best-machu-picchu-trek-a-comparison.jpg
Machu Pichu,Machu Pichu/65.jpeg
Machu Pichu,Machu Pichu/65.tzoo.hd.87937.4969.414852.SumaqMachuPicchuHotel.jpg
Machu Pichu,Machu Pichu/66.jpg
Machu Pichu,Machu Pichu/66.peru-part-2-exploring-machu-picchu-3.jpg
Machu Pichu,Machu Pichu/67.MachuPicchu_1200x450px.jpg
Machu Pichu,Machu Pichu/68.Machu-Picchu-1268-x-400.jpg
Machu Pichu,Machu Pichu/68.jpg
Machu Pichu,Machu Pichu/69.1500x450.jpg
Machu Pichu,Machu Pichu/7.Peru_MachuPicchu.jpg
Machu Pichu,Machu Pichu/7.jpeg
Machu Pichu,Machu Pichu/70.https_3A_2F_2Fcdn.evbuc.com_2Fimages_2F54855670_2F243121038147_2F1_2Foriginal.jpg
Machu Pichu,Machu Pichu/70.jpg
Machu Pichu,Machu Pichu/71.116906-900x336.jpg
Machu Pichu,Machu Pichu/72.sli017657.jpg
Machu Pichu,Machu Pichu/73.jpg
Machu Pichu,Machu Pichu/73.where-is-machu-picchu-location-1140x530.jpg
Machu Pichu,Machu Pichu/74.Machu-Picchu-Panoramic-3-1024x377.jpg
Machu Pichu,Machu Pichu/75.Machu-Picchu-Panorama.jpg
Machu Pichu,Machu Pichu/75.jpg
Machu Pichu,Machu Pichu/76.blogs-the-wanderlust-guide-to-the-best-of-machu-picchu.jpg
Machu Pichu,Machu Pichu/77.6.jpg
Machu Pichu,Machu Pichu/77.jpeg
Machu Pichu,Machu Pichu/78.133358_98ccce75.jpg
Machu Pichu,Machu Pichu/78.jpg
Machu Pichu,Machu Pichu/79.Machu-Picchu-5-2-640x280.jpg
Machu Pichu,Machu Pichu/8.jpg
Machu Pichu,Machu Pichu/8.latin-america-peru-machu-picchu-and-the-sacred-valley-mh.jpg
Machu Pichu,Machu Pichu/80.5874615svmp_banner-640x300.jpg
Machu Pichu,Machu Pichu/80.jpg
Machu Pichu,Machu Pichu/81.machu_picchu_1325320_letterbox.jpg
Machu Pichu,Machu Pichu/82.MachuPicchu-Big-1024x459.jpg
Machu Pichu,Machu Pichu/82.jpg
Machu Pichu,Machu Pichu/83.amanecer.jpg
Machu Pichu,Machu Pichu/83.jpg
Machu Pichu,Machu Pichu/84.jpg
Machu Pichu,Machu Pichu/85.jpeg
Machu Pichu,Machu Pichu/85.social-share-machu-picchu.jpg
Machu Pichu,Machu Pichu/86.jpg
Machu Pichu,Machu Pichu/87.IMG_8266-1200x565.jpg
Machu Pichu,Machu Pichu/88.jpg
Machu Pichu,Machu Pichu/88.stunning-views-on-the-route-of-the-machu-picchu-trek.jpg
Machu Pichu,Machu Pichu/89.banner-73201.jpg
Machu Pichu,Machu Pichu/89.jpg
Machu Pichu,Machu Pichu/9.2390same2012a-machu-picchu.jpg
Machu Pichu,Machu Pichu/9.jpg
Machu Pichu,Machu Pichu/90.cusco-to-iquitos-luxury-amazon-river-cruise-aria-machu-picchu-1113x500.jpg
Machu Pichu,Machu Pichu/90.jpg
Machu Pichu,Machu Pichu/91.mp-s.jpg
Machu Pichu,Machu Pichu/92.jpeg
Machu Pichu,Machu Pichu/92.jpg
Machu Pichu,Machu Pichu/92.lists-5-things-i-wish-id-known-about-machu-picchu.jpg
Machu Pichu,Machu Pichu/93.Machu-Picchu.jpg
Machu Pichu,Machu Pichu/94.jpg
Machu Pichu,Machu Pichu/97.jpg
Machu Pichu,Machu Pichu/99.jpg
Niagara Falls,Niagara Falls/1.water-going-over-niagara-falls-866x350.jpg
Niagara Falls,Niagara Falls/10.Image-AB2.jpg
Niagara Falls,Niagara Falls/10.jpg
Niagara Falls,Niagara Falls/100.jpg
Niagara Falls,Niagara Falls/102.jpg
Niagara Falls,Niagara Falls/11.Main_20image_20-_20Iconic_20Niagara_20Falls.jpg
Niagara Falls,Niagara Falls/11.jpg
Niagara Falls,Niagara Falls/12.excursion-cataratas-niagara-autobus.jpg
Niagara Falls,Niagara Falls/12.jpg
Niagara Falls,Niagara Falls/13.industries_parks_niagarafalls_t1.jpg
Niagara Falls,Niagara Falls/13.jpg
Niagara Falls,Niagara Falls/14.freezing-niagara-falls-866x350.jpg
Niagara Falls,Niagara Falls/15.jpg
Niagara Falls,Niagara Falls/16.001544-Hornblower-boat-cruise-Niagara-Falls-Cr-Imagine-Ontario-001.jpg
Niagara Falls,Niagara Falls/17.Niagara_Falls_1_featured.jpg
Niagara Falls,Niagara Falls/17.jpg
Niagara Falls,Niagara Falls/18.holidayinn-niagara-falls-2-e1453482975581-1.jpg
Niagara Falls,Niagara Falls/18.jpg
Niagara Falls,Niagara Falls/19.b76d27b8-city-11592-163dad773de.jpg
Niagara Falls,Niagara Falls/19.jpg
Niagara Falls,Niagara Falls/2.1-169327lcarousel-940x338.jpg
Niagara Falls,Niagara Falls/2.jpg
Niagara Falls,Niagara Falls/20.800px-Niagara_falls_panorama.jpg
Niagara Falls,Niagara Falls/20.jpeg
Niagara Falls,Niagara Falls/21.IAG-generic-Niagara-Falls.jpg
Niagara Falls,Niagara Falls/21.png
Niagara Falls,Niagara Falls/22.jpg
Niagara Falls,Niagara Falls/23.jpg
Niagara Falls,Niagara Falls/23.nf-1_1.jpg
Niagara Falls,Niagara Falls/24.jpg
Niagara Falls,Niagara Falls/25.jpg
Niagara Falls,Niagara Falls/25.niagara-falls-fall-866x350.jpg
Niagara Falls,Niagara Falls/26.gallery-aquarium.jpg
Niagara Falls,Niagara Falls/26.jpg
Niagara Falls,Niagara Falls/27.excursion-cataratas-niagara.jpg
Niagara Falls,Niagara Falls/27.jpg
Niagara Falls,Niagara Falls/28.jpg
Niagara Falls,Niagara Falls/28.niagara_falls_photo_wallpaper-866x350.jpg
Niagara Falls,Niagara Falls/29.jpg
Niagara Falls,Niagara Falls/3.jpg
Niagara Falls,Niagara Falls/3.niagara-ecotourism-866x350.jpg
Niagara Falls,Niagara Falls/30.jpg
Niagara Falls,Niagara Falls/30.niagarafallsatnight.jpg
Niagara Falls,Niagara Falls/31.jpg
Niagara Falls,Niagara Falls/31.niagara-falls-2-istock.jpg
Niagara Falls,Niagara Falls/32.falls-avenue-resort-niagara-falls.jpg
Niagara Falls,Niagara Falls/32.jpg
Niagara Falls,Niagara Falls/33.jpg
Niagara Falls,Niagara Falls/33.panoramic-view-of-niagara-falls-1-1.jpg
Niagara Falls,Niagara Falls/34.jpg
Niagara Falls,Niagara Falls/34.tzoo.hd.12081.793.821554.NiagaraFalls-GettyImages-RF-530611401.jpg
Niagara Falls,Niagara Falls/35.How-Did-Niagara-Falls-Form-1.jpg
Niagara Falls,Niagara Falls/35.jpg
Niagara Falls,Niagara Falls/36.Destination-Niagara-Falls-768x255.jpg
Niagara Falls,Niagara Falls/36.jpg
Niagara Falls,Niagara Falls/37.7661538niagara-2day4.jpg
Niagara Falls,Niagara Falls/37.jpg
Niagara Falls,Niagara Falls/38.jpg
Niagara Falls,Niagara Falls/38.niagara_falls_0.jpg
Niagara Falls,Niagara Falls/39.jpeg
Niagara Falls,Niagara Falls/39.wyndham-garden-niagara-falls-fallsview-falls-cam.jpg
Niagara Falls,Niagara Falls/4.jpg
Niagara Falls,Niagara Falls/4.sdf.jpg
Niagara Falls,Niagara Falls/40.Niagara_Falls_Overview.jpg
Niagara Falls,Niagara Falls/40.jpg
Niagara Falls,Niagara Falls/41.NiagaraFalls.jpg
Niagara Falls,Niagara Falls/41.jpg
Niagara Falls,Niagara Falls/42.Destination-Niagara-Falls-1024x341.jpg
Niagara Falls,Niagara Falls/43.jpg
Niagara Falls,Niagara Falls/44.jpg
Niagara Falls,Niagara Falls/44.niagara-falls.jpg
Niagara Falls,Niagara Falls/45.Niagara-Falls-1400x500.jpg
Niagara Falls,Niagara Falls/45.jpg
Niagara Falls,Niagara Falls/46.jpg
Niagara Falls,Niagara Falls/46.niagara-falls-one-day-trip-by-plane-close-up-900x435.jpg
Niagara Falls,Niagara Falls/47.jpg
Niagara Falls,Niagara Falls/47.man-survives-niagara-falls.jpg
Niagara Falls,Niagara Falls/48.american-falls1-2__medium.jpg
Niagara Falls,Niagara Falls/49.Capture_2.JPG
Niagara Falls,Niagara Falls/49.jpg
Niagara Falls,Niagara Falls/5.american-falls-1-1.jpg
Niagara Falls,Niagara Falls/5.jpg
Niagara Falls,Niagara Falls/50.jpg
Niagara Falls,Niagara Falls/50.tzoo.hd.53308.3056.724125.shutterstock_349625687.jpg
Niagara Falls,Niagara Falls/51.jpg
Niagara Falls,Niagara Falls/51.niagara-falls-main-header-1200x400.jpg
Niagara Falls,Niagara Falls/52.Niagara_Falls_0_125753474.jpg
Niagara Falls,Niagara Falls/52.jpg
Niagara Falls,Niagara Falls/53.SkylineBlog6.jpg
Niagara Falls,Niagara Falls/53.jpg
Niagara Falls,Niagara Falls/54.jpg
Niagara Falls,Niagara Falls/54.niagara_falls_01_big.jpg
Niagara Falls,Niagara Falls/55.Niagara-1170x550.jpg
Niagara Falls,Niagara Falls/55.jpg
Niagara Falls,Niagara Falls/56.niagara-falls-frozen-today-main-190123-02_0d00f42421ee972152718df0c35aac86.social_share_1024x768_scale.jpg
Niagara Falls,Niagara Falls/57.Niagara_Falls_Ontario_Canada_2178029.jpg
Niagara Falls,Niagara Falls/57.jpg
Niagara Falls,Niagara Falls/58.Image01-NiagaraFalls.JPG
Niagara Falls,Niagara Falls/58.jpg
Niagara Falls,Niagara Falls/59.jpg
Niagara Falls,Niagara Falls/6.falls-1.jpg
Niagara Falls,Niagara Falls/6.jpg
Niagara Falls,Niagara Falls/60.b72d9b68-4f3c-4dee-8194-e4f09bad1d97_niagara_falls_canada_alt_slider2.jpg
Niagara Falls,Niagara Falls/60.jpg
Niagara Falls,Niagara Falls/61.jpg
Niagara Falls,Niagara Falls/62.jpg
Niagara Falls,Niagara Falls/63.jpg
Niagara Falls,Niagara Falls/63.niagara-falls.jpg
Niagara Falls,Niagara Falls/64.jpg
Niagara Falls,Niagara Falls/64.niagara-falls-29100326-1466421414-WideInspirationalPhoto1170.jpg
Niagara Falls,Niagara Falls/65.16.jpg
Niagara Falls,Niagara Falls/65.jpg
Niagara Falls,Niagara Falls/66.201608_Niagara_Falls-948x341.jpg
Niagara Falls,Niagara Falls/66.jpg
Niagara Falls,Niagara Falls/67.NiagaraFall_header-736x250.jpg
Niagara Falls,Niagara Falls/67.jpg
Niagara Falls,Niagara Falls/68.Niagara-Falls-1-1038x350.jpg
Niagara Falls,Niagara Falls/68.jpg
Niagara Falls,Niagara Falls/69.Niagara-Falls-Aerial-View.jpg
Niagara Falls,Niagara Falls/69.jpg
Niagara Falls,Niagara Falls/7.jpg
Niagara Falls,Niagara Falls/70.3-Day-Niagara-Falls-01-jpg.jpg
Niagara Falls,Niagara Falls/71.jpg
Niagara Falls,Niagara Falls/72.depositphotos_101278360-stock-photo-niagara-falls-on-the-border.jpg
Niagara Falls,Niagara Falls/72.jpg
Niagara Falls,Niagara Falls/73.jpg
Niagara Falls,Niagara Falls/75.jpg
Niagara Falls,Niagara Falls/77.nf-2_1.jpg
Niagara Falls,Niagara Falls/78.r_3769-wastewater-treatment-process-blamed-for-inky-water-at-niagara-falls.jpg
Niagara Falls,Niagara Falls/79.niagara-falls-1200x400.jpg
Niagara Falls,Niagara Falls/8.jpg
Niagara Falls,Niagara Falls/8.nf-top-10-866x350.jpg
Niagara Falls,Niagara Falls/81.jpg
Niagara Falls,Niagara Falls/81.niagara-falls-625x302.jpg
Niagara Falls,Niagara Falls/82.41bd38bd-8803-4133-81c8-3f86a4ebed1e.jpg
Niagara Falls,Niagara Falls/83.jpg
Niagara Falls,Niagara Falls/83.niagara-falls-90-minute-tour-maid-mist-sightseeing-boat-cruise-attraction.jpg
Niagara Falls,"Niagara Falls/84.horseshoe-falls-niagara-falls-ontario-canada,65849.jpg"
Niagara Falls,Niagara Falls/84.jpg
Niagara Falls,Niagara Falls/85.dest_BU1_thumb2.jpg
Niagara Falls,Niagara Falls/85.jpg
Niagara Falls,Niagara Falls/86.Maid-of-the-Mist-rendering-snippet-702x336.jpg
Niagara Falls,Niagara Falls/86.jpg
Niagara Falls,Niagara Falls/87.Toronto-Niagara.jpg
Niagara Falls,Niagara Falls/89.jpg
Niagara Falls,Niagara Falls/9.billionphotos-680103-640x315.jpg
Niagara Falls,Niagara Falls/9.jpg
Niagara Falls,Niagara Falls/90.jpg
Niagara Falls,Niagara Falls/91.jpg
Niagara Falls,Niagara Falls/92.jpg
Niagara Falls,Niagara Falls/93.jpeg
Niagara Falls,Niagara Falls/96.jpg
Niagara Falls,Niagara Falls/97.jpg
Pyramids Of Giza - Egypt,Pyramids Of Giza - Egypt/1.The-Great-Pyramid-Egypt-Tours-Portal-e1514361529725.jpg
Pyramids Of Giza - Egypt,Pyramids Of Giza - Egypt/1.pyramids-2371501__340.jpg
Pyramids Of Giza - Egypt,Pyramids Of Giza - Egypt/10.e9a44492824519b042b90d5e8bb660e6.jpg
Pyramids Of Giza - Egypt,Pyramids Of Giza - Egypt/10.pyramids_of_giza-1040x400.jpg
Pyramids Of Giza - Egypt,Pyramids Of Giza - Egypt/100.png
Pyramids Of Giza - Egypt,Pyramids Of Giza - Egypt/101.jpg
Pyramids Of Giza - Egypt,Pyramids Of Giza - Egypt/102.jpg
Pyramids Of Giza - Egypt,Pyramids Of Giza - Egypt/11.93118684-great-pyramids-of-giza-egypt-at-sunset.jpg
Pyramids Of Giza - Egypt,Pyramids Of Giza - Egypt/11.pyramids_of_giza-1040x400.jpg
Pyramids Of Giza - Egypt,Pyramids Of Giza - Egypt/112.jpg
Pyramids Of Giza - Egypt,Pyramids Of Giza - Egypt/115.jpg
Pyramids Of Giza - Egypt,Pyramids Of Giza - Egypt/12.IMG_2651-2000x1200-1245x600.jpg
Pyramids Of Giza - Egypt,Pyramids Of Giza - Egypt/12.jpg
Pyramids Of Giza - Egypt,Pyramids Of Giza - Egypt/12.panorama-area-great-pyramids-giza-260nw-1024207936.jpg
Pyramids Of Giza - Egypt,Pyramids Of Giza - Egypt/122.jpg
Pyramids Of Giza - Egypt,Pyramids Of Giza - Egypt/127.jpg
Pyramids Of Giza - Egypt,Pyramids Of Giza - Egypt/13.great-pyramids-giza-egypt-sunset-260nw-1005604354.jpg
Pyramids Of Giza - Egypt,Pyramids Of Giza - Egypt/13.great-pyramids-giza-egypt-sunset-260nw-790190062.jpg
Pyramids Of Giza - Egypt,Pyramids Of Giza - Egypt/13.jpg
Pyramids Of Giza - Egypt,Pyramids Of Giza - Egypt/130.jpg
Pyramids Of Giza - Egypt,Pyramids Of Giza - Egypt/131.jpg
Pyramids Of Giza - Egypt,Pyramids Of Giza - Egypt/133.jpg
Pyramids Of Giza - Egypt,Pyramids Of Giza - Egypt/134.jpg
Pyramids Of Giza - Egypt,Pyramids Of Giza - Egypt/137.jpg
Pyramids Of Giza - Egypt,Pyramids Of Giza - Egypt/139.jpg
Pyramids Of Giza - Egypt,Pyramids Of Giza - Egypt/14.IMG_2651-2000x1200-1245x600.jpg
Pyramids Of Giza - Egypt,Pyramids Of Giza - Egypt/14.The-three-main-pyramids-of-Giza.jpg
Pyramids Of Giza - Egypt,Pyramids Of Giza - Egypt/14.jpg
Pyramids Of Giza - Egypt,Pyramids Of Giza - Egypt/140.jpg
Pyramids Of Giza - Egypt,Pyramids Of Giza - Egypt/144.jpg
Pyramids Of Giza - Egypt,Pyramids Of Giza - Egypt/145.png
Pyramids Of Giza - Egypt,Pyramids Of Giza - Egypt/15.92557570-great-pyramids-of-giza-egypt.jpg
Pyramids Of Giza - Egypt,Pyramids Of Giza - Egypt/15.panorama-area-great-pyramids-giza-egypt-106771876.jpg
Pyramids Of Giza - Egypt,Pyramids Of Giza - Egypt/152.jpg
Pyramids Of Giza - Egypt,Pyramids Of Giza - Egypt/154.jpg
Pyramids Of Giza - Egypt,Pyramids Of Giza - Egypt/16.99624649-egypt-giza-pyramids-of-giza-egypt.jpg
Pyramids Of Giza - Egypt,Pyramids Of Giza - Egypt/16.The-three-main-pyramids-of-Giza.jpg
Pyramids Of Giza - Egypt,Pyramids Of Giza - Egypt/162.jpg
Pyramids Of Giza - Egypt,Pyramids Of Giza - Egypt/163.jpg
Pyramids Of Giza - Egypt,Pyramids Of Giza - Egypt/166.jpg
Pyramids Of Giza - Egypt,Pyramids Of Giza - Egypt/17.03dbe2476acd18b93da1dabe3caf54d1.jpg
Pyramids Of Giza - Egypt,Pyramids Of Giza - Egypt/17.pyramids-at-giza-cairo-egypt-jon-berghoff.jpg
Pyramids Of Giza - Egypt,Pyramids Of Giza - Egypt/170.jpg
Pyramids Of Giza - Egypt,Pyramids Of Giza - Egypt/178.jpg
Pyramids Of Giza - Egypt,Pyramids Of Giza - Egypt/18.92311041-great-pyramids-in-giza-egypt.jpg
Pyramids Of Giza - Egypt,Pyramids Of Giza - Egypt/18.great-pyramids-giza-egypt-sunny-day-december-106508896.jpg
Pyramids Of Giza - Egypt,Pyramids Of Giza - Egypt/180.jpg
Pyramids Of Giza - Egypt,Pyramids Of Giza - Egypt/183.jpg
Pyramids Of Giza - Egypt,Pyramids Of Giza - Egypt/19.5905706473_a8a0a54ef7_b.jpg
Pyramids Of Giza - Egypt,Pyramids Of Giza - Egypt/19.great-pyramids-giza-egypt-panorama-area-106808281.jpg
Pyramids Of Giza - Egypt,Pyramids Of Giza - Egypt/19.jpg
Pyramids Of Giza - Egypt,Pyramids Of Giza - Egypt/191.jpg
Pyramids Of Giza - Egypt,Pyramids Of Giza - Egypt/194.jpg
Pyramids Of Giza - Egypt,Pyramids Of Giza - Egypt/197.png
Pyramids Of Giza - Egypt,Pyramids Of Giza - Egypt/199.jpg
Pyramids Of Giza - Egypt,Pyramids Of Giza - Egypt/2.Interesting-facts-about-Pyramids-blog-featured-image.jpg
Pyramids Of Giza - Egypt,Pyramids Of Giza - Egypt/2.jpg
Pyramids Of Giza - Egypt,Pyramids Of Giza - Egypt/20.Giza-Pyramids.jpg
Pyramids Of Giza - Egypt,Pyramids Of Giza - Egypt/20.getty-leningrad1975-pyramid-612478888_600.jpg
Pyramids Of Giza - Egypt,Pyramids Of Giza - Egypt/207.jpg
Pyramids Of Giza - Egypt,Pyramids Of Giza - Egypt/208.jpg
Pyramids Of Giza - Egypt,Pyramids Of Giza - Egypt/21.egypt-giza-1-1040x400.jpg
Pyramids Of Giza - Egypt,Pyramids Of Giza - Egypt/210.jpg
Pyramids Of Giza - Egypt,Pyramids Of Giza - Egypt/212.jpg
Pyramids Of Giza - Egypt,Pyramids Of Giza - Egypt/214.jpg
Pyramids Of Giza - Egypt,Pyramids Of Giza - Egypt/22.Giza-Pyramids.jpg
Pyramids Of Giza - Egypt,Pyramids Of Giza - Egypt/22.pyramids.jpg
Pyramids Of Giza - Egypt,Pyramids Of Giza - Egypt/23.465113534be7d60c5160b04ec7ad6d35.jpg
Pyramids Of Giza - Egypt,Pyramids Of Giza - Egypt/24.egypt-giza-1-1040x400.jpg
Pyramids Of Giza - Egypt,Pyramids Of Giza - Egypt/25.pyramids.jpg
Pyramids Of Giza - Egypt,Pyramids Of Giza - Egypt/26.93796784-great-pyramids-of-giza-egypt-at-sunset.jpg
Pyramids Of Giza - Egypt,Pyramids Of Giza - Egypt/26.jpg
Pyramids Of Giza - Egypt,Pyramids Of Giza - Egypt/27.qsSt2LApaRgB9QYvqvDGWB-1200-80.jpg
Pyramids Of Giza - Egypt,Pyramids Of Giza - Egypt/28.giza-1.jpg
Pyramids Of Giza - Egypt,Pyramids Of Giza - Egypt/29.00xp-lackluster-giza-dip-articleLarge.jpg
Pyramids Of Giza - Egypt,Pyramids Of Giza - Egypt/3.CBsmtfDKSxue4oxQmrX5AG-1200-80.jpg
Pyramids Of Giza - Egypt,Pyramids Of Giza - Egypt/3.iStock_000053391012_Large-78706ea.jpg
Pyramids Of Giza - Egypt,Pyramids Of Giza - Egypt/30.egyptian-pyramids-hero-875x323.jpg
Pyramids Of Giza - Egypt,Pyramids Of Giza - Egypt/31.https_3A_2F_2Fblogs-images.forbes.com_2Fdavidbressan_2Ffiles_2F2017_2F09_2FJeancaffou_user_Wikipedia_Great_Pyramid.jpg
Pyramids Of Giza - Egypt,Pyramids Of Giza - Egypt/32.45849480295_9dea75b017_b.jpg
Pyramids Of Giza - Egypt,Pyramids Of Giza - Egypt/33.great-pyramid-of-giza.jpg
Pyramids Of Giza - Egypt,Pyramids Of Giza - Egypt/34.panorama-of-the-area-with-the-great-pyramids-of-giza-egypt-R67D2W.jpg
Pyramids Of Giza - Egypt,Pyramids Of Giza - Egypt/35.ancient-egypt-pyramids-feature-604509996.jpg
Pyramids Of Giza - Egypt,Pyramids Of Giza - Egypt/36.great-pyramids-giza-egypt-degree-panorama-area-106769350.jpg
Pyramids Of Giza - Egypt,Pyramids Of Giza - Egypt/36.jpg
Pyramids Of Giza - Egypt,Pyramids Of Giza - Egypt/37.500_F_186252322_ueEOFg2lURu0GhPZlhj2hM8JlzP4zIMk.jpg
Pyramids Of Giza - Egypt,Pyramids Of Giza - Egypt/38.how-old.jpg
Pyramids Of Giza - Egypt,Pyramids Of Giza - Egypt/38.jpg
Pyramids Of Giza - Egypt,Pyramids Of Giza - Egypt/39.lifelist-giza-631.jpg
Pyramids Of Giza - Egypt,Pyramids Of Giza - Egypt/4.CBsmtfDKSxue4oxQmrX5AG-1200-80.jpg
Pyramids Of Giza - Egypt,Pyramids Of Giza - Egypt/4.iStock_000053391012_Large-78706ea.jpg
Pyramids Of Giza - Egypt,Pyramids Of Giza - Egypt/40.5c26695201c0ea08067b2576-750-375.jpg
Pyramids Of Giza - Egypt,Pyramids Of Giza - Egypt/40.jpg
Pyramids Of Giza - Egypt,Pyramids Of Giza - Egypt/41.0777adfd-33652560828_62f18a6816_k-750x375.jpg
Pyramids Of Giza - Egypt,Pyramids Of Giza - Egypt/41.jpg
Pyramids Of Giza - Egypt,Pyramids Of Giza - Egypt/42.great-pyramid-giza-wallpaper-preview.jpg
Pyramids Of Giza - Egypt,Pyramids Of Giza - Egypt/43.Giza-Pyramids-4-Days-in-Cairo-Egypt-TripsInEgypt-1.jpg
Pyramids Of Giza - Egypt,Pyramids Of Giza - Egypt/45.pyramid-of-giza-ap-jpo-190502_hpMain_12x5_992.jpg
Pyramids Of Giza - Egypt,Pyramids Of Giza - Egypt/46.egypt_04_big.jpg
Pyramids Of Giza - Egypt,Pyramids Of Giza - Egypt/47.panorama-of-the-area-with-the-great-pyramids-of-giza-at-amazing-sunset-egypt-R7XC1M.jpg
Pyramids Of Giza - Egypt,Pyramids Of Giza - Egypt/48.1787cb2c991b361d7f377043501145e1.jpg
Pyramids Of Giza - Egypt,Pyramids Of Giza - Egypt/49.Pyramids-Egypt-406106-950px-16x7.jpg
Pyramids Of Giza - Egypt,Pyramids Of Giza - Egypt/5.jpg
Pyramids Of Giza - Egypt,Pyramids Of Giza - Egypt/5.photographpyramidsfeature.jpg
Pyramids Of Giza - Egypt,Pyramids Of Giza - Egypt/50.20171220_131213-1200x593.jpg
Pyramids Of Giza - Egypt,Pyramids Of Giza - Egypt/51.jpg
Pyramids Of Giza - Egypt,Pyramids Of Giza - Egypt/52.1513364694_dsc_2907.jpg
Pyramids Of Giza - Egypt,Pyramids Of Giza - Egypt/53.jpg
Pyramids Of Giza - Egypt,Pyramids Of Giza - Egypt/53.teogiza.jpg
Pyramids Of Giza - Egypt,Pyramids Of Giza - Egypt/54.1000_F_187558574_shMvRFq7o93BqsygbxNjz8Zl0wU0Lce3.jpg
Pyramids Of Giza - Egypt,Pyramids Of Giza - Egypt/55.5917947167_bb65845567_b.jpg
Pyramids Of Giza - Egypt,Pyramids Of Giza - Egypt/55.jpg
Pyramids Of Giza - Egypt,Pyramids Of Giza - Egypt/56.Giza-9-Pyramids.TIF1_.jpg
Pyramids Of Giza - Egypt,Pyramids Of Giza - Egypt/57.1000_F_257534085_GwfBqEYUxIBuETVGi0mCQdOB14MIbeCh.jpg
Pyramids Of Giza - Egypt,Pyramids Of Giza - Egypt/57.jpg
Pyramids Of Giza - Egypt,Pyramids Of Giza - Egypt/58.giza2-rt-ml-171103_12x5_992.jpg
Pyramids Of Giza - Egypt,Pyramids Of Giza - Egypt/59.99624649-egypt-giza-pyramids-of-giza-egypt.jpg
Pyramids Of Giza - Egypt,Pyramids Of Giza - Egypt/6.14802850772_8c75dc5d08_k_600.jpg
Pyramids Of Giza - Egypt,Pyramids Of Giza - Egypt/6.pyramids-2371501__340.jpg
Pyramids Of Giza - Egypt,Pyramids Of Giza - Egypt/60.ancient-egypt-pyramids-Giza-google-street-view.jpg
Pyramids Of Giza - Egypt,Pyramids Of Giza - Egypt/60.jpg
Pyramids Of Giza - Egypt,Pyramids Of Giza - Egypt/61.1244559796_Sphinx.jpg
Pyramids Of Giza - Egypt,Pyramids Of Giza - Egypt/61.jpg
Pyramids Of Giza - Egypt,Pyramids Of Giza - Egypt/62.El_Cairo_Egyptian_Pyramids.jpg
Pyramids Of Giza - Egypt,Pyramids Of Giza - Egypt/63.2-the-pyramids-of-giza-egypt.jpg
Pyramids Of Giza - Egypt,Pyramids Of Giza - Egypt/63.jpg
Pyramids Of Giza - Egypt,Pyramids Of Giza - Egypt/64.500_F_187031876_SQXNppLkyzXMiTFF7v4IjlBdSMgQrCrA.jpg
Pyramids Of Giza - Egypt,Pyramids Of Giza - Egypt/65.Pyramids-of-Giza.jpg
Pyramids Of Giza - Egypt,Pyramids Of Giza - Egypt/66.First-Impression-Pyramids-and-Great-Sphinx-Giza-Egypt.jpg
Pyramids Of Giza - Egypt,Pyramids Of Giza - Egypt/67.panorama-view-pyramids-giza-egypt-260nw-1268396971.jpg
Pyramids Of Giza - Egypt,Pyramids Of Giza - Egypt/68.NationalGeographic_911975_cc04_Photo-by-B.-ANTHONY-STEWART-1-1140x450.jpg
Pyramids Of Giza - Egypt,Pyramids Of Giza - Egypt/69.59522748-the-great-sphinx-and-the-pyramids-of-giza-egypt.jpg
Pyramids Of Giza - Egypt,Pyramids Of Giza - Egypt/69.jpg
Pyramids Of Giza - Egypt,Pyramids Of Giza - Egypt/7.giza-1756946_1280.jpg
Pyramids Of Giza - Egypt,Pyramids Of Giza - Egypt/7.the_great_pyramid_AP.jpg
Pyramids Of Giza - Egypt,Pyramids Of Giza - Egypt/72.120717-110-Egypt-Pyramids-Architecture-Art-History.jpg
Pyramids Of Giza - Egypt,Pyramids Of Giza - Egypt/74.istock_45122734_giza_pyramids.jpg
Pyramids Of Giza - Egypt,Pyramids Of Giza - Egypt/76.pyr1d.jpg
Pyramids Of Giza - Egypt,Pyramids Of Giza - Egypt/77.depositphotos_50451917-stock-photo-collection-of-pyramids-of-giza.jpg
Pyramids Of Giza - Egypt,Pyramids Of Giza - Egypt/78.General-view-of-pyramids-with-Sphinx-Giza-Cairo-Egypt-shutterstock_1094727200-1000x500.jpg
Pyramids Of Giza - Egypt,Pyramids Of Giza - Egypt/79.Giza_Necr_C3_B3polis.jpg
Pyramids Of Giza - Egypt,Pyramids Of Giza - Egypt/8.giza-pyramid-pyramids-of-giza-egypt-preview.jpg
Pyramids Of Giza - Egypt,Pyramids Of Giza - Egypt/8.the_great_pyramid_AP.jpg
Pyramids Of Giza - Egypt,Pyramids Of Giza - Egypt/80.jpg
Pyramids Of Giza - Egypt,Pyramids Of Giza - Egypt/80.slideheader27.jpg
Pyramids Of Giza - Egypt,Pyramids Of Giza - Egypt/81.imgbin-egyptian-pyramids-giza-pyramid-complex-ancient-egypt-egyptian-pyramids-pyramids-of-giza-099tedTj6tD2fdeqjqJRkgm3q.jpg
Pyramids Of Giza - Egypt,Pyramids Of Giza - Egypt/83.headerEgypt.jpg
Pyramids Of Giza - Egypt,Pyramids Of Giza - Egypt/84.giza-pyramids-boat.jpg
Pyramids Of Giza - Egypt,Pyramids Of Giza - Egypt/85.1ecd893926bf5c090baa8d6620a22bee.jpg
Pyramids Of Giza - Egypt,Pyramids Of Giza - Egypt/87.pyramid-of-khafre-giza-egypt-3-800x369.jpg
Pyramids Of Giza - Egypt,Pyramids Of Giza - Egypt/89.xGreat-Pyramid-Golden.jpg
Pyramids Of Giza - Egypt,Pyramids Of Giza - Egypt/9.14802850772_8c75dc5d08_k_600.jpg
Pyramids Of Giza - Egypt,Pyramids Of Giza - Egypt/9.cfcb28dafa12a6c61caaa39e101c8184.jpg
Pyramids Of Giza - Egypt,Pyramids Of Giza - Egypt/90.The-Pyramids-of-Giza-Stopover-Cairo-day-tour-TripsInEgypt.jpg
Pyramids Of Giza - Egypt,Pyramids Of Giza - Egypt/91.desert-3217765__340.jpg
Pyramids Of Giza - Egypt,Pyramids Of Giza - Egypt/91.jpg
Pyramids Of Giza - Egypt,Pyramids Of Giza - Egypt/92.Egypt-Giza-Pyramids-Panorama.jpg
Pyramids Of Giza - Egypt,Pyramids Of Giza - Egypt/94.jpg
Pyramids Of Giza - Egypt,Pyramids Of Giza - Egypt/98.jpg
Pyramids Of Giza - Egypt,Pyramids Of Giza - Egypt/99.jpg
Roman Colosseum - Rome,Roman Colosseum - Rome/1.visting-closseum-history-head.jpg
Roman Colosseum - Rome,Roman Colosseum - Rome/10.120417-50-Colosseum-Rome-Roman-Architecture.jpg
Roman Colosseum - Rome,Roman Colosseum - Rome/10.jpg
Roman Colosseum - Rome,Roman Colosseum - Rome/100.jpeg
Roman Colosseum - Rome,Roman Colosseum - Rome/101.jpg
Roman Colosseum - Rome,Roman Colosseum - Rome/102.jpg
Roman Colosseum - Rome,Roman Colosseum - Rome/103.jpg
Roman Colosseum - Rome,Roman Colosseum - Rome/106.jpg
Roman Colosseum - Rome,Roman Colosseum - Rome/107.jpg
Roman Colosseum - Rome,Roman Colosseum - Rome/109.jpg
Roman Colosseum - Rome,Roman Colosseum - Rome/11.colosseum-header.jpg
Roman Colosseum - Rome,Roman Colosseum - Rome/11.jpg
Roman Colosseum - Rome,Roman Colosseum - Rome/112.png
Roman Colosseum - Rome,Roman Colosseum - Rome/12.colosseum-banner.jpg
Roman Colosseum - Rome,Roman Colosseum - Rome/12.jpg
Roman Colosseum - Rome,Roman Colosseum - Rome/13.jpg
Roman Colosseum - Rome,Roman Colosseum - Rome/13.rome_colosseum_piazza-colosseo.jpg
Roman Colosseum - Rome,Roman Colosseum - Rome/14.jpg
Roman Colosseum - Rome,Roman Colosseum - Rome/14.xcolosseum_tour_underground-tSa-1479X424.jpg
Roman Colosseum - Rome,Roman Colosseum - Rome/15.jpg
Roman Colosseum - Rome,Roman Colosseum - Rome/15.rome-colosseum-for-kids_colosseum-min.jpg
Roman Colosseum - Rome,Roman Colosseum - Rome/16.jpg
Roman Colosseum - Rome,Roman Colosseum - Rome/16.rome_colosseum_flavian-amphitheatre.jpg
Roman Colosseum - Rome,Roman Colosseum - Rome/17.Roman-cement-Colosseum-631.jpg
Roman Colosseum - Rome,Roman Colosseum - Rome/17.jpg
Roman Colosseum - Rome,Roman Colosseum - Rome/18.front_view_colosseum_rome_italy_blog.jpg
Roman Colosseum - Rome,Roman Colosseum - Rome/18.jpg
Roman Colosseum - Rome,Roman Colosseum - Rome/19.coopculturae_id_sito_2_40.jpg
Roman Colosseum - Rome,Roman Colosseum - Rome/2.colosseum-history-810x405.jpg
Roman Colosseum - Rome,Roman Colosseum - Rome/2.jpg
Roman Colosseum - Rome,Roman Colosseum - Rome/20.208046-720x360.jpg
Roman Colosseum - Rome,Roman Colosseum - Rome/20.jpeg
Roman Colosseum - Rome,Roman Colosseum - Rome/21.jpg
Roman Colosseum - Rome,Roman Colosseum - Rome/21.storyblocks-roman-colosseum-rome-italy_H9kss-BFE_SB_PM.jpg
Roman Colosseum - Rome,Roman Colosseum - Rome/22.Colosseum-Interior.jpg
Roman Colosseum - Rome,Roman Colosseum - Rome/22.jpg
Roman Colosseum - Rome,Roman Colosseum - Rome/23.rome-colosseum-walking-tour.jpg
Roman Colosseum - Rome,Roman Colosseum - Rome/24.jpg
Roman Colosseum - Rome,Roman Colosseum - Rome/25.colosseum-night-ext.jpg
Roman Colosseum - Rome,Roman Colosseum - Rome/25.jpg
Roman Colosseum - Rome,Roman Colosseum - Rome/26.Roman-Colosseum-facade-631.jpg
Roman Colosseum - Rome,Roman Colosseum - Rome/26.jpg
Roman Colosseum - Rome,Roman Colosseum - Rome/27.The-Colosseum-An-Icon-1140x530.jpg
Roman Colosseum - Rome,Roman Colosseum - Rome/28.CTQFH55UEAAGCiI.jpg
Roman Colosseum - Rome,Roman Colosseum - Rome/29.Roman-Colosseum.jpg
Roman Colosseum - Rome,Roman Colosseum - Rome/29.jpg
Roman Colosseum - Rome,Roman Colosseum - Rome/3.jpg
Roman Colosseum - Rome,Roman Colosseum - Rome/3.rome-colosseum.jpg
Roman Colosseum - Rome,Roman Colosseum - Rome/30.jpg
Roman Colosseum - Rome,Roman Colosseum - Rome/30.rome-4282499__340.jpg
Roman Colosseum - Rome,Roman Colosseum - Rome/31.blogs-7-other-coliseums-around-the-world.jpg
Roman Colosseum - Rome,Roman Colosseum - Rome/32.The-Colosseum-or-Flavian-Amphitheater-1024x339.jpg
Roman Colosseum - Rome,Roman Colosseum - Rome/32.jpg
Roman Colosseum - Rome,Roman Colosseum - Rome/33.Colosseum-2-820x410.jpg
Roman Colosseum - Rome,Roman Colosseum - Rome/33.jpg
Roman Colosseum - Rome,Roman Colosseum - Rome/34.rome-colosseum-list.jpg
Roman Colosseum - Rome,Roman Colosseum - Rome/36.Colosseum-Night-Opening-1.jpg
Roman Colosseum - Rome,Roman Colosseum - Rome/36.jpg
Roman Colosseum - Rome,Roman Colosseum - Rome/37.holes-in-the-colosseum.jpg
Roman Colosseum - Rome,Roman Colosseum - Rome/37.jpg
Roman Colosseum - Rome,Roman Colosseum - Rome/38.jpg
Roman Colosseum - Rome,Roman Colosseum - Rome/39.jpg
Roman Colosseum - Rome,Roman Colosseum - Rome/39.storyblocks-roman-colosseum-rome-italy_rmfpdo-BFE_SB_PM.jpg
Roman Colosseum - Rome,Roman Colosseum - Rome/4.coliseo.jpg
Roman Colosseum - Rome,Roman Colosseum - Rome/4.jpg
Roman Colosseum - Rome,Roman Colosseum - Rome/40.76651073-the-great-roman-colosseum-coliseum-colosseo-in-rome.jpg
Roman Colosseum - Rome,Roman Colosseum - Rome/40.jpg
Roman Colosseum - Rome,Roman Colosseum - Rome/41.roman-colosseum-rome-italy-T2YNNR.jpg
Roman Colosseum - Rome,Roman Colosseum - Rome/42.colosseum-tickets-skip-the-line.jpg
Roman Colosseum - Rome,Roman Colosseum - Rome/42.jpg
Roman Colosseum - Rome,Roman Colosseum - Rome/43.Colosseum.jpg
Roman Colosseum - Rome,Roman Colosseum - Rome/43.jpg
Roman Colosseum - Rome,Roman Colosseum - Rome/44.facts_about_colosseum_rome.jpg
Roman Colosseum - Rome,Roman Colosseum - Rome/44.jpg
Roman Colosseum - Rome,Roman Colosseum - Rome/45.jpg
Roman Colosseum - Rome,Roman Colosseum - Rome/45.landscape-1467825536-gettyimages-544193054.jpg
Roman Colosseum - Rome,Roman Colosseum - Rome/46.colosseum-rome-sunrise-italy-europe-260nw-542649196.jpg
Roman Colosseum - Rome,Roman Colosseum - Rome/47.coopculturae_id_sito_2_40.jpg
Roman Colosseum - Rome,Roman Colosseum - Rome/47.jpg
Roman Colosseum - Rome,Roman Colosseum - Rome/48.Colosseo_207.JPG
Roman Colosseum - Rome,Roman Colosseum - Rome/49.great-roman-colosseum-coliseum-colosseo-rome-view-also-known-as-flavian-amphitheatre-famous-world-landmark-scenic-urban-90058067.jpg
Roman Colosseum - Rome,Roman Colosseum - Rome/49.jpg
Roman Colosseum - Rome,Roman Colosseum - Rome/5.8609333271_a06f9fcf47_k-1368x400.jpg
Roman Colosseum - Rome,Roman Colosseum - Rome/5.jpg
Roman Colosseum - Rome,Roman Colosseum - Rome/50.colosseum-night-rome-lazio-italy-7961-670x300.jpg
Roman Colosseum - Rome,Roman Colosseum - Rome/51.Roman-Ruins-in-Rome_ft.jpg
Roman Colosseum - Rome,Roman Colosseum - Rome/52.jpg
Roman Colosseum - Rome,Roman Colosseum - Rome/52.rome-italy-april-11-2018-260nw-1116888896.jpg
Roman Colosseum - Rome,Roman Colosseum - Rome/53.colosseumtour1.jpg
Roman Colosseum - Rome,Roman Colosseum - Rome/53.jpg
Roman Colosseum - Rome,Roman Colosseum - Rome/54.colosseum-601763__340.jpg
Roman Colosseum - Rome,Roman Colosseum - Rome/54.jpg
Roman Colosseum - Rome,Roman Colosseum - Rome/55.iStock-544139722.jpg
Roman Colosseum - Rome,Roman Colosseum - Rome/55.jpg
Roman Colosseum - Rome,Roman Colosseum - Rome/56.Colosseum-Flavian-Amphitheater-Rome-exterior-5.jpg
Roman Colosseum - Rome,Roman Colosseum - Rome/56.jpg
Roman Colosseum - Rome,Roman Colosseum - Rome/57.jpg
Roman Colosseum - Rome,Roman Colosseum - Rome/58.jpg
Roman Colosseum - Rome,Roman Colosseum - Rome/58.tour_img-1452539-146.jpg
Roman Colosseum - Rome,Roman Colosseum - Rome/59.colosseum-underground-wir-tSa-825X400.jpg
Roman Colosseum - Rome,Roman Colosseum - Rome/6.jpg
Roman Colosseum - Rome,Roman Colosseum - Rome/6.xv9151pj.jpg
Roman Colosseum - Rome,Roman Colosseum - Rome/60.win-the-wonders-with-39-the-right-hook-39-and-mastercard-ancient-rome-and-the-colosseum.jpg
Roman Colosseum - Rome,Roman Colosseum - Rome/61.colosseum-rome-en-1.jpg
Roman Colosseum - Rome,Roman Colosseum - Rome/61.jpg
Roman Colosseum - Rome,Roman Colosseum - Rome/62.IMG_0315-750x375.jpg
Roman Colosseum - Rome,Roman Colosseum - Rome/62.jpg
Roman Colosseum - Rome,Roman Colosseum - Rome/63.9191132715_9f793e2088_oed.jpg
Roman Colosseum - Rome,Roman Colosseum - Rome/63.jpg
Roman Colosseum - Rome,Roman Colosseum - Rome/64.colosseum-rome-tickets-contact-us-810x405.jpg
Roman Colosseum - Rome,Roman Colosseum - Rome/64.jpg
Roman Colosseum - Rome,Roman Colosseum - Rome/65.jpg
Roman Colosseum - Rome,Roman Colosseum - Rome/65.rome-italy-april-2018-panorama-of-the-interior-of-the-roman-colosseum-showing-the-arena-and-the-hypogeum-in-a-beautiful-sunny-day-WDF9JP.jpg
Roman Colosseum - Rome,Roman Colosseum - Rome/66.ca332973fc363da77aefed58534dcd5c_XL.jpg
Roman Colosseum - Rome,Roman Colosseum - Rome/66.jpg
Roman Colosseum - Rome,Roman Colosseum - Rome/67.jpg
Roman Colosseum - Rome,Roman Colosseum - Rome/67.the-roman-colloseum.jpg
Roman Colosseum - Rome,Roman Colosseum - Rome/68.jpg
Roman Colosseum - Rome,Roman Colosseum - Rome/68.view-colosseum-sunrise-italy-260nw-1040848462.jpg
Roman Colosseum - Rome,Roman Colosseum - Rome/69.colosseum-front.jpg
Roman Colosseum - Rome,Roman Colosseum - Rome/7.colosseum_hero.jpg
Roman Colosseum - Rome,Roman Colosseum - Rome/7.jpg
Roman Colosseum - Rome,Roman Colosseum - Rome/70.120417-67-Colosseum-Rome-Roman-Architecture.jpg
Roman Colosseum - Rome,Roman Colosseum - Rome/70.jpg
Roman Colosseum - Rome,Roman Colosseum - Rome/71.colosseum-2340415_1920.jpg
Roman Colosseum - Rome,Roman Colosseum - Rome/71.jpg
Roman Colosseum - Rome,Roman Colosseum - Rome/72.CIV_56NewImg0611D_lg.jpg
Roman Colosseum - Rome,Roman Colosseum - Rome/72.jpg
Roman Colosseum - Rome,Roman Colosseum - Rome/73.fixedw_large_2x.jpg
Roman Colosseum - Rome,Roman Colosseum - Rome/73.jpg
Roman Colosseum - Rome,Roman Colosseum - Rome/74.jpg
Roman Colosseum - Rome,Roman Colosseum - Rome/75.jpg
Roman Colosseum - Rome,Roman Colosseum - Rome/76.jpg
Roman Colosseum - Rome,Roman Colosseum - Rome/76.storyblocks-roman-colosseum-rome-italy_BXtLiZHYN_SB_PM.jpg
Roman Colosseum - Rome,Roman Colosseum - Rome/77.80349748-panoramic-view-of-roman-colosseum-interior-at-colorful-sunset-rome-italy.jpg
Roman Colosseum - Rome,Roman Colosseum - Rome/77.jpg
Roman Colosseum - Rome,Roman Colosseum - Rome/78.colosseum.jpg
Roman Colosseum - Rome,Roman Colosseum - Rome/78.jpg
Roman Colosseum - Rome,Roman Colosseum - Rome/79.colosseum-rome.jpg
Roman Colosseum - Rome,Roman Colosseum - Rome/79.jpg
Roman Colosseum - Rome,Roman Colosseum - Rome/8.IMG_7987-tSa-727X360.jpg
Roman Colosseum - Rome,Roman Colosseum - Rome/8.jpg
Roman Colosseum - Rome,Roman Colosseum - Rome/80.D979bZQXUAAiiBm.jpg
Roman Colosseum - Rome,Roman Colosseum - Rome/80.jpg
Roman Colosseum - Rome,Roman Colosseum - Rome/81.tour_img-1816822-146.jpg
Roman Colosseum - Rome,Roman Colosseum - Rome/82.rome-italy-april-2018-panorama-of-the-interior-of-the-roman-colosseum-showing-the-arena-and-the-hypogeum-in-a-beautiful-sunny-day-WDG8PX.jpg
Roman Colosseum - Rome,Roman Colosseum - Rome/83.colosseum-broken.jpg
Roman Colosseum - Rome,Roman Colosseum - Rome/84.jpg
Roman Colosseum - Rome,Roman Colosseum - Rome/85.jpg
Roman Colosseum - Rome,Roman Colosseum - Rome/86.jpg
Roman Colosseum - Rome,Roman Colosseum - Rome/9.jpg
Roman Colosseum - Rome,Roman Colosseum - Rome/90.jpg
Roman Colosseum - Rome,Roman Colosseum - Rome/91.jpg
Roman Colosseum - Rome,Roman Colosseum - Rome/92.jpg
Roman Colosseum - Rome,Roman Colosseum - Rome/96.jpg
Roman Colosseum - Rome,Roman Colosseum - Rome/97.jpg
Roman Colosseum - Rome,Roman Colosseum - Rome/98.jpg
Roman Colosseum - Rome,Roman Colosseum - Rome/99.jpg
Santorini,Santorini/1.santorini-island-1.jpg
Santorini,Santorini/10.2017-08-13_lif_33591955_I1.JPG
Santorini,Santorini/10.jpg
Santorini,Santorini/100.jpg
Santorini,Santorini/101.jpg
Santorini,Santorini/107.jpg
Santorini,Santorini/11.4389331-iconic-santorini-santorini-greece.jpg
Santorini,Santorini/110.jpg
Santorini,Santorini/112.jpg
Santorini,Santorini/113.jpg
Santorini,Santorini/114.jpg
Santorini,Santorini/116.jpg
Santorini,Santorini/119.jpg
Santorini,Santorini/12.880px-SantoriniPartialPano.jpg
Santorini,Santorini/12.jpg
Santorini,Santorini/120.jpg
Santorini,Santorini/123.jpg
Santorini,Santorini/124.jpg
Santorini,Santorini/126.jpg
Santorini,Santorini/129.jpg
Santorini,Santorini/13.jpg
Santorini,Santorini/13.santorini-eugenia.jpg
Santorini,Santorini/130.jpg
Santorini,Santorini/132.jpg
Santorini,Santorini/137.jpg
Santorini,Santorini/138.jpg
Santorini,Santorini/14.Santorini-bay-by-www.rightindiatravels.com_.jpg
Santorini,Santorini/14.jpg
Santorini,Santorini/142.jpg
Santorini,Santorini/144.jpg
Santorini,Santorini/145.jpg
Santorini,Santorini/146.jpg
Santorini,Santorini/147.jpg
Santorini,Santorini/148.jpg
Santorini,Santorini/15.jpg
Santorini,Santorini/15.tour-privado-santorini-grid.jpg
Santorini,Santorini/151.jpg
Santorini,Santorini/152.png
Santorini,Santorini/153.jpg
Santorini,Santorini/154.jpg
Santorini,Santorini/156.jpg
Santorini,Santorini/157.jpg
Santorini,Santorini/159.jpg
Santorini,Santorini/16.Santorini_sunset.jpg
Santorini,Santorini/160.jpg
Santorini,Santorini/162.jpg
Santorini,Santorini/165.jpg
Santorini,Santorini/167.jpg
Santorini,Santorini/169.jpg
Santorini,Santorini/17.Santorini.jpg
Santorini,Santorini/171.jpg
Santorini,Santorini/173.jpg
Santorini,Santorini/175.jpg
Santorini,Santorini/176.jpg
Santorini,Santorini/178.jpg
Santorini,Santorini/179.jpg
Santorini,Santorini/18.jpg
Santorini,Santorini/181.jpg
Santorini,Santorini/184.jpg
Santorini,Santorini/188.jpg
Santorini,Santorini/19.jpg
Santorini,Santorini/19.santorini.jpg
Santorini,Santorini/190.jpg
Santorini,Santorini/191.jpg
Santorini,Santorini/193.jpg
Santorini,Santorini/2.4388542-grace-santorini-santorini-greece.jpg
Santorini,Santorini/2.jpg
Santorini,Santorini/20.jpg
Santorini,Santorini/20.santorini_09.jpg
Santorini,Santorini/21.4391260-the-vasilicos-santorini-greece.jpg
Santorini,Santorini/21.jpg
Santorini,Santorini/22.jpg
Santorini,Santorini/22.santorini-villages.jpg
Santorini,Santorini/23.jpg
Santorini,Santorini/23.santorini-44228168-1550653710-WideInspirationalPhoto1170.jpg
Santorini,Santorini/24.jpg
Santorini,Santorini/25.060aaf952621832d98adc53bdbe05f3f.jpg
Santorini,Santorini/25.jpg
Santorini,Santorini/26.27262660-panoramic-shot-of-the-blue-domed-church-at-oia-santorini-greece-europe.jpg
Santorini,Santorini/28.SANTORINI-1000x500.jpg
Santorini,Santorini/28.jpg
Santorini,Santorini/29.12004F.JPG
Santorini,Santorini/29.jpg
Santorini,Santorini/3.jpg
Santorini,Santorini/3.santorini_702.jpg
Santorini,Santorini/30.May-16-Country-Profile-Greece-Santorini-1-817x350.jpg
Santorini,Santorini/30.jpg
Santorini,Santorini/31.Santorini-travel-blog-1024x486.jpg
Santorini,Santorini/31.jpg
Santorini,Santorini/32.2390-5300-Santorini-Greece-36x11.75.jpg
Santorini,Santorini/32.jpg
Santorini,Santorini/33.701902140_Santorini-Greece.jpg
Santorini,Santorini/33.jpg
Santorini,Santorini/34.Best-2019-Santorini-Tours-and-Must-Do-Experiences-Kamari-Tours-Excursions-750x350.jpg
Santorini,Santorini/36.jpg
Santorini,Santorini/37.mykonos-or-santorini-cover.jpg
Santorini,Santorini/38.Santorini-feat.jpg
Santorini,Santorini/39.Panoramic-view-of-Santorini-Greece-iStock_000089536317_Large-2-1200x335.jpg
Santorini,Santorini/4.Santorini-Greece.jpg
Santorini,Santorini/4.jpg
Santorini,Santorini/40.jpg
Santorini,Santorini/40.santorini-hotels.jpg
Santorini,Santorini/41.oia-sunset-santorini.jpg
Santorini,Santorini/42.jpg
Santorini,Santorini/43.grace-santorini-hotel-villa.main.jpg
Santorini,Santorini/43.jpg
Santorini,Santorini/44.D246_100_147_1200.jpg
Santorini,Santorini/44.jpg
Santorini,Santorini/45.jpg
Santorini,Santorini/45.santorini_01.jpg
Santorini,Santorini/46.Santorini-shutterstock_158088893-960x332.jpg
Santorini,Santorini/46.jpg
Santorini,Santorini/47.1000677.jpg
Santorini,Santorini/47.jpg
Santorini,Santorini/48.bef3a3aa5aa4807cb9d0303f03f48dc0.jpg
Santorini,Santorini/48.jpg
Santorini,Santorini/49.jpg
Santorini,Santorini/5.4402982-mystique-santorini-greece.jpg
Santorini,Santorini/5.jpg
Santorini,Santorini/50.jpg
Santorini,Santorini/51.jpg
Santorini,Santorini/51.sunset-at-oia-santorini.jpg
Santorini,Santorini/52.jpg
Santorini,Santorini/53.bk1kyrxyd8s3wh00l9pj.jpg
Santorini,Santorini/55.jpg
Santorini,Santorini/56.jpg
Santorini,Santorini/56.santorini-panorama.jpg
Santorini,Santorini/57.jpg
Santorini,Santorini/57.santorini.jpg
Santorini,Santorini/58.il_570xN.1152458211_pjpl.jpg
Santorini,Santorini/58.jpg
Santorini,Santorini/59.jpg
Santorini,Santorini/59.oia-santorini-thira-cyclades-islands-greece_u-l-q1bprob0.jpg
Santorini,Santorini/6.Life-List-Santorini-631.jpg
Santorini,Santorini/6.jpg
Santorini,Santorini/60.jpg
Santorini,Santorini/60.santorini.jpg
Santorini,Santorini/61.D246_55_430_1200.jpg
Santorini,Santorini/61.jpg
Santorini,Santorini/62.oia_santorini_1618x750-1024x475.jpg
Santorini,Santorini/63.jpg
Santorini,Santorini/64.jpg
Santorini,Santorini/64.santorini_20(24).jpg
Santorini,Santorini/66.jpg
Santorini,Santorini/67.jpg
Santorini,Santorini/67.santorini-island-768x355.jpg
Santorini,Santorini/68.dreamstime_l_67699056.jpg
Santorini,Santorini/68.jpg
Santorini,Santorini/69.jpg
Santorini,Santorini/69.santorini_387-1100x450.jpg
Santorini,Santorini/7.santorini-51.jpg
Santorini,Santorini/70.jpg
Santorini,Santorini/70.santorini.jpg
Santorini,Santorini/71.jpg
Santorini,Santorini/72.Santorini-skyline-sunset-90221.jpg
Santorini,Santorini/72.jpeg
Santorini,Santorini/73.jpg
Santorini,Santorini/74.jpg
Santorini,Santorini/75.jpg
Santorini,Santorini/76.jpg
Santorini,Santorini/76.the_20grace_20santorini.jpg
Santorini,Santorini/77.jpg
Santorini,Santorini/78.jpg
Santorini,Santorini/79.jpg
Santorini,Santorini/8.jpg
Santorini,Santorini/8.santorini-greece-oia-white-blue.jpg
Santorini,Santorini/80.jpg
Santorini,Santorini/82.jpg
Santorini,Santorini/83.jpg
Santorini,Santorini/84.absolute-bliss-santorini-imerovigli0207_b.jpg
Santorini,Santorini/84.jpg
Santorini,Santorini/85.jpg
Santorini,Santorini/85.santoriniar.jpg
Santorini,Santorini/86.jonathan-gallegos-727409-unsplash-e1558616665938-720x340.jpg
Santorini,Santorini/87.jpg
Santorini,Santorini/88.jpg
Santorini,Santorini/88.silversea-mediterranean-cruise-santorini-greece.jpg
Santorini,Santorini/89.Santorini--Greece-Tours--On-The-Go-Tours-391091501770178_crop_683_341.jpg
Santorini,Santorini/89.jpg
Santorini,Santorini/9.placeholder.png.jpg
Santorini,Santorini/90.Santorini_seafront.jpg
Santorini,Santorini/90.jpg
Santorini,Santorini/91.jpg
Santorini,Santorini/92.istock_171574243_fira_santorini_8001526_letterbox.jpg
Santorini,Santorini/93.shutterstock_408431956-1400x500.jpg
Santorini,Santorini/94.beautiful-panorama-view-oia-village-260nw-1248719905.jpg
Santorini,Santorini/94.jpg
Santorini,Santorini/95.santorini-b-1_1176x420_acf_cropped.jpg
Santorini,Santorini/97.jpg
Santorini,Santorini/98.jpg
Santorini,Santorini/99.jpg
Statue Of Liberty - NYC,Statue Of Liberty - NYC/1.pan.jpg
Statue Of Liberty - NYC,Statue Of Liberty - NYC/10.jpg
Statue Of Liberty - NYC,Statue Of Liberty - NYC/10.topic-statue-of-liberty-gettyimages-960610006-feature.jpg
Statue Of Liberty - NYC,Statue Of Liberty - NYC/11.jpg
Statue Of Liberty - NYC,Statue Of Liberty - NYC/11.lady-liberty.jpg
Statue Of Liberty - NYC,Statue Of Liberty - NYC/12.Visit-Statue-of-Liberty.jpg
Statue Of Liberty - NYC,Statue Of Liberty - NYC/12.jpg
Statue Of Liberty - NYC,Statue Of Liberty - NYC/13.jpg
Statue Of Liberty - NYC,Statue Of Liberty - NYC/14.Statue-of-Liberty-1024x481.jpg
Statue Of Liberty - NYC,Statue Of Liberty - NYC/15.71981784-panorama-on-the-statue-of-liberty-and-the-skyline-of-manhattan-new-york-city-united-states.jpg
Statue Of Liberty - NYC,Statue Of Liberty - NYC/15.jpg
Statue Of Liberty - NYC,Statue Of Liberty - NYC/16.jpg
Statue Of Liberty - NYC,Statue Of Liberty - NYC/16.statue-of-liberty-1200x400.jpg
Statue Of Liberty - NYC,Statue Of Liberty - NYC/17.jpg
Statue Of Liberty - NYC,Statue Of Liberty - NYC/17.statue-of-liberty-hornblower.jpg
Statue Of Liberty - NYC,Statue Of Liberty - NYC/18.1704.jpg
Statue Of Liberty - NYC,Statue Of Liberty - NYC/19.jpg
Statue Of Liberty - NYC,"Statue Of Liberty - NYC/19.statue-of-liberty-with-manhattan-skyline-in-the-background-ellis-island-new-jersey-new-york-city-new-york-state,121610.jpg"
Statue Of Liberty - NYC,Statue Of Liberty - NYC/20.3521-2__75244.1429222371.1280.1280.jpg
Statue Of Liberty - NYC,Statue Of Liberty - NYC/20.jpg
Statue Of Liberty - NYC,Statue Of Liberty - NYC/21.jpg
Statue Of Liberty - NYC,Statue Of Liberty - NYC/22.5b49100f28f2e_Main_Banner_800x400_4.jpg
Statue Of Liberty - NYC,Statue Of Liberty - NYC/23.jpg
Statue Of Liberty - NYC,Statue Of Liberty - NYC/24.jpg
Statue Of Liberty - NYC,Statue Of Liberty - NYC/25.jpg
Statue Of Liberty - NYC,Statue Of Liberty - NYC/28.jpg
Statue Of Liberty - NYC,Statue Of Liberty - NYC/28.sol1_1_8.jpg
Statue Of Liberty - NYC,Statue Of Liberty - NYC/29.jpg
Statue Of Liberty - NYC,Statue Of Liberty - NYC/29.statue-of-liberty-ellis-island-statue-cruises-attraction.jpg
Statue Of Liberty - NYC,Statue Of Liberty - NYC/3.Secrets_of_the_Statue_of_Liberty_Tour_and_Ellis_Island_(25915).jpg
Statue Of Liberty - NYC,Statue Of Liberty - NYC/30.jpg
Statue Of Liberty - NYC,Statue Of Liberty - NYC/31.jpg
Statue Of Liberty - NYC,Statue Of Liberty - NYC/32.jpg
Statue Of Liberty - NYC,Statue Of Liberty - NYC/33.AttImg_StatueofLibertyEllisIsland1_large.jpg
Statue Of Liberty - NYC,Statue Of Liberty - NYC/34.jpg
Statue Of Liberty - NYC,Statue Of Liberty - NYC/35.SOL1.jpg
Statue Of Liberty - NYC,Statue Of Liberty - NYC/35.jpg
Statue Of Liberty - NYC,Statue Of Liberty - NYC/36.jpg
Statue Of Liberty - NYC,Statue Of Liberty - NYC/36.libertybanner.jpg
Statue Of Liberty - NYC,Statue Of Liberty - NYC/37.2622_nyc_statue_liberty.jpg
Statue Of Liberty - NYC,Statue Of Liberty - NYC/37.jpg
Statue Of Liberty - NYC,Statue Of Liberty - NYC/38.jpg
Statue Of Liberty - NYC,Statue Of Liberty - NYC/39.9932556-Statue-of-Liberty-and-NYC-skyline-0.jpg
Statue Of Liberty - NYC,Statue Of Liberty - NYC/39.jpg
Statue Of Liberty - NYC,Statue Of Liberty - NYC/4.Statue-of-Liberty_C.jpg
Statue Of Liberty - NYC,Statue Of Liberty - NYC/4.jpg
Statue Of Liberty - NYC,Statue Of Liberty - NYC/40.5b490e1d44099_BI_800x400.jpg
Statue Of Liberty - NYC,Statue Of Liberty - NYC/42.jpg
Statue Of Liberty - NYC,Statue Of Liberty - NYC/43.jpg
Statue Of Liberty - NYC,Statue Of Liberty - NYC/44.Statue-of-Liberty-Express-NY-Water-Taxi-main-900x435.jpg
Statue Of Liberty - NYC,Statue Of Liberty - NYC/45.GettyImages_1057633150.jpg
Statue Of Liberty - NYC,Statue Of Liberty - NYC/45.jpg
Statue Of Liberty - NYC,Statue Of Liberty - NYC/46.jpeg
Statue Of Liberty - NYC,Statue Of Liberty - NYC/47.new-york-usa-may-16-2019-people-make-photo-of-the-statue-of-liberty-new-york-city-ny-usa-W68DHN.jpg
Statue Of Liberty - NYC,Statue Of Liberty - NYC/48.jpg
Statue Of Liberty - NYC,Statue Of Liberty - NYC/49.Statue_20of_20Liberty_20MH_20RS.jpg
Statue Of Liberty - NYC,Statue Of Liberty - NYC/49.jpg
Statue Of Liberty - NYC,Statue Of Liberty - NYC/5.jpg
Statue Of Liberty - NYC,Statue Of Liberty - NYC/5.statue-liberty-one-world-trade-260nw-758701297.jpg
Statue Of Liberty - NYC,Statue Of Liberty - NYC/50.jpg
Statue Of Liberty - NYC,Statue Of Liberty - NYC/51.11979460-the-statue-of-liberty-on-liberty-island-new-york-city-panorama-photo.jpg
Statue Of Liberty - NYC,Statue Of Liberty - NYC/51.jpg
Statue Of Liberty - NYC,Statue Of Liberty - NYC/53.snapchat-drapes-statue-liberty-american-flag-for-fourth-july-augmented-reality-lens.1280x600.jpg
Statue Of Liberty - NYC,Statue Of Liberty - NYC/54.jpeg
Statue Of Liberty - NYC,Statue Of Liberty - NYC/55.jpg
Statue Of Liberty - NYC,Statue Of Liberty - NYC/55.statue-of-liberty-new-york-top.jpg
Statue Of Liberty - NYC,Statue Of Liberty - NYC/56.6ace96d14f7475156f090200c93e1505.jpg
Statue Of Liberty - NYC,Statue Of Liberty - NYC/56.jpg
Statue Of Liberty - NYC,Statue Of Liberty - NYC/57.jpg
Statue Of Liberty - NYC,Statue Of Liberty - NYC/57.new-york-city-skyline-statue-liberty-dramatic-view-nyc-including-ny-130694370.jpg
Statue Of Liberty - NYC,Statue Of Liberty - NYC/58.120907_12_20_05_IMG_3042.jpg
Statue Of Liberty - NYC,Statue Of Liberty - NYC/58.jpg
Statue Of Liberty - NYC,Statue Of Liberty - NYC/59.main.jpg
Statue Of Liberty - NYC,Statue Of Liberty - NYC/6.jpg
Statue Of Liberty - NYC,Statue Of Liberty - NYC/60.jpg
Statue Of Liberty - NYC,Statue Of Liberty - NYC/61.now-you-can-visit-statue-liberty-nyc-from-anywhere-augmented-reality-via-ios-app.1280x600.jpg
Statue Of Liberty - NYC,Statue Of Liberty - NYC/62.jpg
Statue Of Liberty - NYC,Statue Of Liberty - NYC/62.newvsold-800x400.jpg
Statue Of Liberty - NYC,Statue Of Liberty - NYC/64.jpg
Statue Of Liberty - NYC,Statue Of Liberty - NYC/65.jpg
Statue Of Liberty - NYC,Statue Of Liberty - NYC/65.statue-of-liberty-ellis-island-ferry-600x300.jpg
Statue Of Liberty - NYC,Statue Of Liberty - NYC/66.Walks-NYC-Statue-432.jpg
Statue Of Liberty - NYC,Statue Of Liberty - NYC/66.jpg
Statue Of Liberty - NYC,Statue Of Liberty - NYC/67.NYC_1440x480_3.jpg
Statue Of Liberty - NYC,Statue Of Liberty - NYC/67.jpg
Statue Of Liberty - NYC,Statue Of Liberty - NYC/68.Statue_20of_20Liberty.jpg
Statue Of Liberty - NYC,Statue Of Liberty - NYC/68.jpg
Statue Of Liberty - NYC,Statue Of Liberty - NYC/69.5c796289ca615_LibertyCruise05.jpg
Statue Of Liberty - NYC,Statue Of Liberty - NYC/69.jpg
Statue Of Liberty - NYC,Statue Of Liberty - NYC/7.jpg
Statue Of Liberty - NYC,Statue Of Liberty - NYC/7.statue-of-liberty.jpg
Statue Of Liberty - NYC,Statue Of Liberty - NYC/70.Fotolia_134018591_Subscription_Monthly_M.jpg
Statue Of Liberty - NYC,Statue Of Liberty - NYC/8.jpg
Statue Of Liberty - NYC,Statue Of Liberty - NYC/8.vip-nyc-access-statue-liberty-empire-state-building-ground-zero-911-attraction.jpg
Statue Of Liberty - NYC,Statue Of Liberty - NYC/9.jpg
Stonehenge,Stonehenge/1.stonehenge-from-ne.jpg
Stonehenge,Stonehenge/10.jpg
Stonehenge,Stonehenge/10.tour_img-2421140-146.jpg
Stonehenge,Stonehenge/100.jpg
Stonehenge,Stonehenge/102.jpg
Stonehenge,Stonehenge/103.jpg
Stonehenge,Stonehenge/104.jpg
Stonehenge,Stonehenge/105.jpg
Stonehenge,Stonehenge/106.jpg
Stonehenge,Stonehenge/109.jpg
Stonehenge,Stonehenge/11.Stonehenge-construction-may-have-been-aided-by-lots-of-pig-fat.jpg
Stonehenge,Stonehenge/11.jpg
Stonehenge,Stonehenge/110.jpg
Stonehenge,Stonehenge/111.jpg
Stonehenge,Stonehenge/112.jpeg
Stonehenge,Stonehenge/114.jpg
Stonehenge,Stonehenge/119.jpg
Stonehenge,Stonehenge/12.header-stonehenge-inside.jpg
Stonehenge,Stonehenge/12.jpg
Stonehenge,Stonehenge/121.jpg
Stonehenge,Stonehenge/13.dn11067-1_700.jpg
Stonehenge,Stonehenge/14.jpg
Stonehenge,Stonehenge/14.stonehengeis.jpg
Stonehenge,Stonehenge/15.stonehnege_tourist_photo_600.jpg
Stonehenge,Stonehenge/16.jpg
Stonehenge,Stonehenge/16.stonehenge-gty-jpo-190508_hpMain_12x5_992.jpg
Stonehenge,Stonehenge/17.jpg
Stonehenge,Stonehenge/17.web3-stonehenge-ancient-monument-wiltshire-england-pd.jpg
Stonehenge,Stonehenge/18.jpg
Stonehenge,Stonehenge/18.visiting-stonehenge-uk-1180x450.jpg
Stonehenge,Stonehenge/19.RESTRICTED-glb-stonehenge-leadasset-TRAVEL-xlarge.jpg
Stonehenge,Stonehenge/19.png
Stonehenge,Stonehenge/2.jpg
Stonehenge,Stonehenge/2.shutterstock_625998422.jpg
Stonehenge,Stonehenge/20.SOU_11_Stonehenge_680x330_0.jpg
Stonehenge,Stonehenge/20.jpg
Stonehenge,Stonehenge/21.excursion-castillo-windsor-bath-stonehenge-grid.jpg
Stonehenge,Stonehenge/21.jpg
Stonehenge,Stonehenge/22.StonehengeSprinkler.jpg
Stonehenge,Stonehenge/22.jpg
Stonehenge,Stonehenge/23.jpg
Stonehenge,Stonehenge/23.stone_henge_turkey_dna_600.jpg
Stonehenge,Stonehenge/24.jpg
Stonehenge,Stonehenge/24.shutterstock_540226144-1170x508.jpg
Stonehenge,Stonehenge/25.32996248738_f89b25d51b_b.jpg
Stonehenge,Stonehenge/25.jpg
Stonehenge,Stonehenge/26.Stonehenge_Total-760x380.jpg
Stonehenge,Stonehenge/26.jpg
Stonehenge,Stonehenge/27.jpg
Stonehenge,Stonehenge/27.stonehenge.jpg
Stonehenge,Stonehenge/28.image.jpg
Stonehenge,Stonehenge/28.jpg
Stonehenge,Stonehenge/29.jpg
Stonehenge,Stonehenge/29.stonehenge-altar-stone-3.jpg
Stonehenge,Stonehenge/3.jpg
Stonehenge,Stonehenge/3.stonehenge-freesally-pixabay-e1460111972910-1024x433.jpg
Stonehenge,Stonehenge/31.Stonehenge800.jpg
Stonehenge,Stonehenge/31.jpg
Stonehenge,Stonehenge/32.jpg
Stonehenge,Stonehenge/32.stonehenge-main.jpg
Stonehenge,Stonehenge/33.jpg
Stonehenge,Stonehenge/34.jpg
Stonehenge,Stonehenge/34.stonehenge-aerial-750x350.jpg
Stonehenge,Stonehenge/35.2019.03.25-stonehenge-370x2000_7590e449-5056-a36a-0959cf58b320a65d.jpg
Stonehenge,Stonehenge/35.jpg
Stonehenge,Stonehenge/36.jpg
Stonehenge,Stonehenge/36.stonehenge-built-by-descendants-of-early-immigrants-to-britain-study-finds.jpg
Stonehenge,Stonehenge/37.EDRhpiiXUAI0fO5.jpg
Stonehenge,Stonehenge/38.SH_17_20EAW_20image_hero.jpg
Stonehenge,Stonehenge/38.jpg
Stonehenge,Stonehenge/39.another-painting-of-stonehenge.jpg
Stonehenge,Stonehenge/4.entrada-stonehenge.jpg
Stonehenge,Stonehenge/4.jpg
Stonehenge,Stonehenge/40.jpg
Stonehenge,Stonehenge/41.jpg
Stonehenge,Stonehenge/42.Roman-Bath-Tour_Stonehenge_credit-nicolamargaret_iStock-http___www.istockphoto-1024x512.jpg
Stonehenge,Stonehenge/43.jpg
Stonehenge,Stonehenge/43.stonehenge-day-trip-hero.jpg
Stonehenge,Stonehenge/44.Historical-Stonehenge.jpg
Stonehenge,Stonehenge/44.jpg
Stonehenge,Stonehenge/45.brooke-bell-573120-unsplash.jpg
Stonehenge,Stonehenge/45.jpg
Stonehenge,Stonehenge/46.Stonehenge-Destination-Venice-1024x440.jpg
Stonehenge,Stonehenge/46.jpg
Stonehenge,Stonehenge/48.jpg
Stonehenge,Stonehenge/48.stonehenge1-640x280.jpg
Stonehenge,Stonehenge/5.jpg
Stonehenge,Stonehenge/5.stonehenge-2371476_960_720.jpg
Stonehenge,Stonehenge/50.jpg
Stonehenge,Stonehenge/50.stonehenge.jpg
Stonehenge,Stonehenge/51.Stonehenge_Stonehenge-is-a-pre-historic-henge-and-national-landmark-on-the-Wiltshire-plain-4-1170x350.jpg
Stonehenge,Stonehenge/51.jpg
Stonehenge,Stonehenge/52.stonehenge-flowers.-toppic.jpg
Stonehenge,Stonehenge/53.jpg
Stonehenge,Stonehenge/53.stonehenge-panorama-2.jpg
Stonehenge,Stonehenge/54.1089035448.jpg
Stonehenge,Stonehenge/54.jpg
Stonehenge,Stonehenge/55.jpg
Stonehenge,Stonehenge/55.webheadersalisbury-shaftesbury_20(Custom).jpg
Stonehenge,Stonehenge/56.Stonehenge-in-England.jpg
Stonehenge,Stonehenge/56.jpeg
Stonehenge,Stonehenge/58.jpg
Stonehenge,Stonehenge/59.jpeg
Stonehenge,Stonehenge/6.jpg
Stonehenge,Stonehenge/6.vXt4oCA6LwTsSDhQjd2grR-1200-80.jpg
Stonehenge,Stonehenge/60.jpg
Stonehenge,Stonehenge/60.tour_img-1762492-146.jpg
Stonehenge,Stonehenge/61.Stonehenge.jpg
Stonehenge,Stonehenge/61.jpg
Stonehenge,Stonehenge/62.stonehenge_2084sm.jpg
Stonehenge,Stonehenge/63.Stonehenge-750x350.jpg
Stonehenge,Stonehenge/63.jpg
Stonehenge,Stonehenge/64.jpg
Stonehenge,Stonehenge/65.jpg
Stonehenge,Stonehenge/66.gatwick-airport-transfer-to-stonehenge-800x400.jpg
Stonehenge,Stonehenge/66.jpg
Stonehenge,Stonehenge/68.jpg
Stonehenge,Stonehenge/68.travel-iceland-london-trip-2018-260nw-1248227521.jpg
Stonehenge,Stonehenge/69.Stonehenge1.jpg
Stonehenge,Stonehenge/69.jpg
Stonehenge,Stonehenge/7.181206-stonehenge-mc-1034_15d50fe9b98cdedd71e251a6ee0050e3.nbcnews-fp-1024-512.JPG
Stonehenge,Stonehenge/7.jpg
Stonehenge,Stonehenge/70.jpg
Stonehenge,Stonehenge/70.stonehenge-propped.jpg
Stonehenge,Stonehenge/71.England-Stonehenge3.jpg
Stonehenge,Stonehenge/71.jpg
Stonehenge,Stonehenge/72.jpg
Stonehenge,Stonehenge/72.stonehenge-bringing-back-the-dead-2677.jpg
Stonehenge,Stonehenge/73.a_Stonehenge-Wedding-8-700x206.jpg
Stonehenge,Stonehenge/73.jpg
Stonehenge,Stonehenge/74.6C7049707-130422-stonehenge-1.nbcnews-fp-1024-512.jpg
Stonehenge,Stonehenge/74.jpg
Stonehenge,Stonehenge/75.St+complete+--+simulation.jpg
Stonehenge,Stonehenge/76.88658-2-Stonehenge-England.jpg
Stonehenge,Stonehenge/76.jpg
Stonehenge,Stonehenge/77.jpg
Stonehenge,Stonehenge/78.Stonehenge.jpg
Stonehenge,Stonehenge/78.jpg
Stonehenge,Stonehenge/79.jpg
Stonehenge,Stonehenge/79.stonehenge-meaning-theories-history.jpg
Stonehenge,Stonehenge/8.1ce64d20cf8610a9d426da649ad061c413acfef7.jpg
Stonehenge,Stonehenge/8.jpg
Stonehenge,Stonehenge/80.jpg
Stonehenge,Stonehenge/80.stonehenge-interactive-bg-e1495294229687.jpg
Stonehenge,Stonehenge/81.jpg
Stonehenge,Stonehenge/81.stonehenge2-700x255.jpg
Stonehenge,Stonehenge/82.IPO_01NewTour0724H_lg.jpg
Stonehenge,Stonehenge/83.jpg
Stonehenge,Stonehenge/83.stonhenge.jpg
Stonehenge,Stonehenge/84.jpg
Stonehenge,Stonehenge/85.IMG_3335-1230x400.jpg
Stonehenge,Stonehenge/85.jpg
Stonehenge,Stonehenge/86.Web_Stonehenge_iStock-172382850.jpg
Stonehenge,Stonehenge/86.jpg
Stonehenge,Stonehenge/87.598a56edcf003.image.jpg
Stonehenge,Stonehenge/88.stonehenge-bluestones-880x440.jpg
Stonehenge,Stonehenge/89.Trilithon.jpg
Stonehenge,Stonehenge/89.jpg
Stonehenge,Stonehenge/9.jpg
Stonehenge,Stonehenge/9.stonehenge.jpg
Stonehenge,Stonehenge/90.jpg
Stonehenge,Stonehenge/91.Best-preserved-part-of-the-outer-stone-circle-also-you-can-see-the-fallen-stone-so-called-Slaughter-Stone-Stonehenge-900x450.jpg
Stonehenge,Stonehenge/91.jpg
Stonehenge,Stonehenge/92.jpg
Stonehenge,Stonehenge/93.jpg
Stonehenge,Stonehenge/98.jpg
Stonehenge,Stonehenge/99.jpg
Taj Mahal - India,Taj Mahal - India/1.taj-mahal-1400x500.jpg
Taj Mahal - India,Taj Mahal - India/10.jpg
Taj Mahal - India,Taj Mahal - India/101.jpg
Taj Mahal - India,Taj Mahal - India/103.jpg
Taj Mahal - India,Taj Mahal - India/104.jpg
Taj Mahal - India,Taj Mahal - India/11.SH_Taj_Banner.jpg
Taj Mahal - India,Taj Mahal - India/111.jpg
Taj Mahal - India,Taj Mahal - India/116.jpg
Taj Mahal - India,Taj Mahal - India/119.jpg
Taj Mahal - India,Taj Mahal - India/12.jpg
Taj Mahal - India,Taj Mahal - India/12.taj-mahal.jpg
Taj Mahal - India,Taj Mahal - India/120.jpg
Taj Mahal - India,Taj Mahal - India/121.jpg
Taj Mahal - India,Taj Mahal - India/128.jpg
Taj Mahal - India,Taj Mahal - India/13.jpg
Taj Mahal - India,Taj Mahal - India/13.taj-160006500_6.jpg
Taj Mahal - India,Taj Mahal - India/138.jpg
Taj Mahal - India,Taj Mahal - India/14.Taj-Mahal.jpg
Taj Mahal - India,Taj Mahal - India/141.jpg
Taj Mahal - India,Taj Mahal - India/142.jpg
Taj Mahal - India,Taj Mahal - India/146.jpg
Taj Mahal - India,Taj Mahal - India/15.shutterstockRF_547110784-1280x525.jpg
Taj Mahal - India,Taj Mahal - India/150.jpg
Taj Mahal - India,Taj Mahal - India/151.jpg
Taj Mahal - India,Taj Mahal - India/152.jpg
Taj Mahal - India,Taj Mahal - India/155.jpg
Taj Mahal - India,Taj Mahal - India/158.jpg
Taj Mahal - India,Taj Mahal - India/16.Taj_Mahal_PTI_oow.jpg
Taj Mahal - India,Taj Mahal - India/161.jpg
Taj Mahal - India,Taj Mahal - India/168.jpg
Taj Mahal - India,Taj Mahal - India/17.taj-mahal-1024327_960_720.jpg
Taj Mahal - India,Taj Mahal - India/18.taj_story_650_012815022620.jpg
Taj Mahal - India,Taj Mahal - India/182.jpg
Taj Mahal - India,Taj Mahal - India/186.png
Taj Mahal - India,Taj Mahal - India/19.6777Taj_20Mahal_20Agra_20-_20India_20Incredible-916x269.jpg
Taj Mahal - India,Taj Mahal - India/19.jpg
Taj Mahal - India,Taj Mahal - India/191.jpg
Taj Mahal - India,Taj Mahal - India/192.jpg
Taj Mahal - India,Taj Mahal - India/195.jpg
Taj Mahal - India,Taj Mahal - India/2.600px-Taj_Mahal-10__28cropped_29.jpg
Taj Mahal - India,Taj Mahal - India/2.jpg
Taj Mahal - India,Taj Mahal - India/20.Taj-Mahal-Tour-Agra.jpg
Taj Mahal - India,Taj Mahal - India/20.jpg
Taj Mahal - India,Taj Mahal - India/22.asia-india-agra.jpg
Taj Mahal - India,Taj Mahal - India/23.Our-Travel-Diaries-Taj-Mahal-India.jpg
Taj Mahal - India,Taj Mahal - India/24.delhi-jaipur-taj-mahal-tour.jpg
Taj Mahal - India,Taj Mahal - India/24.jpg
Taj Mahal - India,Taj Mahal - India/25.Tajmahal.jpg
Taj Mahal - India,Taj Mahal - India/26.jpg
Taj Mahal - India,Taj Mahal - India/27.maxresdefault.jpg
Taj Mahal - India,Taj Mahal - India/28.jpg
Taj Mahal - India,Taj Mahal - India/28.taj-mahal-instagram-captions-090818.jpg
Taj Mahal - India,Taj Mahal - India/29.Agra_Taj_Mahal.jpg
Taj Mahal - India,Taj Mahal - India/29.jpg
Taj Mahal - India,Taj Mahal - India/3.jpg
Taj Mahal - India,Taj Mahal - India/3.taj_mahal_03_big.jpg
Taj Mahal - India,Taj Mahal - India/30.TajmahalPhotographyTours-2.jpg
Taj Mahal - India,Taj Mahal - India/30.jpg
Taj Mahal - India,Taj Mahal - India/31.7-Best-Drone-Videos-Of-India.jpg
Taj Mahal - India,Taj Mahal - India/32.India4070-Shortlisted-To-Be-A-Swachh-Iconic-Place-Here-How-Taj-Mahal-Fares-So-Far_istock.jpg
Taj Mahal - India,Taj Mahal - India/33.tzoo.10110.0.866230.Taj-Mahal-India-iStock-1085853264.jpg
Taj Mahal - India,Taj Mahal - India/34.Taj-Mahal--India-Tours--On-The-Go-Tours-236721404392766_crop_683_341.jpg
Taj Mahal - India,Taj Mahal - India/34.jpg
Taj Mahal - India,Taj Mahal - India/35.large_7_3eFpejpShPeLoo5aKA7_KDLVwlIStBd8Y8ZSwm_Yo.jpg
Taj Mahal - India,Taj Mahal - India/36.Taj_20Mahal.jpg
Taj Mahal - India,Taj Mahal - India/37.Agra-Luxury-Travel-Taj-Mahal-Private-Tour-India-Luxury-Travel1.jpg
Taj Mahal - India,Taj Mahal - India/38.India-Greatest-Monument-feature-img-850x400.jpg
Taj Mahal - India,Taj Mahal - India/39.tajmahal2.jpg
Taj Mahal - India,Taj Mahal - India/4.asia-taj-mahal-and-the-treasures-of-india-mh.jpg
Taj Mahal - India,Taj Mahal - India/4.jpeg
Taj Mahal - India,Taj Mahal - India/40.IMG_4162-2.jpg
Taj Mahal - India,Taj Mahal - India/42.114787621-crown-of-the-palaces-taj-mahal-in-agra-uttar-pradesh-india.jpg
Taj Mahal - India,Taj Mahal - India/43.32874863600_c8c2942728_b.jpg
Taj Mahal - India,Taj Mahal - India/44.il_794xN.1834989904_4h6e.jpg
Taj Mahal - India,Taj Mahal - India/44.jpg
Taj Mahal - India,Taj Mahal - India/45.india-food-tour-private.jpg
Taj Mahal - India,Taj Mahal - India/45.jpeg
Taj Mahal - India,Taj Mahal - India/47.jpg
Taj Mahal - India,Taj Mahal - India/47.large_a6AQG9Mr5-1mzZ3Q4_hOyNf4AcbuvvoBYoA4pRvxZAQ.jpg
Taj Mahal - India,Taj Mahal - India/48.jpg
Taj Mahal - India,Taj Mahal - India/48.tajmahal.jpg
Taj Mahal - India,Taj Mahal - India/5.shutterstock_322549166-taj-mahal-1.jpg
Taj Mahal - India,Taj Mahal - India/50.taj_mahal-wikimedia-commons.jpg
Taj Mahal - India,Taj Mahal - India/51.f1-638x300.jpg
Taj Mahal - India,Taj Mahal - India/52.Agra-Taj-Mahal.jpg
Taj Mahal - India,Taj Mahal - India/53.131135647786250000.jpg
Taj Mahal - India,Taj Mahal - India/54.Taj-Mahal.jpg
Taj Mahal - India,Taj Mahal - India/54.jpeg
Taj Mahal - India,Taj Mahal - India/55.taj-mahal.jpg
Taj Mahal - India,Taj Mahal - India/56.IMG_8142-1024x231.jpg
Taj Mahal - India,Taj Mahal - India/56.png
Taj Mahal - India,Taj Mahal - India/57.jpg
Taj Mahal - India,Taj Mahal - India/57.taj-mahal-seen-from-across-the-yamuna-river-in-agra-uttar-pradesh-BR650F.jpg
Taj Mahal - India,Taj Mahal - India/59.97282741-panorama-of-taj-mahal-at-sunny-day-in-agra-india-.jpg
Taj Mahal - India,Taj Mahal - India/6.14509625909_9946c89f4d_b.jpg
Taj Mahal - India,Taj Mahal - India/60.taj-mahal-india-hindi-1024x448.jpg
Taj Mahal - India,Taj Mahal - India/61.img_3894.jpg
Taj Mahal - India,Taj Mahal - India/62.important-information-for-travellers-visiting-taj-mahal-india.jpg
Taj Mahal - India,Taj Mahal - India/62.jpg
Taj Mahal - India,Taj Mahal - India/64.taj-mahal.jpg
Taj Mahal - India,Taj Mahal - India/65.Agra-Luxury-Travel-Taj-Mahal-Private-Tour-India-Luxury-Travel4.jpg
Taj Mahal - India,Taj Mahal - India/66.jpg
Taj Mahal - India,Taj Mahal - India/66.stock-photo-architecture-taj-mahal-india-agra-92be4e13-7390-4d95-87d5-6851f34dfab2.jpg
Taj Mahal - India,Taj Mahal - India/68.image9.jpg
Taj Mahal - India,Taj Mahal - India/68.jpg
Taj Mahal - India,Taj Mahal - India/69.panorama-view-taj-mahal-sunrise-light-with-reflection-agra-india_44576-148.jpg
Taj Mahal - India,Taj Mahal - India/7.img-5415117f9a1dc-posts-8811.jpg
Taj Mahal - India,Taj Mahal - India/7.jpg
Taj Mahal - India,Taj Mahal - India/70.flickr-betta_design-taj-mahal_1024x768.jpg
Taj Mahal - India,Taj Mahal - India/70.jpg
Taj Mahal - India,Taj Mahal - India/71.Agra_TAJ-MAHAL_Banner.jpg
Taj Mahal - India,Taj Mahal - India/71.jpg
Taj Mahal - India,Taj Mahal - India/72.ghqomxmyhb-1464014423.jpg
Taj Mahal - India,Taj Mahal - India/74.tzoo.41031.0.408691.Taj.jpg
Taj Mahal - India,Taj Mahal - India/75.Taj_Mahal-0301_field_image_listing_featured.var_1514978552.jpg
Taj Mahal - India,Taj Mahal - India/75.jpg
Taj Mahal - India,Taj Mahal - India/76.agra.jpg
Taj Mahal - India,Taj Mahal - India/78.taj-mahal-agra.jpg
Taj Mahal - India,Taj Mahal - India/79.jpg
Taj Mahal - India,Taj Mahal - India/79.tajmahal.jpg
Taj Mahal - India,Taj Mahal - India/8.Agra-Taj-Mahal1.jpg
Taj Mahal - India,Taj Mahal - India/8.jpg
Taj Mahal - India,Taj Mahal - India/80.taj-mahal-1140x426.jpg
Taj Mahal - India,Taj Mahal - India/82.20151203_1153232-1024x576.jpg
Taj Mahal - India,Taj Mahal - India/83.view-of-taj-mahal-from-oberoi-amarvilas-pool-luxury-hotel-in-agra-india-1024x512.jpg
Taj Mahal - India,Taj Mahal - India/85.jpg
Taj Mahal - India,Taj Mahal - India/85.taj-mahal-12.jpg
Taj Mahal - India,Taj Mahal - India/86.taj-holiday.jpg
Taj Mahal - India,Taj Mahal - India/87.36816.jpg
Taj Mahal - India,Taj Mahal - India/89.jpg
Taj Mahal - India,Taj Mahal - India/9.tzoo.10110.0.764206.koushik-chowdavarapu-392709-unsplash.jpg
Taj Mahal - India,Taj Mahal - India/90.AgraBoltOnsIndia-49851242400981_crop_683_341.jpg
Taj Mahal - India,Taj Mahal - India/91.taj-mahal-agra-india-1140x530.jpg
Taj Mahal - India,Taj Mahal - India/92.Reflection-of-the-Taj-Mahal1.jpg
Taj Mahal - India,Taj Mahal - India/92.jpg
Taj Mahal - India,Taj Mahal - India/94.jpg
Taj Mahal - India,Taj Mahal - India/96.jpg
The Blue Grotto - Capri,The Blue Grotto - Capri/1.grotta_d_0_0_900.20181030174940.jpg
The Blue Grotto - Capri,The Blue Grotto - Capri/10.grotta-azzurra.jpg
The Blue Grotto - Capri,The Blue Grotto - Capri/10.jpg
The Blue Grotto - Capri,The Blue Grotto - Capri/102.jpg
The Blue Grotto - Capri,The Blue Grotto - Capri/103.jpg
The Blue Grotto - Capri,The Blue Grotto - Capri/104.jpg
The Blue Grotto - Capri,The Blue Grotto - Capri/106.jpg
The Blue Grotto - Capri,The Blue Grotto - Capri/11.grotta-azzurra-shared.jpg
The Blue Grotto - Capri,The Blue Grotto - Capri/11.jpg
The Blue Grotto - Capri,The Blue Grotto - Capri/12.4764cda1304959367fa9a4afdb6dd097.jpg
The Blue Grotto - Capri,The Blue Grotto - Capri/12.jpg
The Blue Grotto - Capri,The Blue Grotto - Capri/13.blue-grotto-malta.jpg
The Blue Grotto - Capri,The Blue Grotto - Capri/13.jpg
The Blue Grotto - Capri,The Blue Grotto - Capri/14.4e66e4d2c5c8966334b2d938c9b7f58d.jpg
The Blue Grotto - Capri,The Blue Grotto - Capri/14.jpg
The Blue Grotto - Capri,The Blue Grotto - Capri/15.grotta-blu-capri-1020x360.jpg
The Blue Grotto - Capri,The Blue Grotto - Capri/15.jpg
The Blue Grotto - Capri,The Blue Grotto - Capri/16.capri-and-blue-grotto-from-naples-cruise-port-private-shore-excursion-0.jpg
The Blue Grotto - Capri,The Blue Grotto - Capri/16.jpg
The Blue Grotto - Capri,The Blue Grotto - Capri/17.jpg
The Blue Grotto - Capri,The Blue Grotto - Capri/18.blu_grotto_capri_1425984505.jpg
The Blue Grotto - Capri,The Blue Grotto - Capri/18.jpg
The Blue Grotto - Capri,The Blue Grotto - Capri/2.DSC0059_mod-900x300.jpg
The Blue Grotto - Capri,The Blue Grotto - Capri/2.jpg
The Blue Grotto - Capri,The Blue Grotto - Capri/20.blue-grotto-capri-yacht-charter.jpg
The Blue Grotto - Capri,The Blue Grotto - Capri/20.jpg
The Blue Grotto - Capri,The Blue Grotto - Capri/21.blue-grotto-aka-grotta-azzurra-in-capri-italy.jpg
The Blue Grotto - Capri,The Blue Grotto - Capri/21.jpg
The Blue Grotto - Capri,The Blue Grotto - Capri/22.Bisevo-in-001.jpg
The Blue Grotto - Capri,The Blue Grotto - Capri/22.jpg
The Blue Grotto - Capri,The Blue Grotto - Capri/23.jpg
The Blue Grotto - Capri,The Blue Grotto - Capri/24.jpg
The Blue Grotto - Capri,The Blue Grotto - Capri/25.jpg
The Blue Grotto - Capri,The Blue Grotto - Capri/26.jpg
The Blue Grotto - Capri,The Blue Grotto - Capri/27.jpg
The Blue Grotto - Capri,The Blue Grotto - Capri/27.woes-grotta-smile11-1020x360.jpg
The Blue Grotto - Capri,The Blue Grotto - Capri/28.Amalfi-Coast-Tours-Blue-Grotto.jpg
The Blue Grotto - Capri,The Blue Grotto - Capri/28.jpg
The Blue Grotto - Capri,The Blue Grotto - Capri/29.jpg
The Blue Grotto - Capri,The Blue Grotto - Capri/3.blue-grotto-hero.-toppic.jpg
The Blue Grotto - Capri,The Blue Grotto - Capri/3.jpg
The Blue Grotto - Capri,The Blue Grotto - Capri/30.jpg
The Blue Grotto - Capri,The Blue Grotto - Capri/31.jpg
The Blue Grotto - Capri,The Blue Grotto - Capri/32.jpg
The Blue Grotto - Capri,The Blue Grotto - Capri/33.famous-blue-grotto-malta-near-260nw-528540901.jpg
The Blue Grotto - Capri,The Blue Grotto - Capri/33.jpg
The Blue Grotto - Capri,The Blue Grotto - Capri/34.blue-grotto-boat-trip.jpg
The Blue Grotto - Capri,The Blue Grotto - Capri/34.jpg
The Blue Grotto - Capri,The Blue Grotto - Capri/35.jpeg
The Blue Grotto - Capri,The Blue Grotto - Capri/36.jpg
The Blue Grotto - Capri,The Blue Grotto - Capri/37.jpg
The Blue Grotto - Capri,The Blue Grotto - Capri/38.100c12000000sg563931A_C_750_350.jpg
The Blue Grotto - Capri,The Blue Grotto - Capri/38.jpg
The Blue Grotto - Capri,The Blue Grotto - Capri/39.capri-blue-grotto.jpg
The Blue Grotto - Capri,The Blue Grotto - Capri/39.jpg
The Blue Grotto - Capri,The Blue Grotto - Capri/4.coopculturae_id_sito_201_1836.jpg
The Blue Grotto - Capri,The Blue Grotto - Capri/4.jpg
The Blue Grotto - Capri,The Blue Grotto - Capri/40.jpg
The Blue Grotto - Capri,The Blue Grotto - Capri/41.405b12ff5e19adb0f03fa36e4cfe1be5.jpg
The Blue Grotto - Capri,The Blue Grotto - Capri/41.jpg
The Blue Grotto - Capri,The Blue Grotto - Capri/42.jpg
The Blue Grotto - Capri,The Blue Grotto - Capri/43.capritour4.jpg
The Blue Grotto - Capri,The Blue Grotto - Capri/44.jpeg
The Blue Grotto - Capri,The Blue Grotto - Capri/45.jpg
The Blue Grotto - Capri,The Blue Grotto - Capri/46.jpg
The Blue Grotto - Capri,The Blue Grotto - Capri/47.jpg
The Blue Grotto - Capri,The Blue Grotto - Capri/47.malta-blue-grotto-02.jpg
The Blue Grotto - Capri,The Blue Grotto - Capri/48.jpg
The Blue Grotto - Capri,The Blue Grotto - Capri/49.capri-grotta-azzurra-m.jpg
The Blue Grotto - Capri,The Blue Grotto - Capri/49.jpg
The Blue Grotto - Capri,The Blue Grotto - Capri/5.IMG-2323-2126x1440_e2x1_0_72_1400.20170621115010.jpg
The Blue Grotto - Capri,The Blue Grotto - Capri/5.jpg
The Blue Grotto - Capri,The Blue Grotto - Capri/50.jpg
The Blue Grotto - Capri,The Blue Grotto - Capri/51.100w0s000000if1niB163_C_750_350.jpg
The Blue Grotto - Capri,The Blue Grotto - Capri/51.jpg
The Blue Grotto - Capri,The Blue Grotto - Capri/52.png
The Blue Grotto - Capri,The Blue Grotto - Capri/53.115678347-blue-grotto-malta-natural-stone-arch-and-sea-caves-phantastic-sea-view-on-malta-island-.jpg
The Blue Grotto - Capri,The Blue Grotto - Capri/53.jpg
The Blue Grotto - Capri,The Blue Grotto - Capri/54.jpg
The Blue Grotto - Capri,The Blue Grotto - Capri/56.jpg
The Blue Grotto - Capri,The Blue Grotto - Capri/57.jpg
The Blue Grotto - Capri,The Blue Grotto - Capri/58.anacapri-grotte-bleue-blue-grotto-azzurra.jpg
The Blue Grotto - Capri,The Blue Grotto - Capri/58.jpg
The Blue Grotto - Capri,The Blue Grotto - Capri/59.9926704.jpg
The Blue Grotto - Capri,The Blue Grotto - Capri/59.jpg
The Blue Grotto - Capri,The Blue Grotto - Capri/6.blue-grotto.jpg
The Blue Grotto - Capri,The Blue Grotto - Capri/6.jpg
The Blue Grotto - Capri,The Blue Grotto - Capri/60.Faraglioni1-960x380.jpg
The Blue Grotto - Capri,The Blue Grotto - Capri/60.jpg
The Blue Grotto - Capri,The Blue Grotto - Capri/61.jpg
The Blue Grotto - Capri,The Blue Grotto - Capri/62.bluegrotto.jpg
The Blue Grotto - Capri,The Blue Grotto - Capri/62.jpg
The Blue Grotto - Capri,The Blue Grotto - Capri/63.grottadellosmeraldo.jpg
The Blue Grotto - Capri,The Blue Grotto - Capri/63.jpg
The Blue Grotto - Capri,The Blue Grotto - Capri/64.jpg
The Blue Grotto - Capri,The Blue Grotto - Capri/65.jpg
The Blue Grotto - Capri,The Blue Grotto - Capri/66.jpg
The Blue Grotto - Capri,The Blue Grotto - Capri/67.jpg
The Blue Grotto - Capri,The Blue Grotto - Capri/68.depositphotos_186448558-stock-photo-praia-mare-cosenza-calabria-italy.jpg
The Blue Grotto - Capri,The Blue Grotto - Capri/68.jpg
The Blue Grotto - Capri,The Blue Grotto - Capri/69.jpg
The Blue Grotto - Capri,The Blue Grotto - Capri/7.daily.jpg
The Blue Grotto - Capri,The Blue Grotto - Capri/7.jpg
The Blue Grotto - Capri,The Blue Grotto - Capri/70.jpg
The Blue Grotto - Capri,The Blue Grotto - Capri/71.jpg
The Blue Grotto - Capri,The Blue Grotto - Capri/73.jpg
The Blue Grotto - Capri,The Blue Grotto - Capri/74.Blue-Cave-850x267.jpg
The Blue Grotto - Capri,The Blue Grotto - Capri/74.jpg
The Blue Grotto - Capri,The Blue Grotto - Capri/75.jpg
The Blue Grotto - Capri,The Blue Grotto - Capri/76.jpg
The Blue Grotto - Capri,The Blue Grotto - Capri/78.jpg
The Blue Grotto - Capri,The Blue Grotto - Capri/79.jpg
The Blue Grotto - Capri,The Blue Grotto - Capri/8.blue-grotto-2.jpg
The Blue Grotto - Capri,The Blue Grotto - Capri/8.jpg
The Blue Grotto - Capri,The Blue Grotto - Capri/81.bewitchingly-beautiful-glowing-waters-in-the-blue-grotto-sea-cave-60031.jpg
The Blue Grotto - Capri,The Blue Grotto - Capri/81.jpeg
The Blue Grotto - Capri,The Blue Grotto - Capri/82.jpg
The Blue Grotto - Capri,The Blue Grotto - Capri/84.jpg
The Blue Grotto - Capri,The Blue Grotto - Capri/85.jpg
The Blue Grotto - Capri,The Blue Grotto - Capri/86.jpg
The Blue Grotto - Capri,The Blue Grotto - Capri/87.grotto-azzurra-malta-is-AEX730.jpg
The Blue Grotto - Capri,The Blue Grotto - Capri/87.jpg
The Blue Grotto - Capri,The Blue Grotto - Capri/88.jpg
The Blue Grotto - Capri,The Blue Grotto - Capri/89.jpg
The Blue Grotto - Capri,The Blue Grotto - Capri/9.grottaazzurrac.jpg
The Blue Grotto - Capri,The Blue Grotto - Capri/9.jpg
The Blue Grotto - Capri,The Blue Grotto - Capri/90.jpg
The Blue Grotto - Capri,The Blue Grotto - Capri/91.jpg
The Blue Grotto - Capri,The Blue Grotto - Capri/92.jpg
The Blue Grotto - Capri,The Blue Grotto - Capri/93.jpg
The Blue Grotto - Capri,The Blue Grotto - Capri/94.jpg
The Blue Grotto - Capri,The Blue Grotto - Capri/95.jpg
The Blue Grotto - Capri,The Blue Grotto - Capri/96.jpg
The Blue Grotto - Capri,The Blue Grotto - Capri/97.jpg
The Blue Grotto - Capri,The Blue Grotto - Capri/98.jpg
The Blue Grotto - Capri,The Blue Grotto - Capri/99.png
Venezuela Angel Falls,Venezuela Angel Falls/1.angel-falls-venezuela.jpg
Venezuela Angel Falls,Venezuela Angel Falls/10.Angel-Falls-Venezuela-03.jpg
Venezuela Angel Falls,Venezuela Angel Falls/10.jpg
Venezuela Angel Falls,Venezuela Angel Falls/101.jpg
Venezuela Angel Falls,Venezuela Angel Falls/102.jpg
Venezuela Angel Falls,Venezuela Angel Falls/103.jpg
Venezuela Angel Falls,Venezuela Angel Falls/106.jpg
Venezuela Angel Falls,Venezuela Angel Falls/11.Angel_20falls_20panoramic.jpg
Venezuela Angel Falls,Venezuela Angel Falls/11.jpg
Venezuela Angel Falls,Venezuela Angel Falls/12.Angel-Falls-Venezuela.jpg
Venezuela Angel Falls,Venezuela Angel Falls/12.jpg
Venezuela Angel Falls,Venezuela Angel Falls/13.jpg
Venezuela Angel Falls,Venezuela Angel Falls/13.venezuela_angelfalls.jpg
Venezuela Angel Falls,Venezuela Angel Falls/14.foto_1379377578.jpg
Venezuela Angel Falls,Venezuela Angel Falls/14.jpg
Venezuela Angel Falls,Venezuela Angel Falls/15.jpg
Venezuela Angel Falls,Venezuela Angel Falls/16.B3-CJ467_VENFAL_TOP_20181113222608.jpg
Venezuela Angel Falls,Venezuela Angel Falls/17.even-take-me-many-hours.jpg
Venezuela Angel Falls,Venezuela Angel Falls/17.jpg
Venezuela Angel Falls,Venezuela Angel Falls/18.banner_CANOETOANGELFALLS2018_2-1170x400.jpg
Venezuela Angel Falls,Venezuela Angel Falls/18.jpg
Venezuela Angel Falls,Venezuela Angel Falls/19.article-1470399223_1170_531_75_0.jpg
Venezuela Angel Falls,Venezuela Angel Falls/19.jpg
Venezuela Angel Falls,Venezuela Angel Falls/2.angel_venezuela2_big.jpg
Venezuela Angel Falls,Venezuela Angel Falls/2.jpg
Venezuela Angel Falls,Venezuela Angel Falls/20.jpg
Venezuela Angel Falls,Venezuela Angel Falls/21.jpg
Venezuela Angel Falls,Venezuela Angel Falls/21.panoramicasalto1200.jpg
Venezuela Angel Falls,Venezuela Angel Falls/22.jpg
Venezuela Angel Falls,Venezuela Angel Falls/23.DQmSSmv9cry6E4Snou5XyMcRS33e9tPJzRHsLqALC8wKCHB_1680x8400.jpg
Venezuela Angel Falls,Venezuela Angel Falls/23.jpg
Venezuela Angel Falls,Venezuela Angel Falls/24.angel_sausage_2_big.jpg
Venezuela Angel Falls,Venezuela Angel Falls/24.jpg
Venezuela Angel Falls,Venezuela Angel Falls/25.jpg
Venezuela Angel Falls,Venezuela Angel Falls/27.jpg
Venezuela Angel Falls,Venezuela Angel Falls/28.angel-waterfall-venezuela-720x340.jpg
Venezuela Angel Falls,Venezuela Angel Falls/28.jpg
Venezuela Angel Falls,Venezuela Angel Falls/29.jpg
Venezuela Angel Falls,Venezuela Angel Falls/3.angel_falls_2016_01_big.jpg
Venezuela Angel Falls,Venezuela Angel Falls/3.jpg
Venezuela Angel Falls,Venezuela Angel Falls/30.guiana1.jpg
Venezuela Angel Falls,Venezuela Angel Falls/30.jpg
Venezuela Angel Falls,Venezuela Angel Falls/31.jpg
Venezuela Angel Falls,Venezuela Angel Falls/32.articles-the-wanderlust-guide-to-the-best-of-venezuela.jpg
Venezuela Angel Falls,Venezuela Angel Falls/32.jpg
Venezuela Angel Falls,Venezuela Angel Falls/33.jpg
Venezuela Angel Falls,Venezuela Angel Falls/34.jpg
Venezuela Angel Falls,Venezuela Angel Falls/37.9e4e460b62a2f1fa70e1b522af74d802.jpg
Venezuela Angel Falls,Venezuela Angel Falls/37.jpg
Venezuela Angel Falls,Venezuela Angel Falls/38.0130.jpg
Venezuela Angel Falls,Venezuela Angel Falls/38.jpg
Venezuela Angel Falls,Venezuela Angel Falls/39.jpg
Venezuela Angel Falls,Venezuela Angel Falls/4.destination_149189018958ec700d6d7c2.jpg
Venezuela Angel Falls,Venezuela Angel Falls/4.jpg
Venezuela Angel Falls,Venezuela Angel Falls/40.SAVE105_6_4.jpg
Venezuela Angel Falls,Venezuela Angel Falls/40.jpg
Venezuela Angel Falls,Venezuela Angel Falls/41.jpg
Venezuela Angel Falls,Venezuela Angel Falls/42.foto_1378937215.jpg
Venezuela Angel Falls,Venezuela Angel Falls/42.jpg
Venezuela Angel Falls,Venezuela Angel Falls/43.jpg
Venezuela Angel Falls,Venezuela Angel Falls/44.940000004-angel-falls-canaima-national-park-venezuela.jpg
Venezuela Angel Falls,Venezuela Angel Falls/44.jpg
Venezuela Angel Falls,Venezuela Angel Falls/45.jpg
Venezuela Angel Falls,Venezuela Angel Falls/46.2.jpg
Venezuela Angel Falls,Venezuela Angel Falls/46.jpg
Venezuela Angel Falls,Venezuela Angel Falls/48.Venezuela-Abseil-Angel-Falls-image-of-Auyan-Tepui-c-WallDevil.jpg
Venezuela Angel Falls,Venezuela Angel Falls/48.jpg
Venezuela Angel Falls,Venezuela Angel Falls/49.jpg
Venezuela Angel Falls,Venezuela Angel Falls/5.angel-falls-venezuela.jpg
Venezuela Angel Falls,Venezuela Angel Falls/5.jpg
Venezuela Angel Falls,Venezuela Angel Falls/50.jpg
Venezuela Angel Falls,Venezuela Angel Falls/51.Venezuela.jpg
Venezuela Angel Falls,Venezuela Angel Falls/52.collage.jpg
Venezuela Angel Falls,Venezuela Angel Falls/52.jpg
Venezuela Angel Falls,Venezuela Angel Falls/53.4a7f9ef01c1827743faebba4f7038534.jpg
Venezuela Angel Falls,Venezuela Angel Falls/53.jpg
Venezuela Angel Falls,Venezuela Angel Falls/54.53951.jpg
Venezuela Angel Falls,Venezuela Angel Falls/54.jpg
Venezuela Angel Falls,Venezuela Angel Falls/55.CmEsfRoUgAAlb7x.jpg
Venezuela Angel Falls,Venezuela Angel Falls/55.jpg
Venezuela Angel Falls,Venezuela Angel Falls/56.jpg
Venezuela Angel Falls,Venezuela Angel Falls/56.venezuela_and_3_guyanas_tour.jpg
Venezuela Angel Falls,Venezuela Angel Falls/57.foto_1376057079.jpg
Venezuela Angel Falls,Venezuela Angel Falls/57.jpg
Venezuela Angel Falls,Venezuela Angel Falls/58.angel_fall-29.jpg
Venezuela Angel Falls,Venezuela Angel Falls/58.jpg
Venezuela Angel Falls,Venezuela Angel Falls/59.wtaerfall-feature.jpg
Venezuela Angel Falls,Venezuela Angel Falls/6.23d9b9ee5f4ebadca59b53927d7de0c1.jpg
Venezuela Angel Falls,Venezuela Angel Falls/6.jpg
Venezuela Angel Falls,Venezuela Angel Falls/60.angelpng.jpg
Venezuela Angel Falls,Venezuela Angel Falls/60.jpg
Venezuela Angel Falls,Venezuela Angel Falls/62.Angel_Falls-724x321.jpg
Venezuela Angel Falls,Venezuela Angel Falls/62.jpg
Venezuela Angel Falls,Venezuela Angel Falls/63.Angel-Falls-Venezuela.jpg
Venezuela Angel Falls,Venezuela Angel Falls/63.jpg
Venezuela Angel Falls,Venezuela Angel Falls/64.jpg
Venezuela Angel Falls,Venezuela Angel Falls/65.jpg
Venezuela Angel Falls,Venezuela Angel Falls/65.panorama-clouds-surround-angel-falls-canaima-np-venezuela-dave-welling.jpg
Venezuela Angel Falls,Venezuela Angel Falls/66.jpg
Venezuela Angel Falls,Venezuela Angel Falls/67.jpg
Venezuela Angel Falls,Venezuela Angel Falls/68.jpg
Venezuela Angel Falls,Venezuela Angel Falls/68.saltodelangel_auyantepui2_01.jpg
Venezuela Angel Falls,Venezuela Angel Falls/69.iStock_000035594354_Large-1.jpg
Venezuela Angel Falls,Venezuela Angel Falls/69.jpg
Venezuela Angel Falls,Venezuela Angel Falls/7.image1.jpg
Venezuela Angel Falls,Venezuela Angel Falls/7.jpg
Venezuela Angel Falls,Venezuela Angel Falls/70.4176796264.jpg
Venezuela Angel Falls,Venezuela Angel Falls/70.jpg
Venezuela Angel Falls,Venezuela Angel Falls/71.jpg
Venezuela Angel Falls,Venezuela Angel Falls/72.jpg
Venezuela Angel Falls,Venezuela Angel Falls/73.jpg
Venezuela Angel Falls,Venezuela Angel Falls/74.jpg
Venezuela Angel Falls,Venezuela Angel Falls/75.Angel-Falls-Venezuela.jpg
Venezuela Angel Falls,Venezuela Angel Falls/75.jpg
Venezuela Angel Falls,Venezuela Angel Falls/77.jpg
Venezuela Angel Falls,Venezuela Angel Falls/78.jpeg
Venezuela Angel Falls,Venezuela Angel Falls/79.jpg
Venezuela Angel Falls,Venezuela Angel Falls/8.jpg
Venezuela Angel Falls,Venezuela Angel Falls/80.Met-de-boot-naar-de-Angel-Falls-waterval-in-Canaima-national-park.jpg
Venezuela Angel Falls,Venezuela Angel Falls/80.jpg
Venezuela Angel Falls,Venezuela Angel Falls/81.jpg
Venezuela Angel Falls,Venezuela Angel Falls/82.jpg
Venezuela Angel Falls,Venezuela Angel Falls/83.banner_FLYOVERANGEL2018_1-1170x400.jpg
Venezuela Angel Falls,Venezuela Angel Falls/83.jpg
Venezuela Angel Falls,Venezuela Angel Falls/84.venezuela.cover_.1-660x330.jpg
Venezuela Angel Falls,Venezuela Angel Falls/85.jpg
Venezuela Angel Falls,Venezuela Angel Falls/86.jpg
Venezuela Angel Falls,Venezuela Angel Falls/87.jpg
Venezuela Angel Falls,Venezuela Angel Falls/88.jpg
Venezuela Angel Falls,Venezuela Angel Falls/89.jpg
Venezuela Angel Falls,Venezuela Angel Falls/9.Angel_falls_in_Venezuela_001-640x280.jpg
Venezuela Angel Falls,Venezuela Angel Falls/9.jpg
Venezuela Angel Falls,Venezuela Angel Falls/90.jpg
Venezuela Angel Falls,Venezuela Angel Falls/91.jpg
Venezuela Angel Falls,Venezuela Angel Falls/92.jpg
Venezuela Angel Falls,Venezuela Angel Falls/93.jpg
Venezuela Angel Falls,Venezuela Angel Falls/94.jpg
Venezuela Angel Falls,Venezuela Angel Falls/95.jpg
